id_timingsys,hash_cronomancha,nombre_evento,fecha_evento,nombre_carrera,slug_carrera,modalidad,distancia_metros,lat,lon,finisher_h,finisher_d,total_finishers
767,xxi-cp-santa-eulalia-villares-del-saz-2026,XXI CP SANTA EULALIA - VILLARES DEL SAZ - 2026 ,2026-09-05T00:00:00,XXI CP SANTA EULALIA - VILLARES DEL SAZ - 2026 ,xxi-cp-santa-eulalia-villares-del-saz-2026,A PIE,9000,,,136,47,183
766,v-cp-la-joya-barroca-sisante-2026,V CP LA JOYA BARROCA - SISANTE 2026,2026-08-29T00:00:00,V CP LA JOYA BARROCA - SISANTE 2026,v-cp-la-joya-barroca-sisante-2026,A PIE,9300,,,162,56,218
765,xxii-cp-san-gil-motilla-del-palancar-2026,XXII CP SAN GIL - MOTILLA DEL PALANCAR - 2026,2026-08-22T00:00:00,XXII CP SAN GIL - MOTILLA DEL PALANCAR - 2026,xxii-cp-san-gil-motilla-del-palancar-2026,A PIE,8000,,,208,95,303
797,ix-legua-almarchena-la-almarcha-2026,IX LEGUA ALMARCHEÑA - LA ALMARCHA - 2026,2026-08-20T00:00:00,IX LEGUA ALMARCHEÑA - LA ALMARCHA - 2026,ix-legua-almarchena-la-almarcha-2026,A PIE,5100,39.6860407,-2.3792038,56,14,70
757,4c714b4d,XIV MARCHA MTB V. FUENTELESPINO DE HARO 2026,2026-08-09T00:00:00,XIV MARCHA MTB V. FUENTELESPINO DE HARO 2026 - CORTA,xiv-marcha-mtb-v-fuentelespino-de-haro-2026-corta,BICI (MTB/BTT),20000,39.689785237593405,-2.66968846321106,5,0,5
757,4c714b4d,XIV MARCHA MTB V. FUENTELESPINO DE HARO 2026,2026-08-09T00:00:00,XIV MARCHA MTB V. FUENTELESPINO DE HARO 2026 - EBIKE,xiv-marcha-mtb-v-fuentelespino-de-haro-2026-ebike,BICI (MTB/BTT),40000,39.689785237593405,-2.66968846321106,6,0,6
757,4c714b4d,XIV MARCHA MTB V. FUENTELESPINO DE HARO 2026,2026-08-09T00:00:00,XIV MARCHA MTB V. FUENTELESPINO DE HARO 2026 - LARGA,xiv-marcha-mtb-v-fuentelespino-de-haro-2026-larga,BICI (MTB/BTT),40000,39.689785237593405,-2.66968846321106,52,3,55
786,iv-trail-el-corzo-2026,IV TRAIL EL CORZO 2026,2026-08-09T00:00:00,IV TRAIL EL CORZO 2026,iv-trail-el-corzo-2026,TRAIL,15600,,,46,17,63
763,v-cp-tu-pueblo-amigo-el-peral-2026,V CP Tu Pueblo Amigo/ El Peral - 2026,2026-08-01T00:00:00,V CP Tu Pueblo Amigo/ El Peral - 2026,v-cp-tu-pueblo-amigo-el-peral-2026,A PIE,8200,,,164,65,229
762,xxi-villa-del-campillo-2026,XXI VILLA DEL CAMPILLO - 2026,2026-07-25T00:00:00,XXI VILLA DEL CAMPILLO - 2026,xxi-villa-del-campillo-2026,A PIE,8000,,,212,82,294
740,79ef41c0,II TROFEO MTB MARIANA,2026-07-12T00:00:00,II TROFEO MTB MARIANA - 2026 - GRAVEL,ii-trofeo-mtb-mariana-2026-gravel,BICI (MTB/BTT),42000,,,4,0,4
740,79ef41c0,II TROFEO MTB MARIANA,2026-07-12T00:00:00,II TROFEO MTB MARIANA - 2026 - LARGO,ii-trofeo-mtb-mariana-2026-largo,BICI (MTB/BTT),42000,,,83,3,86
740,79ef41c0,II TROFEO MTB MARIANA,2026-07-12T00:00:00,II TROFEO MTB MARIANA - 2026 - CORTO,ii-trofeo-mtb-mariana-2026-corto,BICI (MTB/BTT),20000,,,32,8,40
740,79ef41c0,II TROFEO MTB MARIANA,2026-07-12T00:00:00,II TROFEO MTB MARIANA - 2026 - E-BIKE,ii-trofeo-mtb-mariana-2026-ebike,BICI (MTB/BTT),42000,,,7,0,7
747,vi-cp-subida-a-la-ermita-2026,VI CP SUBIDA A LA ERMITA - 2026,2026-06-27T00:00:00,VI CP SUBIDA A LA ERMITA - 2026,vi-cp-subida-a-la-ermita-2026,A PIE,8600,,,168,51,219
739,e3246050,MTB VILLALBA DEL REY 2026,2026-06-21T00:00:00,MTB VILLALBA DEL REY - 2026 - CORTO,mtb-villalba-del-rey-2026-corto,BICI (MTB/BTT),20000,,,12,4,16
739,e3246050,MTB VILLALBA DEL REY 2026,2026-06-21T00:00:00,MTB VILLALBA DEL REY - 2026 - EBIKE,mtb-villalba-del-rey-2026-ebike,BICI (MTB/BTT),30000,,,2,0,2
739,e3246050,MTB VILLALBA DEL REY 2026,2026-06-21T00:00:00,MTB VILLALBA DEL REY - 2026 - LARGO,mtb-villalba-del-rey-2026-largo,BICI (MTB/BTT),30000,,,78,3,81
746,xxi-cp-villa-de-minglanilla-2026,XXI CP VILLA DE MINGLANILLA - 2026,2026-06-20T00:00:00,XXI CP VILLA DE MINGLANILLA - 2026,xxi-cp-villa-de-minglanilla-2026,A PIE,8500,,,231,101,332
691,b4125827,IX BETETA BIKEXTREME 2026,2026-06-06T00:00:00,IX BETETA BIKEXTREME 2026 - IND. CORTA,ix-beteta-bikextreme-2026-ind-corta,BICI (MTB/BTT),60000,40.572657,-2.0759798,78,2,80
691,b4125827,IX BETETA BIKEXTREME 2026,2026-06-06T00:00:00,IX BETETA BIKEXTREME 2026 - PAREJAS LARGA,ix-beteta-bikextreme-2026-parejas-larga,BICI (MTB/BTT),100000,40.572657,-2.0759798,8,0,8
691,b4125827,IX BETETA BIKEXTREME 2026,2026-06-06T00:00:00,IX BETETA BIKEXTREME 2026 - IND. LARGA,ix-beteta-bikextreme-2026-ind-larga,BICI (MTB/BTT),100000,40.572657,-2.0759798,29,2,31
691,b4125827,IX BETETA BIKEXTREME 2026,2026-06-06T00:00:00,IX BETETA BIKEXTREME 2026 - PAREJAS CORTA,ix-beteta-bikextreme-2026-parejas-corta,BICI (MTB/BTT),60000,40.572657,-2.0759798,16,0,16
745,xviii-subida-a-los-molinos-m-del-cuervo-2026,XVIII SUBIDA A LOS MOLINOS M. DEL CUERVO - 2026,2026-06-06T00:00:00,XVIII SUBIDA A LOS MOLINOS M. DEL CUERVO - 2026,xviii-subida-a-los-molinos-m-del-cuervo-2026,A PIE,10000,,,253,71,324
733,ix-carrera-popular-benefica-10k,IX CARRERA POPULAR BENÉFICA - 10K,2026-05-24T00:00:00,IX CARRERA POPULAR BENÉFICA - 10K,ix-carrera-popular-benefica-10k,A PIE,10000,39.2193056,-3.5027025,53,13,66
737,c12058ad,II TROFEO BOBAL MTB,2026-05-10T00:00:00,II TROFEO BOBAL MTB - 2026 - LARGA,ii-trofeo-bobal-mtb-2026-larga,BICI (MTB/BTT),38000,,,76,5,81
737,c12058ad,II TROFEO BOBAL MTB,2026-05-10T00:00:00,II TROFEO BOBAL MTB - 2026 - CORTA,ii-trofeo-bobal-mtb-2026-corta,BICI (MTB/BTT),20000,,,23,5,28
737,c12058ad,II TROFEO BOBAL MTB,2026-05-10T00:00:00,II TROFEO BOBAL MTB - 2026 - E-BIKES,ii-trofeo-bobal-mtb-2026-ebikes,BICI (MTB/BTT),40000,,,4,0,4
678,vii-marcha-cicloturista-villa-de-valverde-2026,VII MARCHA CICLOTURISTA VILLA DE VALVERDE - 2026,2026-05-09T00:00:00,VII MARCHA CICLOTURISTA VILLA DE VALVERDE - 2026,vii-marcha-cicloturista-villa-de-valverde-2026,BICI (MTB/BTT),10000,,,64,6,70
706,21c08504,TRAIL SALVATIERRA 2026,2026-05-02T00:00:00,TRAIL SALVATIERRA 2026 - LARGO,trail-salvatierra-2026-largo,TRAIL,22000,,,45,9,54
706,21c08504,TRAIL SALVATIERRA 2026,2026-05-02T00:00:00,TRAIL SALVATIERRA 2026 - CORTO,trail-salvatierra-2026-corto,TRAIL,15000,,,23,17,40
707,b6a0c1ae,6 - CALZADA 2026,2026-05-02T00:00:00,6 - CALZADA - CICLO,6-calzada-ciclo,BICI (MTB/BTT),55000,,,70,3,73
707,b6a0c1ae,6 - CALZADA 2026,2026-05-02T00:00:00,6 - CALZADA - EBIKE,6-calzada-ebike,BICI (MTB/BTT),78000,,,4,0,4
707,b6a0c1ae,6 - CALZADA 2026,2026-05-02T00:00:00,6 - CALZADA - OPEN,6-calzada-open,BICI (MTB/BTT),78000,,,98,3,101
716,2-membrilla-open-btt-cr-2026,2 - MEMBRILLA - OPEN BTT CR 2026,2026-03-15T00:00:00,2 - MEMBRILLA - OPEN BTT CR 2026,2-membrilla-open-btt-cr-2026,BICI (MTB/BTT),56000,,,71,1,72
709,x-subida-al-castillo-de-belmonte-2026,X SUBIDA AL CASTILLO DE BELMONTE - 2026,2026-03-14T00:00:00,X SUBIDA AL CASTILLO DE BELMONTE - 2026,x-subida-al-castillo-de-belmonte-2026,A PIE,8000,,,243,117,360
708,x-cp-de-la-guitarra-espanola-2026,X CP DE LA GUITARRA ESPAÑOLA - 2026,2026-03-07T00:00:00,X CP DE LA GUITARRA ESPAÑOLA - 2026,x-cp-de-la-guitarra-espanola-2026,A PIE,9000,,,268,119,387
704,1-chillon-open-btt-cr-2026,1 - CHILLÓN - OPEN BTT CR 2026,2026-03-01,1 - CHILLÓN - OPEN BTT CR 2026,1-chillon-open-btt-cr-2026,BICI (MTB/BTT),52000,,,96,2,98
699,xiii-cp-villarta-pueblo-de-vinos-2026,XIII CP VILLARTA PUEBLO DE VINOS - 2026,2026-02-28T00:00:00,XIII CP VILLARTA PUEBLO DE VINOS - 2026,xiii-cp-villarta-pueblo-de-vinos-2026,A PIE,8700,,,358,160,518
677,s-silvestre-camp-criptana-25-absoluta,S. SILVESTRE CAMP. CRIPTANA 25 - ABSOLUTA,2025-12-31,S. SILVESTRE CAMP. CRIPTANA 25 - ABSOLUTA,s-silvestre-camp-criptana-25-absoluta,A PIE,4000,39.4052539,-3.1254826,300,166,466
679,san-silvestre-membrilla-absoluta-mas-2025,SAN SILVESTRE MEMBRILLA - ABSOLUTA MAS - 2025,2025-12-31,SAN SILVESTRE MEMBRILLA - ABSOLUTA MAS - 2025,san-silvestre-membrilla-absoluta-mas-2025,A PIE,5000,38.9724781,-3.3464983,102,0,102
680,pavo-cuenca-2025-1630-7km,PAVO CUENCA 2025 - 16:30 - 7KM,2025-12-31,PAVO CUENCA 2025 - 16:30 - 7KM,pavo-cuenca-2025-1630-7km,A PIE,6300,,,932,494,1426
685,san-silvestre-mesena-25-53-km,"SAN SILVESTRE MESEÑA 25 - 5,3 KM",2025-12-31,"SAN SILVESTRE MESEÑA 25 - 5,3 KM",san-silvestre-mesena-25-53-km,A PIE,5300,39.38713784180069,-2.764230966567993,50,19,69
682,carrera-de-navidad-de-manzanares-2025,CARRERA DE NAVIDAD DE MANZANARES 2025,2025-12-21,CARRERA DE NAVIDAD DE MANZANARES 2025,carrera-de-navidad-de-manzanares-2025,A PIE,4500,38.9964358,-3.3721257,106,68,174
676,xix-carrera-de-navidad-jarena-2025,XIX Carrera de Navidad Jareña - 2025,2025-12-20,XIX Carrera de Navidad Jareña - 2025,xix-carrera-de-navidad-jarena-2025,A PIE,6200,39.4410269252872,-1.9580566883371022,126,59,185
641,ii-circuito-mtb-villa-de-minglanilla-2025-lar,II CIRCUITO MTB VILLA DE MINGLANILLA - 2025 - LARGO,2025-11-09,II CIRCUITO MTB VILLA DE MINGLANILLA - 2025 - LARGO,ii-circuito-mtb-villa-de-minglanilla-2025-lar,BICI (MTB/BTT),43000,,,121,2,123
632,vi-edicion-las-10mil-zancadas-de-ledana-2025,VI EDICIÓN LAS 10MIL ZANCADAS DE LEDAÑA -  2025,2025-11-01,VI EDICIÓN LAS 10MIL ZANCADAS DE LEDAÑA -  2025,vi-edicion-las-10mil-zancadas-de-ledana-2025,A PIE,9890,,,239,89,328
631,media-maraton-de-cuenca-2025,MEDIA MARATON DE CUENCA 2025,2025-10-25,MEDIA MARATON DE CUENCA 2025,media-maraton-de-cuenca-2025,A PIE,21097,,,296,50,346
640,xii-trofeo-mtb-ajo-y-agua-2025-largo,XII TROFEO MTB AJO Y AGUA - 2025 - LARGO,2025-10-25,XII TROFEO MTB AJO Y AGUA - 2025 - LARGO,xii-trofeo-mtb-ajo-y-agua-2025-largo,BICI (MTB/BTT),42000,,,102,4,106
630,xxiv-carrera-popular-villa-de-honrubia-2025,XXIV CARRERA POPULAR VILLA DE HONRUBIA -  2025,2025-10-18,XXIV CARRERA POPULAR VILLA DE HONRUBIA -  2025,xxiv-carrera-popular-villa-de-honrubia-2025,A PIE,8200,,,184,76,260
649,piedrabuena-2025,PIEDRABUENA - 2025,2025-10-05,PIEDRABUENA - 2025,piedrabuena-2025,BICI (MTB/BTT),45000,,,55,4,59
629,ix-carrera-popular-tierra-del-vitor-2025,IX CARRERA POPULAR TIERRA DEL VITOR - 2025,2025-10-04,IX CARRERA POPULAR TIERRA DEL VITOR - 2025,ix-carrera-popular-tierra-del-vitor-2025,A PIE,10000,,,140,68,208
608,iii-marcha-h-herrada-cuenca-2025-subida,III MARCHA H. HERRADA - CUENCA 2025 - SUBIDA,2025-10-04,III MARCHA H. HERRADA - CUENCA 2025 - SUBIDA,iii-marcha-h-herrada-cuenca-2025-subida,BICI (MTB/BTT),9000,40.0661031,-2.1313528,520,19,539
647,7-socuellamos-2025-open,7 - SOCUÉLLAMOS - 2025 - OPEN,2025-09-28,7 - SOCUÉLLAMOS - 2025 - OPEN,7-socuellamos-2025-open,BICI (MTB/BTT),73000,,,41,3,44
628,xii-carrera-popular-pinos-de-abdon-2025,XII CARRERA POPULAR PINOS DE ABDON -  2025,2025-09-27,XII CARRERA POPULAR PINOS DE ABDON -  2025,xii-carrera-popular-pinos-de-abdon-2025,A PIE,8800,,,132,59,191
627,iv-carrera-popular-tu-pueblo-amigo-2025,IV CARRERA POPULAR TU PUEBLO AMIGO - 2025,2025-09-13,IV CARRERA POPULAR TU PUEBLO AMIGO - 2025,iv-carrera-popular-tu-pueblo-amigo-2025,A PIE,8200,,,148,70,218
639,xii-mtb-san-ciro-zarzuela-largo-2025,XII MTB SAN CIRO ZARZUELA - LARGO - 2025,2025-09-07,XII MTB SAN CIRO ZARZUELA - LARGO - 2025,xii-mtb-san-ciro-zarzuela-largo-2025,BICI (MTB/BTT),56000,,,75,6,81
626,xx-carrera-popular-santa-eulalia-2025,XX CARRERA POPULAR SANTA EULALIA - 2025,2025-09-06,XX CARRERA POPULAR SANTA EULALIA - 2025,xx-carrera-popular-santa-eulalia-2025,A PIE,9000,,,138,72,210
625,iv-carrera-popular-la-joya-barroca-2025,IV CARRERA POPULAR LA JOYA BARROCA -  2025,2025-08-30,IV CARRERA POPULAR LA JOYA BARROCA -  2025,iv-carrera-popular-la-joya-barroca-2025,A PIE,9400,,,173,64,237
670,xi-triatlon-cross-villa-de-las-mesas-2025-ind,XI TRIATLON CROSS VILLA DE LAS MESAS 2025 - INDIVIDUAL,2025-08-30,XI TRIATLON CROSS VILLA DE LAS MESAS 2025 - INDIVIDUAL,xi-triatlon-cross-villa-de-las-mesas-2025-ind,DUATLON/TRIATLON,20000,39.3879951,-2.7645235,19,4,23
624,xxi-trofeo-san-gil-2025,XXI TROFEO SAN GIL 2025,2025-08-23,XXI TROFEO SAN GIL 2025,xxi-trofeo-san-gil-2025,A PIE,8000,,,234,96,330
655,xiii-marcha-mtb-v-fuentelespino-de-haro-2025,XIII MARCHA MTB V. FUENTELESPINO DE HARO 2025,2025-08-10,XIII MARCHA MTB V. FUENTELESPINO DE HARO 2025,xiii-marcha-mtb-v-fuentelespino-de-haro-2025,BICI (MTB/BTT),40000,39.689785237593405,-2.66968846321106,51,2,53
661,iii-trail-el-corzo-2025,III TRAIL EL CORZO 2025,2025-08-10,III TRAIL EL CORZO 2025,iii-trail-el-corzo-2025,TRAIL,15600,,,51,20,71
623,xli-carrera-popular-villa-de-iniesta-2025,XLI CARRERA POPULAR VILLA DE INIESTA -  2025,2025-08-09,XLI CARRERA POPULAR VILLA DE INIESTA -  2025,xli-carrera-popular-villa-de-iniesta-2025,A PIE,8200,,,261,81,342
622,carrera-popular-los-sanochaores-2025,CARRERA POPULAR LOS SANOCHAORES - 2025,2025-08-02,CARRERA POPULAR LOS SANOCHAORES - 2025,carrera-popular-los-sanochaores-2025,A PIE,9300,,,156,55,211
638,i-trofeo-mtb-mariana-largo,I TROFEO MTB MARIANA -  LARGO,2025-07-20,I TROFEO MTB MARIANA -  LARGO,i-trofeo-mtb-mariana-largo,BICI (MTB/BTT),43000,,,104,4,108
621,xx-carrera-popular-villa-de-campillo-2025,XX CARRERA POPULAR VILLA DE CAMPILLO -  2025,2025-07-19,XX CARRERA POPULAR VILLA DE CAMPILLO -  2025,xx-carrera-popular-villa-de-campillo-2025,A PIE,8000,,,261,87,348
620,xii-carrera-popular-villarta-pueblo-de-vinos,"XII CARRERA POPULAR VILLARTA, PUEBLO DE VINOS -  2025",2025-07-12,"XII CARRERA POPULAR VILLARTA, PUEBLO DE VINOS -  2025",xii-carrera-popular-villarta-pueblo-de-vinos,A PIE,8500,,,268,106,374
619,xx-carrera-popular-de-una-2025,XX CARRERA POPULAR DE UÑA - 2025,2025-07-05,XX CARRERA POPULAR DE UÑA - 2025,xx-carrera-popular-de-una-2025,A PIE,7800,,,241,124,365
590,vii-marcha-cicloturista-villa-de-valverde-202,VII MARCHA CICLOTURISTA VILLA DE VALVERDE - 2025,2025-07-05,VII MARCHA CICLOTURISTA VILLA DE VALVERDE - 2025,vii-marcha-cicloturista-villa-de-valverde-202,BICI (MTB/BTT),,,,168,9,177
665,ii-subida-al-molino-el-puntal-2025-a-pie,II SUBIDA AL MOLINO EL PUNTAL 2025 - A PIE,2025-06-28,II SUBIDA AL MOLINO EL PUNTAL 2025 - A PIE,ii-subida-al-molino-el-puntal-2025-a-pie,A PIE,,,,8,5,13
637,iv-enguidanos-bike-race-2025-largo,IV ENGUÍDANOS BIKE RACE - 2025 - LARGO,2025-06-22,IV ENGUÍDANOS BIKE RACE - 2025 - LARGO,iv-enguidanos-bike-race-2025-largo,BICI (MTB/BTT),39000,,,97,6,103
654,2-herencia-open-btt-cr-2025,2 - HERENCIA - OPEN BTT CR 2025,2025-06-22,2 - HERENCIA - OPEN BTT CR 2025,2-herencia-open-btt-cr-2025,BICI (MTB/BTT),61190,,,55,3,58
618,v-carrera-popular-subida-a-la-ermita-2025,V CARRERA POPULAR SUBIDA A LA ERMITA - 2025,2025-06-21,V CARRERA POPULAR SUBIDA A LA ERMITA - 2025,v-carrera-popular-subida-a-la-ermita-2025,A PIE,8600,,,178,68,246
587,tour-cycling-serrania-conquense-2025,TOUR CYCLING SERRANÍA CONQUENSE 2025,2025-06-15,TOUR CYCLING SERRANÍA CONQUENSE 2025,tour-cycling-serrania-conquense-2025,BICI (MTB/BTT),,,,211,4,215
589,campeonato-de-espana-paramedico-2025,CAMPEONATO DE ESPAÑA PARAMEDICO 2025,2025-06-14,CAMPEONATO DE ESPAÑA PARAMEDICO 2025,campeonato-de-espana-paramedico-2025,BICI (MTB/BTT),70000,,,148,21,169
617,xviii-carrera-popular-villa-de-la-jara-2025,XVIII CARRERA POPULAR VILLA DE LA JARA - 2025,2025-06-14,XVIII CARRERA POPULAR VILLA DE LA JARA - 2025,xviii-carrera-popular-villa-de-la-jara-2025,A PIE,8000,,,262,100,362
663,ix-ciclodeportiva-paco-cerezo-2025,IX CICLODEPORTIVA PACO CEREZO - 2025,2025-06-08,IX CICLODEPORTIVA PACO CEREZO - 2025,ix-ciclodeportiva-paco-cerezo-2025,BICI (MTB/BTT),41000,,,132,6,138
592,viii-beteta-bikextreme-2025-ind-larga,VIII BETETA BIKEXTREME 2025 - IND. LARGA,2025-06-07,VIII BETETA BIKEXTREME 2025 - IND. LARGA,viii-beteta-bikextreme-2025-ind-larga,BICI (MTB/BTT),100000,40.572657,-2.0759798,50,1,51
616,xx-carrera-popular-villa-de-minglanilla-2025,XX CARRERA POPULAR VILLA DE MINGLANILLA - 2025,2025-06-07,XX CARRERA POPULAR VILLA DE MINGLANILLA - 2025,xx-carrera-popular-villa-de-minglanilla-2025,A PIE,8500,,,266,125,391
644,4-membrilla-open-btt-cr-2025,4 - MEMBRILLA - OPEN BTT CR 2025,2025-06-01,4 - MEMBRILLA - OPEN BTT CR 2025,4-membrilla-open-btt-cr-2025,BICI (MTB/BTT),83220,,,43,2,45
636,i-trofeo-mtb-graja-de-iniesta-2025-largo,I TROFEO MTB GRAJA DE INIESTA - 2025 - LARGO,2025-05-25,I TROFEO MTB GRAJA DE INIESTA - 2025 - LARGO,i-trofeo-mtb-graja-de-iniesta-2025-largo,BICI (MTB/BTT),40000,,,94,5,99
666,10k-roquera-villaverde-2025,10K ROQUERA VILLAVERDE 2025,2025-05-25,10K ROQUERA VILLAVERDE 2025,10k-roquera-villaverde-2025,A PIE,10000,,,247,182,429
615,10k-nocturnos-villa-de-san-clemente-2025,10K NOCTURNOS VILLA DE SAN CLEMENTE -  2025,2025-05-24,10K NOCTURNOS VILLA DE SAN CLEMENTE -  2025,10k-nocturnos-villa-de-san-clemente-2025,A PIE,10000,,,229,105,334
635,x-m-jesus-velencoso-y-carlos-garcia-2025-larg,X M. JESÚS VELENCOSO Y CARLOS GARCÍA - 2025 - LARGO,2025-05-18,X M. JESÚS VELENCOSO Y CARLOS GARCÍA - 2025 - LARGO,x-m-jesus-velencoso-y-carlos-garcia-2025-larg,BICI (MTB/BTT),42000,,,95,2,97
614,xvi-10k-la-pita-2025,XVI 10K LA PITA -  2025,2025-05-17,XVI 10K LA PITA -  2025,xvi-10k-la-pita-2025,A PIE,10000,,,207,103,310
588,la-osera-42k-2025,LA OSERA 42K - 2025,2025-05-17,LA OSERA 42K - 2025,la-osera-42k-2025,TRAIL,44000,38.5973677,-2.3458477,74,12,86
605,v-trofeo-mtb-subida-sierra-jaramena-largo,V TROFEO MTB SUBIDA SIERRA JARAMEÑA - LARGO,2025-05-11,V TROFEO MTB SUBIDA SIERRA JARAMEÑA - LARGO,v-trofeo-mtb-subida-sierra-jaramena-largo,BICI (MTB/BTT),32000,,,119,7,126
657,6-calzada-open-btt-cr-2025,6 - CALZADA - OPEN BTT CR 2025,2025-05-11,6 - CALZADA - OPEN BTT CR 2025,6-calzada-open-btt-cr-2025,BICI (MTB/BTT),84000,,,126,4,130
613,xvii-subida-a-los-molinos-de-mota-del-cuervo,XVII SUBIDA A LOS MOLINOS DE MOTA DEL CUERVO,2025-05-10,XVII SUBIDA A LOS MOLINOS DE MOTA DEL CUERVO,xvii-subida-a-los-molinos-de-mota-del-cuervo,A PIE,10060,,,315,131,446
652,ix-urban-trail-moral-extreme-2025,IX  URBAN TRAIL - MORAL EXTREME 2025,2025-05-04,IX  URBAN TRAIL - MORAL EXTREME 2025,ix-urban-trail-moral-extreme-2025,TRAIL,10000,38.8293937,-3.5793395,115,42,157
603,36-hoz-del-huecar-2025,36 HOZ DEL HUECAR 2025.,2025-05-03,36 HOZ DEL HUECAR 2025.,36-hoz-del-huecar-2025,A PIE,14500,40.07426628249674,-2.1360898017883305,357,93,450
634,xvi-marcha-btt-san-marcos-2025-largo,XVI MARCHA BTT SAN MARCOS - 2025 - LARGO,2025-04-27,XVI MARCHA BTT SAN MARCOS - 2025 - LARGO,xvi-marcha-btt-san-marcos-2025-largo,BICI (MTB/BTT),40000,,,90,6,96
612,carrera-popular-la-fuente-2025,CARRERA POPULAR LA FUENTE 2025,2025-04-26,CARRERA POPULAR LA FUENTE 2025,carrera-popular-la-fuente-2025,BICI (MTB/BTT),8460,,,202,88,290
611,xvi-carrera-popular-villa-de-quintanar-del-re,XVI CARRERA POPULAR VILLA DE QUINTANAR DEL REY -  2025,2025-04-12,XVI CARRERA POPULAR VILLA DE QUINTANAR DEL REY -  2025,xvi-carrera-popular-villa-de-quintanar-del-re,A PIE,10000,,,0,0,0
633,xiv-carrera-mtb-virgen-de-rus-largo,XIV CARRERA MTB VIRGEN DE RUS - LARGO,2025-04-06,XIV CARRERA MTB VIRGEN DE RUS - LARGO,xiv-carrera-mtb-virgen-de-rus-largo,BICI (MTB/BTT),42000,,,119,6,125
607,xx-carrera-popular-cesar-cuevas-2025,XX CARRERA POPULAR CESAR CUEVAS - 2025,2025-04-05,XX CARRERA POPULAR CESAR CUEVAS - 2025,xx-carrera-popular-cesar-cuevas-2025,A PIE,7500,,,245,127,372
659,3-campo-de-criptana-open-btt-cr-2025,3 - CAMPO DE CRIPTANA - OPEN BTT CR 2025,2025-03-30,3 - CAMPO DE CRIPTANA - OPEN BTT CR 2025,3-campo-de-criptana-open-btt-cr-2025,BICI (MTB/BTT),45000,,,109,3,112
602,xl-carrera-popular-el-cano,XL CARRERA POPULAR EL CAÑO,2025-03-29,XL CARRERA POPULAR EL CAÑO,xl-carrera-popular-el-cano,A PIE,9820,,,295,128,423
601,ix-subida-al-castillo-de-belmonte-2025,IX SUBIDA AL CASTILLO DE BELMONTE -  2025,2025-03-22,IX SUBIDA AL CASTILLO DE BELMONTE -  2025,ix-subida-al-castillo-de-belmonte-2025,A PIE,7600,,,290,135,425
606,xi-marcha-btt-serrania-predators-largo,XI MARCHA BTT SERRANÍA PREDATORS - LARGO,2025-03-16,XI MARCHA BTT SERRANÍA PREDATORS - LARGO,xi-marcha-btt-serrania-predators-largo,BICI (MTB/BTT),33000,,,66,4,70
599,xxiii-carrera-popular-villa-de-villamayor-de,XXIII CARRERA POPULAR VILLA DE VILLAMAYOR DE SANTIAGO - CCPP 2025,2025-03-15,XXIII CARRERA POPULAR VILLA DE VILLAMAYOR DE SANTIAGO - CCPP 2025,xxiii-carrera-popular-villa-de-villamayor-de,A PIE,10000,,,278,130,408
598,casimarro-circuito-ccpp-2025,CASIMARRO - CIRCUITO CCPP 2025,2025-03-01,CASIMARRO - CIRCUITO CCPP 2025,casimarro-circuito-ccpp-2025,A PIE,8890,,,267,110,377
579,trail-puerta-del-rey-11k-2025,TRAIL PUERTA DEL REY 11K - 2025,2025-02-02,TRAIL PUERTA DEL REY 11K - 2025,trail-puerta-del-rey-11k-2025,TRAIL,11000,,,134,62,196
576,pavo-cuenca-2024-1630-7km,PAVO CUENCA 2024 - 16:30 - 7KM,2024-12-31,PAVO CUENCA 2024 - 16:30 - 7KM,pavo-cuenca-2024-1630-7km,A PIE,7000,,,937,433,1370
581,ssilvestre-camp-criptana-24-absoluta,S.SILVESTRE CAMP. CRIPTANA 24 - ABSOLUTA,2024-12-31,S.SILVESTRE CAMP. CRIPTANA 24 - ABSOLUTA,ssilvestre-camp-criptana-24-absoluta,A PIE,4000,39.4052539,-3.1254826,252,136,388
586,san-silvestre-mesena-24-53-km,"SAN SILVESTRE MESEÑA 24 - 5,3 KM",2024-12-31,"SAN SILVESTRE MESEÑA 24 - 5,3 KM",san-silvestre-mesena-24-53-km,A PIE,5300,39.3614037,-2.1289759,43,14,57
578,carrera-de-navidad-de-manzanares-2024,CARRERA DE NAVIDAD DE MANZANARES 2024,2024-12-22,CARRERA DE NAVIDAD DE MANZANARES 2024,carrera-de-navidad-de-manzanares-2024,A PIE,5900,38.9964358,-3.3721257,81,42,123
573,viii-cp-benefica-arenas-de-san-juan-2024-5-k,VIII C.P. BENÉFICA ARENAS DE SAN JUAN 2024 - 5 K,2024-12-21,VIII C.P. BENÉFICA ARENAS DE SAN JUAN 2024 - 5 K,viii-cp-benefica-arenas-de-san-juan-2024-5-k,A PIE,5000,39.2193056,-3.5027025,50,22,72
572,xviii-carrera-de-navidad-jarena-2024,XVIII Carrera de Navidad Jareña - 2024,2024-12-21,XVIII Carrera de Navidad Jareña - 2024,xviii-carrera-de-navidad-jarena-2024,A PIE,6000,39.4410269252872,-1.9580566883371022,183,87,270
538,i-c-mtb-villa-de-minglanilla-2024-largo,I C. MTB VILLA DE MINGLANILLA - 2024 - LARGO,2024-11-10,I C. MTB VILLA DE MINGLANILLA - 2024 - LARGO,i-c-mtb-villa-de-minglanilla-2024-largo,BICI (MTB/BTT),43330,,,101,3,104
566,zenagas-trail-30k-2024,ZENAGAS TRAIL 30K - 2024,2024-11-10,ZENAGAS TRAIL 30K - 2024,zenagas-trail-30k-2024,TRAIL,30000,38.6852161,-4.1111749,88,18,106
551,trail-fuertescusa-2024-26-k,TRAIL FUERTESCUSA 2024 - 26 K ,2024-11-02,TRAIL FUERTESCUSA 2024 - 26 K ,trail-fuertescusa-2024-26-k,TRAIL,26000,40.4756419,-2.1765193,46,6,52
537,vii-trofeo-mtb-benitense-2024-largo,VII TROFEO MTB BENITENSE - 2024 - LARGO,2024-10-27,VII TROFEO MTB BENITENSE - 2024 - LARGO,vii-trofeo-mtb-benitense-2024-largo,BICI (MTB/BTT),45000,,,87,2,89
562,i-legua-socuellamina-2024,I LEGUA SOCUELLAMINA - 2024,2024-10-27,I LEGUA SOCUELLAMINA - 2024,i-legua-socuellamina-2024,A PIE,5572,,,84,33,117
521,media-maraton-de-cuenca-g-p-de-otono-ciudad-d,MEDIA MARATÓN DE CUENCA  G. P. DE OTOÑO CIUDAD DE CUENCA 2024,2024-10-26,MEDIA MARATÓN DE CUENCA  G. P. DE OTOÑO CIUDAD DE CUENCA 2024,media-maraton-de-cuenca-g-p-de-otono-ciudad-d,A PIE,21000,,,209,39,248
497,11-montiel-open-btt-cr-2024,11 - MONTIEL - OPEN BTT CR 2024,2024-10-20,11 - MONTIEL - OPEN BTT CR 2024,11-montiel-open-btt-cr-2024,BICI (MTB/BTT),48000,,,77,7,84
520,iii-carrera-popular-la-joya-barroca-2024,III CARRERA POPULAR - LA JOYA BARROCA - 2024,2024-10-19,III CARRERA POPULAR - LA JOYA BARROCA - 2024,iii-carrera-popular-la-joya-barroca-2024,A PIE,9300,,,182,91,273
492,10-villarubia-de-los-ojos-open-btt-cr-2024,10 - VILLARUBIA DE LOS OJOS - OPEN BTT CR 2024,2024-10-13,10 - VILLARUBIA DE LOS OJOS - OPEN BTT CR 2024,10-villarubia-de-los-ojos-open-btt-cr-2024,BICI (MTB/BTT),55000,,,63,2,65
536,xii-trofeo-pino-rincon-largo,XII TROFEO PINO RINCÓN - LARGO,2024-10-13,XII TROFEO PINO RINCÓN - LARGO,xii-trofeo-pino-rincon-largo,BICI (MTB/BTT),40000,,,80,1,81
543,maraton-barrancos-villalba-de-la-sierra,MARATON - BARRANCOS VILLALBA DE LA SIERRA,2024-10-13,MARATON - BARRANCOS VILLALBA DE LA SIERRA,maraton-barrancos-villalba-de-la-sierra,BICI (MTB/BTT),60000,40.0661031,-2.1313528,37,4,41
565,x-ccpp-santa-teresa-2024-5k,X CCPP SANTA TERESA 2024 - 5K,2024-10-12,X CCPP SANTA TERESA 2024 - 5K,x-ccpp-santa-teresa-2024-5k,A PIE,5000,,,27,9,36
496,9-piedrabuana-open-btt-cr-2024,9 - PIEDRABUANA - OPEN BTT CR 2024,2024-10-06,9 - PIEDRABUANA - OPEN BTT CR 2024,9-piedrabuana-open-btt-cr-2024,BICI (MTB/BTT),39800,,,93,4,97
519,viii-carrera-popular-tierra-del-vitor-2024,VIII CARRERA POPULAR TIERRA DEL VITOR - 2024,2024-10-05,VIII CARRERA POPULAR TIERRA DEL VITOR - 2024,viii-carrera-popular-tierra-del-vitor-2024,A PIE,10000,,,149,65,214
470,ii-marcha-h-herrada-cuenca-2024-majadas,II MARCHA H. HERRADA - CUENCA 2024 - MAJADAS,2024-10-05,II MARCHA H. HERRADA - CUENCA 2024 - MAJADAS,ii-marcha-h-herrada-cuenca-2024-majadas,BICI (MTB/BTT),11000,40.0661031,-2.1313528,521,20,541
495,8-tomelloso-open-btt-cr-2024,8 - TOMELLOSO - OPEN BTT CR 2024,2024-09-29,8 - TOMELLOSO - OPEN BTT CR 2024,8-tomelloso-open-btt-cr-2024,BICI (MTB/BTT),78030,,,78,5,83
535,vi-marcha-mtb-tierra-de-vitor-largo,VI MARCHA MTB TIERRA DE VÍTOR - LARGO,2024-09-29,VI MARCHA MTB TIERRA DE VÍTOR - LARGO,vi-marcha-mtb-tierra-de-vitor-largo,BICI (MTB/BTT),42000,,,71,3,74
564,palomera-trail-22k-2024,PALOMERA TRAIL 22K - 2024,2024-09-29,PALOMERA TRAIL 22K - 2024,palomera-trail-22k-2024,TRAIL,22000,40.067254,-2.0482866,27,7,34
518,xxiii-carrera-popular-villa-de-honrubia-2024,XXIII CARRERA POPULAR VILLA DE HONRUBIA - 2024,2024-09-28,XXIII CARRERA POPULAR VILLA DE HONRUBIA - 2024,xxiii-carrera-popular-villa-de-honrubia-2024,A PIE,8200,,,179,80,259
494,7-chillon-open-btt-cr-2024,7 - CHILLÓN - OPEN BTT CR 2024,2024-09-22,7 - CHILLÓN - OPEN BTT CR 2024,7-chillon-open-btt-cr-2024,BICI (MTB/BTT),58000,,,72,3,75
517,iii-carrera-popular-tu-pueblo-amigo-2024,III CARRERA POPULAR TU PUEBLO AMIGO - 2024,2024-09-14,III CARRERA POPULAR TU PUEBLO AMIGO - 2024,iii-carrera-popular-tu-pueblo-amigo-2024,A PIE,9000,,,149,51,200
534,iii-enguidanos-bike-race-2024-largo,III ENGUÍDANOS BIKE RACE - 2024 - LARGO,2024-09-08,III ENGUÍDANOS BIKE RACE - 2024 - LARGO,iii-enguidanos-bike-race-2024-largo,BICI (MTB/BTT),61000,,,95,4,99
516,xix-carrera-popular-santa-eulalia-2024,XIX CARRERA POPULAR SANTA EULALIA - 2024,2024-09-07,XIX CARRERA POPULAR SANTA EULALIA - 2024,xix-carrera-popular-santa-eulalia-2024,A PIE,9000,,,154,59,213
563,i-cross-virgen-de-gracia-2024,I CROSS VIRGEN DE GRACIA - 2024,2024-09-07,I CROSS VIRGEN DE GRACIA - 2024,i-cross-virgen-de-gracia-2024,A PIE,3480,,,24,4,28
515,iv-carrera-popular-subida-a-la-ermita-2024,IV CARRERA POPULAR SUBIDA A LA ERMITA - 2024,2024-08-31,IV CARRERA POPULAR SUBIDA A LA ERMITA - 2024,iv-carrera-popular-subida-a-la-ermita-2024,A PIE,8600,,,141,55,196
560,x-triatlon-cross-villa-de-las-mesas-2024-indi,X TRIATLON CROSS VILLA DE LAS MESAS 2024 - INDIVIDUAL,2024-08-24,X TRIATLON CROSS VILLA DE LAS MESAS 2024 - INDIVIDUAL,x-triatlon-cross-villa-de-las-mesas-2024-indi,DUATLON/TRIATLON,,39.3879951,-2.7645235,25,6,31
557,vii-legua-almarchena-la-almarcha-2024,VII LEGUA ALMARCHEÑA - LA ALMARCHA - 2024,2024-08-21,VII LEGUA ALMARCHEÑA - LA ALMARCHA - 2024,vii-legua-almarchena-la-almarcha-2024,A PIE,5100,39.6860407,-2.3792038,35,8,43
514,xx-trofeo-san-gil-xx-babyrun-motillana-2024,XX TROFEO SAN GIL- XX BABYRUN MOTILLANA 2024,2024-08-17,XX TROFEO SAN GIL- XX BABYRUN MOTILLANA 2024,xx-trofeo-san-gil-xx-babyrun-motillana-2024,A PIE,8000,,,194,90,284
556,x-carrera-del-queso-en-aceite-2024-2-vueltas,X CARRERA DEL QUESO EN ACEITE 2024 - 2 VUELTAS,2024-08-13,X CARRERA DEL QUESO EN ACEITE 2024 - 2 VUELTAS,x-carrera-del-queso-en-aceite-2024-2-vueltas,A PIE,5400,,,113,39,152
481,xi-marcha-mtb-v-fuentelespino-de-haro-2024,XI MARCHA MTB V. FUENTELESPINO DE HARO 2024,2024-08-11,XI MARCHA MTB V. FUENTELESPINO DE HARO 2024,xi-marcha-mtb-v-fuentelespino-de-haro-2024,BICI (MTB/BTT),40000,39.689785237593405,-2.66968846321106,61,3,64
548,35-edicion-san-martin-de-boniches,35 EDICIÓN SAN MARTIN DE BONICHES,2024-08-11,35 EDICIÓN SAN MARTIN DE BONICHES,35-edicion-san-martin-de-boniches,A PIE,8000,,,21,14,35
513,xl-carrera-popular-villa-de-iniesta-2024,XL CARRERA POPULAR VILLA DE INIESTA - 2024,2024-08-10,XL CARRERA POPULAR VILLA DE INIESTA - 2024,xl-carrera-popular-villa-de-iniesta-2024,A PIE,8200,,,198,63,261
540,la-nocturna-salinas-del-manzano-2024,LA NOCTURNA - SALINAS DEL MANZANO 2024,2024-08-10,LA NOCTURNA - SALINAS DEL MANZANO 2024,la-nocturna-salinas-del-manzano-2024,TRAIL,,,,52,20,72
541,salinas-bike-2024,SALINAS BIKE 2024,2024-08-10,SALINAS BIKE 2024,salinas-bike-2024,BICI (MTB/BTT),39000,,,56,7,63
512,xix-cp-villa-de-campillo-2024,XIX CP VILLA DE CAMPILLO - 2024,2024-08-03,XIX CP VILLA DE CAMPILLO - 2024,xix-cp-villa-de-campillo-2024,A PIE,8000,,,202,68,270
533,ix-memorial-jesus-velencoso-2024-largo,IX MEMORIAL JESÚS VELENCOSO - 2024 - LARGO,2024-07-28,IX MEMORIAL JESÚS VELENCOSO - 2024 - LARGO,ix-memorial-jesus-velencoso-2024-largo,BICI (MTB/BTT),42000,,,88,3,91
511,carrera-popular-los-sanochaores-2024,CARRERA POPULAR LOS SANOCHAORES - 2024,2024-07-20,CARRERA POPULAR LOS SANOCHAORES - 2024,carrera-popular-los-sanochaores-2024,A PIE,9350,,,110,28,138
510,xi-cp-pinos-de-abdon-2024,XI CP PINOS DE ABDÓN - 2024,2024-07-13,XI CP PINOS DE ABDÓN - 2024,xi-cp-pinos-de-abdon-2024,A PIE,8800,,,157,69,226
532,xi-mtb-san-ciro-zarzuela-largo,XI MTB SAN CIRO ZARZUELA - LARGO,2024-07-07,XI MTB SAN CIRO ZARZUELA - LARGO,xi-mtb-san-ciro-zarzuela-largo,BICI (MTB/BTT),68000,,,65,3,68
542,viii-ciclodeportiva-paco-cerezo,VIII CICLODEPORTIVA PACO CEREZO,2024-07-07,VIII CICLODEPORTIVA PACO CEREZO,viii-ciclodeportiva-paco-cerezo,BICI (MTB/BTT),120000,,,177,14,191
509,xix-carrera-popular-de-una-2024,XIX CARRERA POPULAR DE UÑA - 2024,2024-07-06,XIX CARRERA POPULAR DE UÑA - 2024,xix-carrera-popular-de-una-2024,A PIE,7800,,,263,108,371
545,las-10mil-zancadas-de-ledana-2024,LAS 10MIL ZANCADAS DE LEDAÑA 2024,2024-06-29,LAS 10MIL ZANCADAS DE LEDAÑA 2024,las-10mil-zancadas-de-ledana-2024,A PIE,10000,38.8293937,-3.5793395,84,29,113
531,circuito-mina-romana-mtb-2024-largo,CIRCUITO MINA ROMANA MTB 2024 - LARGO,2024-06-23,CIRCUITO MINA ROMANA MTB 2024 - LARGO,circuito-mina-romana-mtb-2024-largo,BICI (MTB/BTT),32000,,,39,1,40
508,xix-carrera-popular-villa-de-minglanilla-2024,XIX CARRERA POPULAR VILLA DE MINGLANILLA - 2024,2024-06-22,XIX CARRERA POPULAR VILLA DE MINGLANILLA - 2024,xix-carrera-popular-villa-de-minglanilla-2024,A PIE,8500,,,227,88,315
467,memorial-luis-ocana-tc-serrana-conquense-2024,MEMORIAL LUIS OCAÑA - T.C. SERRANA CONQUENSE 2024,2024-06-16,MEMORIAL LUIS OCAÑA - T.C. SERRANA CONQUENSE 2024,memorial-luis-ocana-tc-serrana-conquense-2024,BICI (MTB/BTT),,,,351,10,361
493,6-socuellamos-open-btt-cr-2024,6 - SOCUÉLLAMOS- OPEN BTT CR 2024,2024-06-16,6 - SOCUÉLLAMOS- OPEN BTT CR 2024,6-socuellamos-open-btt-cr-2024,BICI (MTB/BTT),73310,,,95,4,99
507,10k-nocturna-villa-de-san-clemente-2024,10K NOCTURNA VILLA DE SAN CLEMENTE - 2024,2024-06-15,10K NOCTURNA VILLA DE SAN CLEMENTE - 2024,10k-nocturna-villa-de-san-clemente-2024,A PIE,10000,,,238,108,346
469,vii-beteta-bikextreme-2024-larga,VII BETETA BIKEXTREME 2024 - LARGA,2024-06-08,VII BETETA BIKEXTREME 2024 - LARGA,vii-beteta-bikextreme-2024-larga,BICI (MTB/BTT),100000,40.572657,-2.0759798,99,1,100
506,xvii-carrera-popular-villa-de-la-jara-2024,XVII CARRERA POPULAR VILLA DE LA JARA - 2024,2024-06-08,XVII CARRERA POPULAR VILLA DE LA JARA - 2024,xvii-carrera-popular-villa-de-la-jara-2024,A PIE,8000,,,227,102,329
549,carrera-magdala-corre-por-peru-2024,CARRERA - MAGDALA CORRE POR PERÚ 2024,2024-06-08,CARRERA - MAGDALA CORRE POR PERÚ 2024,carrera-magdala-corre-por-peru-2024,TRAIL,10600,,,45,23,68
491,5-solana-del-pino-open-btt-cr-2024,5 - SOLANA DEL PINO - OPEN BTT CR 2024,2024-05-26,5 - SOLANA DEL PINO - OPEN BTT CR 2024,5-solana-del-pino-open-btt-cr-2024,BICI (MTB/BTT),47000,,,90,5,95
505,viii-subida-al-castillo-de-belmonte-2024,VIII SUBIDA AL CASTILLO DE BELMONTE - 2024,2024-05-25,VIII SUBIDA AL CASTILLO DE BELMONTE - 2024,viii-subida-al-castillo-de-belmonte-2024,A PIE,8000,,,176,60,236
472,vi-marcha-cicloturista-villa-de-valverde-2024,VI MARCHA CICLOTURISTA VILLA DE VALVERDE - 2024,2024-05-25,VI MARCHA CICLOTURISTA VILLA DE VALVERDE - 2024,vi-marcha-cicloturista-villa-de-valverde-2024,BICI (MTB/BTT),,,,124,6,130
530,viii-trofeo-mtb-ruta-de-los-dinosaurios-larga,VIII TROFEO MTB RUTA DE LOS DINOSAURIOS LARGA,2024-05-19,VIII TROFEO MTB RUTA DE LOS DINOSAURIOS LARGA,viii-trofeo-mtb-ruta-de-los-dinosaurios-larga,BICI (MTB/BTT),48000,,,56,4,60
523,la-osera-42k-2024,LA OSERA 42K - 2024,2024-05-18,LA OSERA 42K - 2024,la-osera-42k-2024,TRAIL,44000,38.5973677,-2.3458477,70,12,82
522,35-hoz-del-huecar-2024,35 HOZ DEL HUECAR 2024.,2024-05-18,35 HOZ DEL HUECAR 2024.,35-hoz-del-huecar-2024,A PIE,14750,40.07426628249674,-2.1360898017883305,354,92,446
504,xvi-carrera-popular-subida-a-los-molinos-2024,XVI CARRERA POPULAR SUBIDA A LOS MOLINOS - 2024,2024-05-11,XVI CARRERA POPULAR SUBIDA A LOS MOLINOS - 2024,xvi-carrera-popular-subida-a-los-molinos-2024,A PIE,10000,,,228,86,314
529,xc-serrania-conquense-2024-largo,XC SERRANÍA CONQUENSE 2024 - LARGO,2024-05-11,XC SERRANÍA CONQUENSE 2024 - LARGO,xc-serrania-conquense-2024-largo,BICI (MTB/BTT),32500,,,78,4,82
550,llucena-elite-m30-m40-m50-s23-mas,LLUCENA - ELITE - M30 - M40 - M50 - S23 MAS,2024-05-11,LLUCENA - ELITE - M30 - M40 - M50 - S23 MAS,llucena-elite-m30-m40-m50-s23-mas,BICI (MTB/BTT),97000,,,112,0,112
483,xiii-carrera-mtb-virgen-de-rus-largo,XIII CARRERA MTB VIRGEN DE RUS - LARGO,2024-05-05,XIII CARRERA MTB VIRGEN DE RUS - LARGO,xiii-carrera-mtb-virgen-de-rus-largo,BICI (MTB/BTT),41000,,,90,4,94
487,4-calzada-de-cva-open-btt-cr-2024,4 -  CALZADA DE CVA - OPEN BTT CR 2024,2024-05-05,4 -  CALZADA DE CVA - OPEN BTT CR 2024,4-calzada-de-cva-open-btt-cr-2024,BICI (MTB/BTT),84800,,,181,5,186
503,carrera-popular-la-fuente-2024,CARRERA POPULAR LA FUENTE - 2024,2024-05-04,CARRERA POPULAR LA FUENTE - 2024,carrera-popular-la-fuente-2024,A PIE,8500,,,171,72,243
490,3-herencia-open-btt-cr-2024,3 -  HERENCIA - OPEN BTT CR 2024,2024-04-28,3 -  HERENCIA - OPEN BTT CR 2024,3-herencia-open-btt-cr-2024,BICI (MTB/BTT),57900,,,114,4,118
528,xv-marcha-btt-san-marcos-largo,XV MARCHA BTT SAN MARCOS - LARGO,2024-04-28,XV MARCHA BTT SAN MARCOS - LARGO,xv-marcha-btt-san-marcos-largo,BICI (MTB/BTT),40000,,,91,3,94
544,viii-cxm-subida-a-la-cuerda-2024-25k,VIII CXM SUBIDA A LA CUERDA 2024 - 25K,2024-04-28,VIII CXM SUBIDA A LA CUERDA 2024 - 25K,viii-cxm-subida-a-la-cuerda-2024-25k,TRAIL,25000,40.08636648103259,-2.2633820772171025,23,3,26
502,xxxix-carrera-popular-el-cano-2024,XXXIX CARRERA POPULAR EL CAÑO 2024,2024-04-27,XXXIX CARRERA POPULAR EL CAÑO 2024,xxxix-carrera-popular-el-cano-2024,A PIE,10000,,,244,96,340
489,2-almodovar-open-btt-cr-2024,2 -  ALMODOVAR - OPEN BTT CR 2024,2024-04-21,2 -  ALMODOVAR - OPEN BTT CR 2024,2-almodovar-open-btt-cr-2024,BICI (MTB/BTT),36000,,,71,4,75
527,xcm-las-torcas-2024-largo,XCM LAS TORCAS - 2024 - LARGO,2024-04-21,XCM LAS TORCAS - 2024 - LARGO,xcm-las-torcas-2024-largo,BICI (MTB/BTT),50000,,,101,3,104
501,xxii-carrera-popular-villa-de-villamayor-de-s,XXII CARRERA POPULAR VILLA DE VILLAMAYOR DE SANTIAGO - 2024,2024-04-20,XXII CARRERA POPULAR VILLA DE VILLAMAYOR DE SANTIAGO - 2024,xxii-carrera-popular-villa-de-villamayor-de-s,A PIE,10000,,,311,124,435
488,1-membrilla-open-btt-cr-2024,1 - MEMBRILLA - OPEN BTT CR 2024,2024-04-14,1 - MEMBRILLA - OPEN BTT CR 2024,1-membrilla-open-btt-cr-2024,BICI (MTB/BTT),83220,,,115,5,120
473,viii-urban-trail-moral-extreme-2024-comp,VIII URBAN TRAIL - MORAL EXTREME 2024 - COMP,2024-04-14,VIII URBAN TRAIL - MORAL EXTREME 2024 - COMP,viii-urban-trail-moral-extreme-2024-comp,A PIE,10000,38.8293937,-3.5793395,153,73,226
468,marabelix-2024-telarana,MARABELIX 2024 - TELARAÑA,2024-04-13,MARABELIX 2024 - TELARAÑA,marabelix-2024-telarana,BICI (MTB/BTT),70000,,,251,7,258
526,x-marcha-btt-serrania-predators-largo,X MARCHA BTT SERRANÍA PREDATORS - LARGO,2024-04-07,X MARCHA BTT SERRANÍA PREDATORS - LARGO,x-marcha-btt-serrania-predators-largo,BICI (MTB/BTT),36000,,,107,3,110
500,xv-carrera-popular-villa-de-quintanar-del-rey,XV CARRERA POPULAR VILLA DE QUINTANAR DEL REY,2024-04-06,XV CARRERA POPULAR VILLA DE QUINTANAR DEL REY,xv-carrera-popular-villa-de-quintanar-del-rey,A PIE,9300,,,232,121,353
525,xi-trofeo-mtb-ajo-y-agua-2024-largo,XI TROFEO MTB AJO Y AGUA 2024 - LARGO,2024-03-24,XI TROFEO MTB AJO Y AGUA 2024 - LARGO,xi-trofeo-mtb-ajo-y-agua-2024-largo,BICI (MTB/BTT),40000,,,129,7,136
499,xv-10k-la-pita-ccpp-cuenca-2024,XV 10K LA PITA - CCPP CUENCA 2024,2024-03-23,XV 10K LA PITA - CCPP CUENCA 2024,xv-10k-la-pita-ccpp-cuenca-2024,A PIE,10000,,,255,137,392
524,iv-trofeo-mtb-subida-sierra-jaramena-largo-20,IV TROFEO MTB SUBIDA SIERRA JARAMEÑA - LARGO 2024,2024-03-17,IV TROFEO MTB SUBIDA SIERRA JARAMEÑA - LARGO 2024,iv-trofeo-mtb-subida-sierra-jaramena-largo-20,BICI (MTB/BTT),38000,,,138,6,144
485,xix-cp-san-lorenzo-de-la-parrilla-i-memorial,XIX C.P. SAN LORENZO DE LA PARRILLA I MEMORIAL CÉSAR CUEVAS 2024,2024-03-16,XIX C.P. SAN LORENZO DE LA PARRILLA I MEMORIAL CÉSAR CUEVAS 2024,xix-cp-san-lorenzo-de-la-parrilla-i-memorial,A PIE,7700,,,232,99,331
484,viii-carrera-popular-de-la-guitarra-espanola,VIII Carrera Popular de la Guitarra Española - CIRCUITO CCPP 2024,2024-03-09,VIII Carrera Popular de la Guitarra Española - CIRCUITO CCPP 2024,viii-carrera-popular-de-la-guitarra-espanola,A PIE,7600,,,216,80,296
539,vi-cross-de-la-mujer-vicalvaro-2024-6k,VI  CROSS DE LA MUJER - VICÁLVARO 2024 - 6K,2024-03-09,VI  CROSS DE LA MUJER - VICÁLVARO 2024 - 6K,vi-cross-de-la-mujer-vicalvaro-2024-6k,A PIE,6000,,,8,207,215
482,villarta-circuito-ccpp-2024,VILLARTA - CIRCUITO CCPP 2024,2024-03-02,VILLARTA - CIRCUITO CCPP 2024,villarta-circuito-ccpp-2024,A PIE,8500,,,331,143,474
464,v-enduro-mtb-cuenca-scratch-pro,V ENDURO MTB CUENCA - SCRATCH PRO,2024-02-25,V ENDURO MTB CUENCA - SCRATCH PRO,v-enduro-mtb-cuenca-scratch-pro,BICI (MTB/BTT),8910,,,44,2,46
425,trail-puerta-del-rey-14k-2024,TRAIL PUERTA DEL REY 14K - 2024,2024-02-11,TRAIL PUERTA DEL REY 14K - 2024,trail-puerta-del-rey-14k-2024,TRAIL,14000,,,91,34,125
456,7-desafio-trail-trillo-10k-2024,7 DESAFIO TRAIL TRILLO 10K - 2024,2024-01-14,7 DESAFIO TRAIL TRILLO 10K - 2024,7-desafio-trail-trillo-10k-2024,TRAIL,10000,40.7014301,-2.5930177,31,10,41
458,pavo-cuenca-2023-1130-7km,PAVO CUENCA 2023 - 11:30 - 7KM,2023-12-31,PAVO CUENCA 2023 - 11:30 - 7KM,pavo-cuenca-2023-1130-7km,A PIE,7000,,,856,351,1207
460,san-silvestre-membrilla-manga-1-2023,SAN SILVESTRE MEMBRILLA MANGA 1 - 2023,2023-12-31,SAN SILVESTRE MEMBRILLA MANGA 1 - 2023,san-silvestre-membrilla-manga-1-2023,A PIE,5000,38.9724781,-3.3464983,107,0,107
461,ssilvestre-camp-criptana-23-absoluta,S.SILVESTRE CAMP. CRIPTANA 23 - ABSOLUTA,2023-12-31,S.SILVESTRE CAMP. CRIPTANA 23 - ABSOLUTA,ssilvestre-camp-criptana-23-absoluta,A PIE,4000,39.4052539,-3.1254826,227,113,340
462,san-silvestre-mesena-23-53-km,"SAN SILVESTRE MESEÑA 23 - 5,3 KM",2023-12-30,"SAN SILVESTRE MESEÑA 23 - 5,3 KM",san-silvestre-mesena-23-53-km,A PIE,5300,39.3614037,-2.1289759,59,15,74
454,xvii-carrera-de-navidad-jarena-2023,XVII Carrera de Navidad Jareña - 2023,2023-12-16,XVII Carrera de Navidad Jareña - 2023,xvii-carrera-de-navidad-jarena-2023,A PIE,6000,39.4410269252872,-1.9580566883371022,158,90,248
459,carrera-de-navidad-de-manzanares-2023,CARRERA DE NAVIDAD DE MANZANARES 2023,2023-12-10,CARRERA DE NAVIDAD DE MANZANARES 2023,carrera-de-navidad-de-manzanares-2023,A PIE,5900,38.9964358,-3.3721257,91,28,119
345,cxm-palomera-2023-12k,CXM PALOMERA 2023 - 12K,2023-12-03,CXM PALOMERA 2023 - 12K,cxm-palomera-2023-12k,A PIE,12000,40.067254,-2.0482866,71,37,108
347,zenagas-trail-30k-2023,ZENAGAS TRAIL 30K - 2023,2023-11-12,ZENAGAS TRAIL 30K - 2023,zenagas-trail-30k-2023,A PIE,30000,38.6852161,-4.1111749,98,19,117
449,10k-ruidera-2023,10K RUIDERA 2023,2023-11-12,10K RUIDERA 2023,10k-ruidera-2023,A PIE,10000,39.1585549,-3.0214851,62,46,108
339,x-la-degolla-2023,X LA DEGOLLA 2023,2023-11-05,X LA DEGOLLA 2023,x-la-degolla-2023,TRAIL,14000,40.449201,-2.3134558,227,31,258
383,vii-mtb-ruta-de-los-dinosaurios-largo,VII MTB RUTA DE LOS DINOSAURIOS - LARGO,2023-10-28,VII MTB RUTA DE LOS DINOSAURIOS - LARGO,vii-mtb-ruta-de-los-dinosaurios-largo,BICI (MTB/BTT),40000,,,50,3,53
388,xi-trofeo-pino-rincon-2023-largo,XI TROFEO PINO RINCÓN 2023 - LARGO,2023-10-22,XI TROFEO PINO RINCÓN 2023 - LARGO,xi-trofeo-pino-rincon-2023-largo,BICI (MTB/BTT),40000,,,99,5,104
455,xix-lcrm-gobik-bike-maraton,XIX LCRM GOBIK BIKE MARATON.,2023-10-22,XIX LCRM GOBIK BIKE MARATON.,xix-lcrm-gobik-bike-maraton,BICI (MTB/BTT),75000,,,480,9,489
422,10k-cuenca-2023-gran-premio-de-otono,10K CUENCA 2023 - GRAN PREMIO DE OTOÑO,2023-10-21,10K CUENCA 2023 - GRAN PREMIO DE OTOÑO,10k-cuenca-2023-gran-premio-de-otono,A PIE,10000,,,179,78,257
452,10k-corren-tomelloso-2023,10K CORREN TOMELLOSO 2023,2023-10-15,10K CORREN TOMELLOSO 2023,10k-corren-tomelloso-2023,A PIE,10000,,,513,144,657
433,trail-fuertescusa-2023-25-k,TRAIL FUERTESCUSA 2023 - 25 K ,2023-10-15,TRAIL FUERTESCUSA 2023 - 25 K ,trail-fuertescusa-2023-25-k,TRAIL,25000,40.4756419,-2.1765193,38,3,41
417,xxii-carrera-popular-villa-de-honrubia-2023,XXII CARRERA POPULAR VILLA DE HONRUBIA - 2023,2023-10-14,XXII CARRERA POPULAR VILLA DE HONRUBIA - 2023,xxii-carrera-popular-villa-de-honrubia-2023,A PIE,8300,,,147,56,203
421,x-carrera-popular-pinos-de-abdon,X CARRERA POPULAR PINOS DE ABDÓN,2023-10-07,X CARRERA POPULAR PINOS DE ABDÓN,x-carrera-popular-pinos-de-abdon,A PIE,9350,,,112,46,158
361,10-tomelloso-open-cr-btt-2023,10 - TOMELLOSO - OPEN CR BTT 2023,2023-10-01,10 - TOMELLOSO - OPEN CR BTT 2023,10-tomelloso-open-cr-btt-2023,BICI (MTB/BTT),73000,,,109,7,116
420,vii-carrera-popular-tierra-del-vitor-2023,VII CARRERA POPULAR TIERRA DEL VÍTOR 2023,2023-09-30,VII CARRERA POPULAR TIERRA DEL VÍTOR 2023,vii-carrera-popular-tierra-del-vitor-2023,A PIE,10000,,,110,37,147
437,marcha-hermanos-herrada-cuenca-2023-majadas,MARCHA HERMANOS HERRADA - CUENCA 2023 - MAJADAS,2023-09-30,MARCHA HERMANOS HERRADA - CUENCA 2023 - MAJADAS,marcha-hermanos-herrada-cuenca-2023-majadas,BICI (MTB/BTT),128000,40.0661031,-2.1313528,466,20,486
448,5-chillon-open-cr-btt-2023,5 - CHILLÓN - OPEN CR BTT 2023,2023-09-24,5 - CHILLÓN - OPEN CR BTT 2023,5-chillon-open-cr-btt-2023,BICI (MTB/BTT),53000,,,88,3,91
386,iii-trofeo-mtb-subida-a-la-sierra-jaramena-la,III TROFEO MTB SUBIDA A LA SIERRA JARAMEÑA - LARGO,2023-09-24,III TROFEO MTB SUBIDA A LA SIERRA JARAMEÑA - LARGO,iii-trofeo-mtb-subida-a-la-sierra-jaramena-la,BICI (MTB/BTT),38000,,,82,6,88
419,ii-carrera-popular-la-joya-barroca-2023,II CARRERA POPULAR LA JOYA BARROCA - 2023,2023-09-23,II CARRERA POPULAR LA JOYA BARROCA - 2023,ii-carrera-popular-la-joya-barroca-2023,A PIE,9300,,,147,58,205
378,x-mtb-san-ciro-zarzuela-2023-largo,X MTB SAN CIRO ZARZUELA 2023 - LARGO,2023-09-16,X MTB SAN CIRO ZARZUELA 2023 - LARGO,x-mtb-san-ciro-zarzuela-2023-largo,BICI (MTB/BTT),28500,,,55,3,58
438,titan-de-la-mancha-trail-68-k,TITAN DE LA MANCHA - TRAIL- 68 K,2023-09-16,TITAN DE LA MANCHA - TRAIL- 68 K,titan-de-la-mancha-trail-68-k,TRAIL,68000,,,16,2,18
385,ii-enguidanos-bike-race-larga,II ENGUÍDANOS BIKE RACE - LARGA,2023-09-10,II ENGUÍDANOS BIKE RACE - LARGA,ii-enguidanos-bike-race-larga,BICI (MTB/BTT),52000,,,102,3,105
439,6-montiel-open-cr-btt-2023,6 - MONTIEL - OPEN CR BTT 2023,2023-09-10,6 - MONTIEL - OPEN CR BTT 2023,6-montiel-open-cr-btt-2023,BICI (MTB/BTT),53000,,,68,6,74
418,xviii-carrera-popular-santa-eulalia-2023,XVIII CARRERA POPULAR SANTA EULALIA - 2023,2023-09-09,XVIII CARRERA POPULAR SANTA EULALIA - 2023,xviii-carrera-popular-santa-eulalia-2023,A PIE,9000,,,111,46,157
384,vi-marcha-mtb-tierra-de-vitor-larga,VI MARCHA MTB TIERRA DE VÍTOR -- LARGA,2023-09-02,VI MARCHA MTB TIERRA DE VÍTOR -- LARGA,vi-marcha-mtb-tierra-de-vitor-larga,BICI (MTB/BTT),40000,,,65,4,69
416,xix-trofeo-san-gil-xix-babyrun-motillana-2023,XIX TROFEO SAN GIL - XIX BABYRUN MOTILLANA - 2023,2023-08-26,XIX TROFEO SAN GIL - XIX BABYRUN MOTILLANA - 2023,xix-trofeo-san-gil-xix-babyrun-motillana-2023,A PIE,8200,,,176,78,254
442,ix-triatlon-cross-villa-de-las-mesas-2023-ind,IX TRIATLON CROSS VILLA DE LAS MESAS 2023 - INDIVIDUAL,2023-08-25,IX TRIATLON CROSS VILLA DE LAS MESAS 2023 - INDIVIDUAL,ix-triatlon-cross-villa-de-las-mesas-2023-ind,DUATLON/TRIATLON,20000,39.3879951,-2.7645235,30,5,35
443,vi-legua-almarchena-2023,VI LEGUA ALMARCHEÑA 2023.,2023-08-19,VI LEGUA ALMARCHEÑA 2023.,vi-legua-almarchena-2023,A PIE,5000,39.6860407,-2.3792038,32,6,38
423,xi-marcha-mtb-v-de-fuentelespino-de-haro-2023,XI MARCHA MTB V. DE FUENTELESPINO DE HARO 2023,2023-08-13,XI MARCHA MTB V. DE FUENTELESPINO DE HARO 2023,xi-marcha-mtb-v-de-fuentelespino-de-haro-2023,BICI (MTB/BTT),40000,39.689785237593405,-2.66968846321106,52,3,55
415,xxxix-carrera-popular-villa-de-iniesta-2023,XXXIX CARRERA POPULAR VILLA DE INIESTA 2023,2023-08-12,XXXIX CARRERA POPULAR VILLA DE INIESTA 2023,xxxix-carrera-popular-villa-de-iniesta-2023,A PIE,8200,,,189,61,250
426,salinas-bike-2023,SALINAS BIKE 2023,2023-08-12,SALINAS BIKE 2023,salinas-bike-2023,BICI (MTB/BTT),34700,,,42,3,45
427,vii-la-nocturna-salinas-del-manzano-2023,VII LA NOCTURNA - SALINAS DEL MANZANO 2023,2023-08-12,VII LA NOCTURNA - SALINAS DEL MANZANO 2023,vii-la-nocturna-salinas-del-manzano-2023,TRAIL,10200,,,32,9,41
414,xviii-carrera-popular-villa-de-campillo-2023,XVIII CARRERA POPULAR VILLA DE CAMPILLO 2023,2023-08-05,XVIII CARRERA POPULAR VILLA DE CAMPILLO 2023,xviii-carrera-popular-villa-de-campillo-2023,A PIE,8000,,,182,67,249
382,vi-trofeo-mtb-benitense-2023-largo,VI TROFEO MTB BENITENSE - 2023 - LARGO,2023-07-30,VI TROFEO MTB BENITENSE - 2023 - LARGO,vi-trofeo-mtb-benitense-2023-largo,BICI (MTB/BTT),42000,,,101,4,105
413,xlviii-carrera-popular-los-sanochaores-2023,XLVIII CARRERA POPULAR LOS SANOCHAORES 2023,2023-07-29,XLVIII CARRERA POPULAR LOS SANOCHAORES 2023,xlviii-carrera-popular-los-sanochaores-2023,A PIE,9350,,,112,31,143
412,xiv-carrera-popular-villa-de-quintanar-del-re,XIV CARRERA POPULAR VILLA DE QUINTANAR DEL REY,2023-07-22,XIV CARRERA POPULAR VILLA DE QUINTANAR DEL REY,xiv-carrera-popular-villa-de-quintanar-del-re,A PIE,9400,,,143,54,197
381,viii-memorial-jesus-velencoso-2023-largo,VIII MEMORIAL JESÚS VELENCOSO - 2023 - LARGO,2023-07-16,VIII MEMORIAL JESÚS VELENCOSO - 2023 - LARGO,viii-memorial-jesus-velencoso-2023-largo,BICI (MTB/BTT),40000,,,111,4,115
411,iii-carrera-popular-subida-a-la-ermita-2023,III CARRERA POPULAR SUBIDA A LA ERMITA 2023,2023-07-08,III CARRERA POPULAR SUBIDA A LA ERMITA 2023,iii-carrera-popular-subida-a-la-ermita-2023,A PIE,8600,,,148,36,184
380,xiii-trofeo-mtb-villa-de-los-obispos-2023-lar,XIII TROFEO MTB VILLA DE LOS OBISPOS 2023 - LARGO,2023-07-02,XIII TROFEO MTB VILLA DE LOS OBISPOS 2023 - LARGO,xiii-trofeo-mtb-villa-de-los-obispos-2023-lar,BICI (MTB/BTT),41000,,,104,7,111
410,xviii-carrera-popular-de-una-2023,XVIII CARRERA POPULAR DE UÑA - 2023,2023-07-01,XVIII CARRERA POPULAR DE UÑA - 2023,xviii-carrera-popular-de-una-2023,A PIE,7800,,,229,78,307
435,8-carrion-open-cr-btt-2023,8 - CARRIÓN - OPEN CR BTT 2023,2023-06-25,8 - CARRIÓN - OPEN CR BTT 2023,8-carrion-open-cr-btt-2023,BICI (MTB/BTT),60000,,,84,5,89
409,xviii-carrera-popular-villa-de-minglanilla-20,XVIII CARRERA POPULAR VILLA DE MINGLANILLA - 2023,2023-06-24,XVIII CARRERA POPULAR VILLA DE MINGLANILLA - 2023,xviii-carrera-popular-villa-de-minglanilla-20,A PIE,8500,,,174,68,242
434,7-socuellamos-open-cr-btt-2023,7 - SOCUÉLLAMOS - OPEN CR BTT 2023,2023-06-18,7 - SOCUÉLLAMOS - OPEN CR BTT 2023,7-socuellamos-open-cr-btt-2023,BICI (MTB/BTT),73000,,,130,7,137
436,25k-xxxiv-san-antonio-la-florida-2023,"2,5K - XXXIV SAN ANTONIO LA FLORIDA - 2023",2023-06-18,"2,5K - XXXIV SAN ANTONIO LA FLORIDA - 2023",25k-xxxiv-san-antonio-la-florida-2023,A PIE,2500,,,22,19,41
379,ii-trofeo-minero-larga,II TROFEO MINERO - LARGA,2023-06-17,II TROFEO MINERO - LARGA,ii-trofeo-minero-larga,BICI (MTB/BTT),25000,,,45,3,48
408,10k-nocturnos-villa-de-san-clemente-2023,10K NOCTURNOS VILLA DE SAN CLEMENTE 2023,2023-06-10,10K NOCTURNOS VILLA DE SAN CLEMENTE 2023,10k-nocturnos-villa-de-san-clemente-2023,A PIE,10000,,,236,76,312
350,vi-beteta-bikextreme-2023-larga,VI BETETA BIKEXTREME 2023 - LARGA,2023-06-10,VI BETETA BIKEXTREME 2023 - LARGA,vi-beteta-bikextreme-2023-larga,BICI (MTB/BTT),100000,40.572657,-2.0759798,134,3,137
407,xiv-10k-la-pita-el-herrumblar-2023,XIV 10K LA PITA EL HERRUMBLAR 2023,2023-06-03,XIV 10K LA PITA EL HERRUMBLAR 2023,xiv-10k-la-pita-el-herrumblar-2023,A PIE,10000,,,163,75,238
406,carrera-popular-la-fuente-2023,CARRERA POPULAR LA FUENTE 2023,2023-05-27,CARRERA POPULAR LA FUENTE 2023,carrera-popular-la-fuente-2023,A PIE,8470,,,181,61,242
368,34-hoz-del-huecar-2023,34 HOZ DEL HUECAR 2023,2023-05-21,34 HOZ DEL HUECAR 2023,34-hoz-del-huecar-2023,A PIE,14750,40.07426628249674,-2.1360898017883305,392,88,480
377,xc-serrania-conquense-larga,XC SERRANÍA CONQUENSE - LARGA,2023-05-20,XC SERRANÍA CONQUENSE - LARGA,xc-serrania-conquense-larga,BICI (MTB/BTT),32500,,,99,5,104
346,la-osera-42k,LA OSERA 42K,2023-05-20,LA OSERA 42K,la-osera-42k,TRAIL,42000,38.5973677,-2.3458477,68,5,73
405,xvi-carrera-popular-villa-de-la-jara-2023,XVI CARRERA POPULAR VILLA DE LA JARA 2023,2023-05-13,XVI CARRERA POPULAR VILLA DE LA JARA 2023,xvi-carrera-popular-villa-de-la-jara-2023,A PIE,8000,,,227,90,317
357,4-calzada-de-cva-open-cr-btt-2023,4 - CALZADA DE CVA - OPEN CR BTT 2023,2023-05-07,4 - CALZADA DE CVA - OPEN CR BTT 2023,4-calzada-de-cva-open-cr-btt-2023,BICI (MTB/BTT),85000,,,156,4,160
376,ii-xc-las-torcas-2023-larga,II XC LAS TORCAS 2023 - LARGA,2023-05-06,II XC LAS TORCAS 2023 - LARGA,ii-xc-las-torcas-2023-larga,BICI (MTB/BTT),45000,,,113,4,117
402,apoyo-al-acogimiento-familiar-2023,APOYO AL ACOGIMIENTO FAMILIAR 2023,2023-05-06,APOYO AL ACOGIMIENTO FAMILIAR 2023,apoyo-al-acogimiento-familiar-2023,A PIE,5000,,,63,44,107
404,x-carrera-popular-villarta-pueblo-de-vinos-20,"X CARRERA POPULAR VILLARTA, PUEBLO DE VINOS 2023",2023-05-06,"X CARRERA POPULAR VILLARTA, PUEBLO DE VINOS 2023",x-carrera-popular-villarta-pueblo-de-vinos-20,A PIE,9200,,,266,111,377
398,xii-carrera-mtb-virgen-de-rus-2023-larga,XII CARRERA MTB VIRGEN DE RUS 2023 - LARGA.,2023-04-30,XII CARRERA MTB VIRGEN DE RUS 2023 - LARGA.,xii-carrera-mtb-virgen-de-rus-2023-larga,BICI (MTB/BTT),39000,,,124,6,130
344,gigantes-trail-24k,GIGANTES TRAIL 24K,2023-04-30,GIGANTES TRAIL 24K,gigantes-trail-24k,TRAIL,24000,39.4052539,-3.1254826,29,4,33
403,xxxii-carrera-de-romeria-tomelloso,XXXII CARRERA DE ROMERÍA TOMELLOSO,2023-04-29,XXXII CARRERA DE ROMERÍA TOMELLOSO,xxxii-carrera-de-romeria-tomelloso,A PIE,9400,39.1585549,-3.0214851,77,34,111
375,14-marcha-btt-san-marcos-2023-largo,14 MARCHA BTT SAN MARCOS 2023 - LARGO,2023-04-23,14 MARCHA BTT SAN MARCOS 2023 - LARGO,14-marcha-btt-san-marcos-2023-largo,BICI (MTB/BTT),40000,,,148,7,155
396,vii-subida-al-castillo-de-belmonte-2023,VII SUBIDA AL CASTILLO DE BELMONTE  2023,2023-04-23,VII SUBIDA AL CASTILLO DE BELMONTE  2023,vii-subida-al-castillo-de-belmonte-2023,A PIE,8000,,,227,72,299
401,vii-urban-trail-moral-extreme-2023-comp,VII URBAN TRAIL - MORAL EXTREME 2023 - COMP,2023-04-23,VII URBAN TRAIL - MORAL EXTREME 2023 - COMP,vii-urban-trail-moral-extreme-2023-comp,A PIE,10000,38.8293937,-3.5793395,99,29,128
395,xviii-cp-san-lorenzo-de-la-parrilla-2023,XVIII CP SAN LORENZO DE LA PARRILLA 2023,2023-04-15,XVIII CP SAN LORENZO DE LA PARRILLA 2023,xviii-cp-san-lorenzo-de-la-parrilla-2023,A PIE,7300,,,227,86,313
348,marabelix-inverse,MARABELIX INVERSE,2023-04-15,MARABELIX INVERSE,marabelix-inverse,BICI (MTB/BTT),70000,,,233,6,239
374,9-marcha-btt-sta-moya-2023-larga,9 MARCHA BTT STA MOYA 2023 - LARGA,2023-04-01,9 MARCHA BTT STA MOYA 2023 - LARGA,9-marcha-btt-sta-moya-2023-larga,BICI (MTB/BTT),34000,,,105,3,108
394,xxi-ccpp-villa-de-villamayor-de-santiago-2023,XXI CCPP VILLA DE VILLAMAYOR DE SANTIAGO 2023,2023-04-01,XXI CCPP VILLA DE VILLAMAYOR DE SANTIAGO 2023,xxi-ccpp-villa-de-villamayor-de-santiago-2023,A PIE,10000,,,357,142,499
363,3-herencia-open-cr-btt-2023,3 - HERENCIA - OPEN CR BTT 2023,2023-03-26,3 - HERENCIA - OPEN CR BTT 2023,3-herencia-open-cr-btt-2023,BICI (MTB/BTT),53200,,,142,3,145
373,x-trofeo-mtb-ajo-y-agua-larga,X TROFEO MTB AJO Y AGUA - LARGA,2023-03-26,X TROFEO MTB AJO Y AGUA - LARGA,x-trofeo-mtb-ajo-y-agua-larga,BICI (MTB/BTT),45000,,,185,5,190
393,ii-carrera-popular-tu-pueblo-amigo-2023,II CARRERA POPULAR TU PUEBLO AMIGO - 2023,2023-03-26,II CARRERA POPULAR TU PUEBLO AMIGO - 2023,ii-carrera-popular-tu-pueblo-amigo-2023,A PIE,9000,,,234,106,340
343,trail-la-morra-27k-2023,TRAIL LA MORRA 27K - 2023,2023-03-26,TRAIL LA MORRA 27K - 2023,trail-la-morra-27k-2023,TRAIL,27000,39.5409163,-4.3316718,165,16,181
392,xv-carrera-popular-subida-a-los-molinos-2023,XV CARRERA POPULAR SUBIDA A LOS MOLINOS - 2023,2023-03-18,XV CARRERA POPULAR SUBIDA A LOS MOLINOS - 2023,xv-carrera-popular-subida-a-los-molinos-2023,A PIE,10000,,,202,65,267
355,2-solana-del-pino-open-cr-btt-2023,2 - SOLANA DEL PINO - OPEN CR BTT 2023,2023-03-12,2 - SOLANA DEL PINO - OPEN CR BTT 2023,2-solana-del-pino-open-cr-btt-2023,BICI (MTB/BTT),38000,,,101,4,105
369,v-ccross-de-la-mujer-vicalvaro-2023-6k,V CCROSS DE LA MUJER - VICÁLVARO 2023 - 6K,2023-03-11,V CCROSS DE LA MUJER - VICÁLVARO 2023 - 6K,v-ccross-de-la-mujer-vicalvaro-2023-6k,A PIE,6000,,,0,194,194
391,vii-cp-de-la-guitarra-espanola-2023,VII C.P. DE LA GUITARRA ESPAÑOLA - 2023,2023-03-11,VII C.P. DE LA GUITARRA ESPAÑOLA - 2023,vii-cp-de-la-guitarra-espanola-2023,A PIE,9500,,,239,94,333
354,1-almodovar-open-cr-btt-2023,1 - ALMODOVAR - OPEN CR BTT 2023,2023-03-05,1 - ALMODOVAR - OPEN CR BTT 2023,1-almodovar-open-cr-btt-2023,BICI (MTB/BTT),33100,,,77,2,79
367,subida-a-la-cuerda-2023-25-k,SUBIDA A LA CUERDA 2023 - 25 K,2023-03-05,SUBIDA A LA CUERDA 2023 - 25 K,subida-a-la-cuerda-2023-25-k,TRAIL,25890,40.08636648103259,-2.2633820772171025,32,6,38
331,media-maraton-la-sarga-2023,MEDIA MARATÓN LA SARGA 2023,2023-02-26,MEDIA MARATÓN LA SARGA 2023,media-maraton-la-sarga-2023,A PIE,19000,38.455479107610465,-2.51712441444397,54,12,66
330,trail-12k,TRAIL 12K,2023-02-12,TRAIL 12K,trail-12k,TRAIL,12000,,,115,26,141
333,s-silvestre-camp-criptana-22-absoluta,S. SILVESTRE CAMP. CRIPTANA 22 - ABSOLUTA,2022-12-31,S. SILVESTRE CAMP. CRIPTANA 22 - ABSOLUTA,s-silvestre-camp-criptana-22-absoluta,A PIE,4000,39.4052539,-3.1254826,227,105,332
334,pavo-cuenca-2022-1630-7km,PAVO CUENCA 2022 - 16:30 - 7KM,2022-12-31,PAVO CUENCA 2022 - 16:30 - 7KM,pavo-cuenca-2022-1630-7km,A PIE,7000,,,816,338,1154
340,vi-san-silvestre-solidaria-j-manuel-jimenez-l,VI SAN SILVESTRE SOLIDARIA J. MANUEL JIMENEZ. - LAS MESAS 2022,2022-12-31,VI SAN SILVESTRE SOLIDARIA J. MANUEL JIMENEZ. - LAS MESAS 2022,vi-san-silvestre-solidaria-j-manuel-jimenez-l,A PIE,5300,39.3614037,-2.1289759,39,11,50
332,carrera-de-navidad-de-manzanares-2022,CARRERA DE NAVIDAD DE MANZANARES 2022,2022-12-18,CARRERA DE NAVIDAD DE MANZANARES 2022,carrera-de-navidad-de-manzanares-2022,A PIE,5000,38.9964358,-3.3721257,62,32,94
322,cross-popular-camping-caravaning-2022,CROSS POPULAR - CAMPING CARAVANING 2022,2022-12-17,CROSS POPULAR - CAMPING CARAVANING 2022,cross-popular-camping-caravaning-2022,A PIE,6000,39.3946426,-2.0385536,31,3,34
323,xvi-carrera-de-navidad-jarena-2022,XVI Carrera de Navidad Jareña - 2022,2022-12-17,XVI Carrera de Navidad Jareña - 2022,xvi-carrera-de-navidad-jarena-2022,A PIE,6000,39.4410269252872,-1.9580566883371022,86,41,127
315,trail-26-km-valdeolivas-2022,TRAIL 26 KM - VALDEOLIVAS 2022,2022-12-11,TRAIL 26 KM - VALDEOLIVAS 2022,trail-26-km-valdeolivas-2022,TRAIL,26000,40.5054831,-2.4459413,15,1,16
321,cross-popular-villar-de-olalla-2022,CROSS POPULAR - VILLAR DE OLALLA 2022,2022-11-27,CROSS POPULAR - VILLAR DE OLALLA 2022,cross-popular-villar-de-olalla-2022,A PIE,5400,39.3946426,-2.0385536,30,3,33
329,open-btt-cr-carrion-de-calatrava-individual,OPEN BTT CR - CARRIÓN DE CALATRAVA - INDIVIDUAL,2022-11-06,OPEN BTT CR - CARRIÓN DE CALATRAVA - INDIVIDUAL,open-btt-cr-carrion-de-calatrava-individual,BICI (MTB/BTT),63100,39.0183225,-3.8168257,130,10,140
295,v-trail-puerta-del-infierno-26-k,V TRAIL PUERTA DEL INFIERNO - 26 K,2022-10-30,V TRAIL PUERTA DEL INFIERNO - 26 K,v-trail-puerta-del-infierno-26-k,TRAIL,26200,40.4756419,-2.1765193,37,4,41
328,open-btt-cr-torrenueva-individual,OPEN BTT CR - TORRENUEVA - INDIVIDUAL,2022-10-30,OPEN BTT CR - TORRENUEVA - INDIVIDUAL,open-btt-cr-torrenueva-individual,BICI (MTB/BTT),59000,38.6397821,-3.3648129,96,5,101
310,vi-cp-benefica-arenas-de-san-juan-2022-10k,VI C.P. BENÉFICA ARENAS DE SAN JUAN 2022 - 10K,2022-10-29,VI C.P. BENÉFICA ARENAS DE SAN JUAN 2022 - 10K,vi-cp-benefica-arenas-de-san-juan-2022-10k,A PIE,10000,39.2193056,-3.5027025,40,13,53
245,x-trofeo-pino-rincon-mtb-challenge-largo,X TROFEO PINO RINCÓN MTB CHALLENGE - LARGO,2022-10-23,X TROFEO PINO RINCÓN MTB CHALLENGE - LARGO,x-trofeo-pino-rincon-mtb-challenge-largo,BICI (MTB/BTT),39000,,,112,5,117
294,media-maraton-de-cuenca-2022,MEDIA MARATON DE CUENCA - 2022,2022-10-23,MEDIA MARATON DE CUENCA - 2022,media-maraton-de-cuenca-2022,A PIE,21000,,,254,44,298
317,xviii-lcrm-gobik-bike-maraton,XVIII LCRM GOBIK bike MARATON,2022-10-23,XVIII LCRM GOBIK bike MARATON,xviii-lcrm-gobik-bike-maraton,BICI (MTB/BTT),72000,,,559,14,573
309,ix-la-degolla-2022,IX LA DEGOLLA 2022,2022-10-16,IX LA DEGOLLA 2022,ix-la-degolla-2022,TRAIL,14000,40.449201,-2.3134558,174,34,208
326,open-btt-cr-xv-maraton-del-quijote-individual,OPEN BTT CR - XV MARATON DEL QUIJOTE - INDIVIDUAL,2022-10-16,OPEN BTT CR - XV MARATON DEL QUIJOTE - INDIVIDUAL,open-btt-cr-xv-maraton-del-quijote-individual,BICI (MTB/BTT),47000,39.0344592,-4.1753284,112,5,117
293,i-carrera-popular-villa-de-el-peral-2022,I CARRERA POPULAR VILLA DE EL PERAL - 2022,2022-10-15,I CARRERA POPULAR VILLA DE EL PERAL - 2022,i-carrera-popular-villa-de-el-peral-2022,A PIE,9300,,,123,52,175
318,open-btt-ciudad-real-piedrabuena-2022,OPEN BTT CIUDAD REAL - PIEDRABUENA 2022,2022-10-09,OPEN BTT CIUDAD REAL - PIEDRABUENA 2022,open-btt-ciudad-real-piedrabuena-2022,BICI (MTB/BTT),69700,39.0344592,-4.1753284,103,5,108
292,ix-cp-pinos-de-abdon-olmedilla-de-alarcon-202,IX CP PINOS DE ABDÓN - OLMEDILLA DE ALARCÓN 2022,2022-10-08,IX CP PINOS DE ABDÓN - OLMEDILLA DE ALARCÓN 2022,ix-cp-pinos-de-abdon-olmedilla-de-alarcon-202,A PIE,9200,,,149,53,202
244,ii-trofeo-subida-a-la-sierra-jaramena-2022-la,II Trofeo Subida a la Sierra Jarameña - 2022 - LARGO,2022-10-02,II Trofeo Subida a la Sierra Jarameña - 2022 - LARGO,ii-trofeo-subida-a-la-sierra-jaramena-2022-la,BICI (MTB/BTT),38000,,,97,5,102
316,tour-universo-mujer-cuenca,Tour Universo Mujer. Cuenca,2022-10-02,Tour Universo Mujer. Cuenca,tour-universo-mujer-cuenca,A PIE,5000,40.07360538883327,-2.1356928348541264,101,125,226
314,open-btt-tomelloso-2022,OPEN BTT TOMELLOSO - 2022,2022-10-02,OPEN BTT TOMELLOSO - 2022,open-btt-tomelloso-2022,BICI (MTB/BTT),85000,39.14550515180263,-3.0045890808105473,133,4,137
291,i-marcha-p-la-joya-barroca-sisante-2022,I MARCHA P. LA JOYA BARROCA SISANTE 2022,2022-09-24,I MARCHA P. LA JOYA BARROCA SISANTE 2022,i-marcha-p-la-joya-barroca-sisante-2022,A PIE,9300,,,159,52,211
290,10-millas-el-picazo,10 MILLAS EL PICAZO,2022-09-17,10 MILLAS EL PICAZO,10-millas-el-picazo,A PIE,16090,,,99,35,134
243,ix-ruta-btt-ciudad-de-huete-largo,IX Ruta BTT Ciudad de Huete - LARGO,2022-09-11,IX Ruta BTT Ciudad de Huete - LARGO,ix-ruta-btt-ciudad-de-huete-largo,BICI (MTB/BTT),40000,,,61,3,64
304,xxiv-marcha-btt-montes-de-requena-2022,XXIV MARCHA BTT MONTES DE REQUENA 2022,2022-09-11,XXIV MARCHA BTT MONTES DE REQUENA 2022,xxiv-marcha-btt-montes-de-requena-2022,BICI (MTB/BTT),48000,,,203,9,212
289,xvii-carrera-popular-santa-eulalia-villares-2,XVII CARRERA POPULAR SANTA EULALIA - VILLARES 2022,2022-09-10,XVII CARRERA POPULAR SANTA EULALIA - VILLARES 2022,xvii-carrera-popular-santa-eulalia-villares-2,A PIE,9000,,,139,38,177
288,xxi-carrera-popular-villa-de-honrubia-2022,XXI CARRERA POPULAR VILLA DE HONRUBIA 2022,2022-09-03,XXI CARRERA POPULAR VILLA DE HONRUBIA 2022,xxi-carrera-popular-villa-de-honrubia-2022,A PIE,8300,,,158,50,208
164,v-sendas-de-cuenca-2022-maraton,V SENDAS DE CUENCA 2022 - MARATÓN,2022-08-28,V SENDAS DE CUENCA 2022 - MARATÓN,v-sendas-de-cuenca-2022-maraton,BICI (MTB/BTT),82000,,,122,7,129
287,xviii-trofeo-san-gil-motilla,XVIII TROFEO SAN GIL - MOTILLA,2022-08-27,XVIII TROFEO SAN GIL - MOTILLA,xviii-trofeo-san-gil-motilla,A PIE,8000,,,191,58,249
312,viii-triatlon-cross-villa-de-las-mesas-2022-i,VIII TRIATLON CROSS VILLA DE LAS MESAS 2022 - INDIVIDUAL,2022-08-27,VIII TRIATLON CROSS VILLA DE LAS MESAS 2022 - INDIVIDUAL,viii-triatlon-cross-villa-de-las-mesas-2022-i,DUATLON/TRIATLON,,39.3879951,-2.7645235,33,3,36
298,desafio-vertical-huerta-del-marquesado-2022,Desafío Vertical - Huerta del Marquesado 2022,2022-08-21,Desafío Vertical - Huerta del Marquesado 2022,desafio-vertical-huerta-del-marquesado-2022,A PIE,8600,40.1457469,-1.686626,74,24,98
242,ix-mtb-san-ciro-zarzuela-2022-largo,IX MTB San Ciro- Zarzuela 2022 - LARGO,2022-08-20,IX MTB San Ciro- Zarzuela 2022 - LARGO,ix-mtb-san-ciro-zarzuela-2022-largo,BICI (MTB/BTT),39000,,,85,4,89
286,xxxviii-carrera-popular-villa-de-iniesta,XXXVIII CARRERA POPULAR VILLA DE INIESTA,2022-08-20,XXXVIII CARRERA POPULAR VILLA DE INIESTA,xxxviii-carrera-popular-villa-de-iniesta,A PIE,8200,,,193,57,250
241,vii-marcha-mtb-canizares-larga,VII MARCHA MTB CAÑIZARES - LARGA,2022-08-14,VII MARCHA MTB CAÑIZARES - LARGA,vii-marcha-mtb-canizares-larga,BICI (MTB/BTT),34000,,,81,5,86
254,salinas-bike-2022-vi-edicion-salinas-del-manz,SALINAS BIKE 2022. VI EDICION - SALINAS DEL MANZANO 2022 ,2022-08-13,SALINAS BIKE 2022. VI EDICION - SALINAS DEL MANZANO 2022 ,salinas-bike-2022-vi-edicion-salinas-del-manz,BICI (MTB/BTT),38600,,,39,2,41
285,47-carrera-popular-de-cardenete-2022,47 CARRERA POPULAR DE CARDENETE 2022,2022-08-13,47 CARRERA POPULAR DE CARDENETE 2022,47-carrera-popular-de-cardenete-2022,A PIE,9300,,,106,32,138
308,la-nocturna-2022-vi-edicion-salinas-del-manza,LA NOCTURNA 2022. VI EDICION  - SALINAS DEL MANZANO,2022-08-13,LA NOCTURNA 2022. VI EDICION  - SALINAS DEL MANZANO,la-nocturna-2022-vi-edicion-salinas-del-manza,A PIE,,,,20,5,25
299,x-marcha-mtb-villa-de-fuentelespino-de-haro-2,X MARCHA MTB VILLA DE FUENTELESPINO DE HARO 2022,2022-08-07,X MARCHA MTB VILLA DE FUENTELESPINO DE HARO 2022,x-marcha-mtb-villa-de-fuentelespino-de-haro-2,BICI (MTB/BTT),,39.689785237593405,-2.66968846321106,53,3,56
307,ii-carrera-popular-subida-a-la-ermita-2022,II CARRERA POPULAR SUBIDA A LA ERMITA 2022,2022-08-06,II CARRERA POPULAR SUBIDA A LA ERMITA 2022,ii-carrera-popular-subida-a-la-ermita-2022,A PIE,8600,39.719603,-2.5740529,39,4,43
240,xii-trofeo-mtb-villa-de-los-obispos-largo,XII TROFEO MTB VILLA DE LOS OBISPOS - LARGO,2022-07-31,XII TROFEO MTB VILLA DE LOS OBISPOS - LARGO,xii-trofeo-mtb-villa-de-los-obispos-largo,BICI (MTB/BTT),38000,,,112,5,117
305,v-marcha-mtb-la-hontanilla-2022-los-hinojosos,V Marcha MTB La Hontanilla 2022 - Los Hinojosos,2022-07-24,V Marcha MTB La Hontanilla 2022 - Los Hinojosos,v-marcha-mtb-la-hontanilla-2022-los-hinojosos,BICI (MTB/BTT),40000,39.6044249,-2.8261235,145,5,150
283,xv-carrera-popular-villa-de-la-jara,XV CARRERA POPULAR VILLA DE LA JARA,2022-07-23,XV CARRERA POPULAR VILLA DE LA JARA,xv-carrera-popular-villa-de-la-jara,A PIE,8000,,,203,66,269
239,vii-memorial-jesus-velencoso-ledana-largo,VII Memorial Jesús Velencoso - LEDAÑA - LARGO,2022-07-17,VII Memorial Jesús Velencoso - LEDAÑA - LARGO,vii-memorial-jesus-velencoso-ledana-largo,BICI (MTB/BTT),40000,,,103,5,108
282,xvii-carrera-popular-villa-de-minglanilla,XVII CARRERA POPULAR VILLA DE MINGLANILLA,2022-07-16,XVII CARRERA POPULAR VILLA DE MINGLANILLA,xvii-carrera-popular-villa-de-minglanilla,A PIE (TRAIL/RUNNING),8500,,,145,58,203
302,open-btt-ciudad-real-montiel-2022-individual,OPEN BTT CIUDAD REAL - MONTIEL 2022 - INDIVIDUAL,2022-07-03,OPEN BTT CIUDAD REAL - MONTIEL 2022 - INDIVIDUAL,open-btt-ciudad-real-montiel-2022-individual,BICI (MTB/BTT),51500,38.6981136,-2.8652537,103,4,107
238,v-trofeo-mtb-benitense-2022-largo,V Trofeo MTB Benitense 2022 - LARGO,2022-07-03,V Trofeo MTB Benitense 2022 - LARGO,v-trofeo-mtb-benitense-2022-largo,BICI (MTB/BTT),45000,,,108,6,114
281,xvii-carrera-popular-de-una-2022,XVII CARRERA POPULAR DE UÑA 2022,2022-07-02,XVII CARRERA POPULAR DE UÑA 2022,xvii-carrera-popular-de-una-2022,A PIE,7800,,,217,75,292
237,ix-trofeo-mtb-belmonte-nature-largo,IX TROFEO MTB BELMONTE NATURE - LARGO,2022-06-26,IX TROFEO MTB BELMONTE NATURE - LARGO,ix-trofeo-mtb-belmonte-nature-largo,BICI (MTB/BTT),40000,,,114,6,120
301,open-chillon-iv-btt-la-botana,OPEN CHILLON - IV BTT LA BOTANA.,2022-06-26,OPEN CHILLON - IV BTT LA BOTANA.,open-chillon-iv-btt-la-botana,BICI (MTB/BTT),60000,38.7967523,-4.8669119,74,5,79
280,xiii-carrera-popular-villa-de-quintanar-del-r,XIII CARRERA POPULAR VILLA DE QUINTANAR DEL REY,2022-06-25,XIII CARRERA POPULAR VILLA DE QUINTANAR DEL REY,xiii-carrera-popular-villa-de-quintanar-del-r,A PIE,10000,,,176,49,225
236,viii-marcha-btt-santa-cruz-de-moya-largo,VIII MARCHA BTT SANTA CRUZ DE MOYA - LARGO,2022-06-19,VIII MARCHA BTT SANTA CRUZ DE MOYA - LARGO,viii-marcha-btt-santa-cruz-de-moya-largo,BICI (MTB/BTT),39000,,,60,3,63
279,carrera-nocturna-10k-villa-de-san-clemente-20,CARRERA NOCTURNA 10K VILLA DE SAN CLEMENTE 2022,2022-06-18,CARRERA NOCTURNA 10K VILLA DE SAN CLEMENTE 2022,carrera-nocturna-10k-villa-de-san-clemente-20,A PIE,10000,,,225,58,283
271,vi-subida-al-castillo-de-belmonte-2022,VI SUBIDA AL CASTILLO DE BELMONTE 2022,2022-06-05,VI SUBIDA AL CASTILLO DE BELMONTE 2022,vi-subida-al-castillo-de-belmonte-2022,A PIE,8000,,,163,44,207
296,cr-btt-2022-socuellamos-individual,CR BTT 2022 - SOCUÉLLAMOS - INDIVIDUAL,2022-06-05,CR BTT 2022 - SOCUÉLLAMOS - INDIVIDUAL,cr-btt-2022-socuellamos-individual,BICI (MTB/BTT),73000,39.28302628280559,-2.7952659127769635,121,6,127
257,beteta-xc-largo-2022,BETETA XC LARGO 2022,2022-06-04,BETETA XC LARGO 2022,beteta-xc-largo-2022,BICI (MTB/BTT),36000,40.572657,-2.0759798,18,1,19
235,vi-trofeo-mtb-ruta-de-los-dinosaurios-largo,VI Trofeo MTB Ruta de los Dinosaurios - LARGO,2022-05-29,VI Trofeo MTB Ruta de los Dinosaurios - LARGO,vi-trofeo-mtb-ruta-de-los-dinosaurios-largo,BICI (MTB/BTT),38000,,,82,4,86
270,vi-carrera-popular-tierra-del-vitor-horcajo,VI CARRERA POPULAR TIERRA DEL VÍTOR - HORCAJO,2022-05-28,VI CARRERA POPULAR TIERRA DEL VÍTOR - HORCAJO,vi-carrera-popular-tierra-del-vitor-horcajo,A PIE,10000,,,131,35,166
177,hoz-del-huecar-2022,HOZ DEL HUECAR 2022,2022-05-22,HOZ DEL HUECAR 2022,hoz-del-huecar-2022,A PIE,14750,,,418,110,528
234,i-circuito-mtb-mina-romana-largo,I Circuito MTB Mina Romana - LARGO,2022-05-21,I Circuito MTB Mina Romana - LARGO,i-circuito-mtb-mina-romana-largo,BICI (MTB/BTT),36000,,,63,5,68
263,circuit-valencia-marcha-casinos-2022-individu,CIRCUIT VALENCIA - MARCHA CASINOS 2022 - INDIVIDUAL,2022-05-15,CIRCUIT VALENCIA - MARCHA CASINOS 2022 - INDIVIDUAL,circuit-valencia-marcha-casinos-2022-individu,BICI (MTB/BTT),40000,,,234,8,242
269,xxxvii-carrera-popular-el-cano-2022,XXXVII CARRERA POPULAR EL CAÑO 2022,2022-05-14,XXXVII CARRERA POPULAR EL CAÑO 2022,xxxvii-carrera-popular-el-cano-2022,A PIE (TRAIL/RUNNING),10000,,,226,67,293
265,circuit-valencia-marcha-lliria-2022-electrica,CIRCUIT VALENCIA - MARCHA LLIRIA 2022 - ELÉCTRICAS,2022-05-14,CIRCUIT VALENCIA - MARCHA LLIRIA 2022 - ELÉCTRICAS,circuit-valencia-marcha-lliria-2022-electrica,BICI (MTB/BTT),28000,,,22,2,24
276,circuit-valencia-marcha-yatova-2022-electrica,CIRCUIT VALENCIA - MARCHA YATOVA 2022 - ELÉCTRICAS,2022-05-08,CIRCUIT VALENCIA - MARCHA YATOVA 2022 - ELÉCTRICAS,circuit-valencia-marcha-yatova-2022-electrica,BICI (MTB/BTT),28000,,,22,3,25
226,cr-btt-2022-calzada-individual,CR BTT 2022 - CALZADA - INDIVIDUAL,2022-05-08,CR BTT 2022 - CALZADA - INDIVIDUAL,cr-btt-2022-calzada-individual,BICI (MTB/BTT),85000,38.7043087,-3.7766972,236,4,240
268,carrera-popular-la-fuente-2022,CARRERA POPULAR LA FUENTE 2022,2022-05-07,CARRERA POPULAR LA FUENTE 2022,carrera-popular-la-fuente-2022,A PIE,8470,,,188,52,240
256,ix-carrera-popular-villarta-pueblo-de-vinos,"IX CARRERA POPULAR VILLARTA, PUEBLO DE VINOS",2022-05-01,"IX CARRERA POPULAR VILLARTA, PUEBLO DE VINOS",ix-carrera-popular-villarta-pueblo-de-vinos,A PIE,9200,,,208,81,289
233,v-marcha-tierra-del-vitor-largo,V Marcha Tierra del Vítor - LARGO,2022-04-30,V Marcha Tierra del Vítor - LARGO,v-marcha-tierra-del-vitor-largo,BICI (MTB/BTT),42000,,,127,7,134
261,cam-prov-ciclismo-mtb-mira-infantil,CAM. PROV. CICLISMO MTB - MIRA - INFANTIL,2022-04-30,CAM. PROV. CICLISMO MTB - MIRA - INFANTIL,cam-prov-ciclismo-mtb-mira-infantil,BICI (MTB/BTT),9650,,,4,3,7
232,xiii-marcha-btt-san-marcos-largo,XIII MARCHA BTT SAN MARCOS - LARGO,2022-04-24,XIII MARCHA BTT SAN MARCOS - LARGO,xiii-marcha-btt-san-marcos-largo,BICI (MTB/BTT),34000,,,131,5,136
277,cr-btt-2022-almodovar-individual,CR BTT 2022 - ALMODOVAR - INDIVIDUAL,2022-04-24,CR BTT 2022 - ALMODOVAR - INDIVIDUAL,cr-btt-2022-almodovar-individual,BICI (MTB/BTT),38000,38.7083953,-4.1760555,63,1,64
260,cam-prov-ciclismo-en-ruta-arguisuelas-alevine,CAM. PROV. CICLISMO EN RUTA  - ARGUISUELAS - ALEVÍNES,2022-04-24,CAM. PROV. CICLISMO EN RUTA  - ARGUISUELAS - ALEVÍNES,cam-prov-ciclismo-en-ruta-arguisuelas-alevine,BICI (MTB/BTT),775,,,6,5,11
250,xvii-carrera-popular-de-san-lorenzo-de-la-par,XVII CARRERA POPULAR DE SAN LORENZO DE LA PARRILLA,2022-04-23,XVII CARRERA POPULAR DE SAN LORENZO DE LA PARRILLA,xvii-carrera-popular-de-san-lorenzo-de-la-par,A PIE,7300,,,195,62,257
266,xxxi-carreramarcha-popular-romeria-de-tomello,XXXI CARRERA-MARCHA POPULAR ROMERÍA DE TOMELLOSO,2022-04-23,XXXI CARRERA-MARCHA POPULAR ROMERÍA DE TOMELLOSO,xxxi-carreramarcha-popular-romeria-de-tomello,A PIE,5000,39.1585549,-3.0214851,86,46,132
231,i-maraton-mtb-carboneras-de-guadazaon-largo,I Maratón MTB Carboneras de Guadazaón - LARGO,2022-04-10,I Maratón MTB Carboneras de Guadazaón - LARGO,i-maraton-mtb-carboneras-de-guadazaon-largo,BICI (MTB/BTT),63000,,,135,4,139
249,xx-carrera-popular-villa-de-villamayor-de-san,XX CARRERA POPULAR VILLA DE VILLAMAYOR DE SANTIAGO ,2022-04-09,XX CARRERA POPULAR VILLA DE VILLAMAYOR DE SANTIAGO ,xx-carrera-popular-villa-de-villamayor-de-san,A PIE,10000,,,302,88,390
248,xiv-carrera-popular-subida-a-los-molinos,XIV CARRERA POPULAR SUBIDA A LOS MOLINOS,2022-04-03,XIV CARRERA POPULAR SUBIDA A LOS MOLINOS,xiv-carrera-popular-subida-a-los-molinos,A PIE,10000,,,243,77,320
230,ix-trofeo-mtb-ajo-y-agua-las-pedroneras-largo,IX Trofeo MTB Ajo y Agua - LAS PEDROÑERAS - LARGO,2022-03-27,IX Trofeo MTB Ajo y Agua - LAS PEDROÑERAS - LARGO,ix-trofeo-mtb-ajo-y-agua-las-pedroneras-largo,BICI (MTB/BTT),45000,,,151,6,157
223,cr-btt-2022-fuente-el-fresno-individual,CR BTT 2022 - FUENTE EL FRESNO - INDIVIDUAL,2022-03-27,CR BTT 2022 - FUENTE EL FRESNO - INDIVIDUAL,cr-btt-2022-fuente-el-fresno-individual,BICI (MTB/BTT),49200,39.2276397,-3.7741252,158,4,162
247,xiii-10k-la-pita-el-herrumblar-2022,XIII 10K LA PITA - EL HERRUMBLAR 2022,2022-03-20,XIII 10K LA PITA - EL HERRUMBLAR 2022,xiii-10k-la-pita-el-herrumblar-2022,A PIE,10000,,,136,55,191
229,i-maraton-xcm-las-torcas-sisante-largo,I Maratón XCM Las Torcas - SISANTE- LARGO,2022-03-13,I Maratón XCM Las Torcas - SISANTE- LARGO,i-maraton-xcm-las-torcas-sisante-largo,BICI (MTB/BTT),52000,,,169,9,178
219,cr-btt-2022-herencia-individual,CR BTT 2022 - HERENCIA - INDIVIDUAL,2022-03-13,CR BTT 2022 - HERENCIA - INDIVIDUAL,cr-btt-2022-herencia-individual,BICI (MTB/BTT),54000,39.3679627,-3.3550331,147,2,149
225,vi-carrera-popular-de-la-guitarra-espanola-ca,VI CARRERA POPULAR DE LA GUITARRA ESPAÑOLA - CASASIMARRO,2022-03-12,VI CARRERA POPULAR DE LA GUITARRA ESPAÑOLA - CASASIMARRO,vi-carrera-popular-de-la-guitarra-espanola-ca,A PIE,9500,,,187,57,244
222,xi-carrera-mtb-virgen-de-rus-largo,XI Carrera MTB Virgen de Rus - LARGO,2022-03-06,XI Carrera MTB Virgen de Rus - LARGO,xi-carrera-mtb-virgen-de-rus-largo,BICI (MTB/BTT),40000,,,159,6,165
228,cr-btt-2022-solana-del-pino-individual,CR BTT 2022 - SOLANA DEL PINO - INDIVIDUAL,2022-03-06,CR BTT 2022 - SOLANA DEL PINO - INDIVIDUAL,cr-btt-2022-solana-del-pino-individual,BICI (MTB/BTT),40000,38.4661568,-4.0745968,151,2,153
176,circuit-valencia-marcha-torrent-2022-individu,CIRCUIT VALENCIA - MARCHA TORRENT 2022 - INDIVIDUAL,2022-01-23,CIRCUIT VALENCIA - MARCHA TORRENT 2022 - INDIVIDUAL,circuit-valencia-marcha-torrent-2022-individu,BICI (MTB/BTT),37000,,,421,10,431
175,circuit-valencia-crono-torrent-2022-individua,CIRCUIT VALENCIA - CRONO TORRENT 2022 - INDIVIDUAL,2022-01-22,CIRCUIT VALENCIA - CRONO TORRENT 2022 - INDIVIDUAL,circuit-valencia-crono-torrent-2022-individua,BICI (MTB/BTT),9000,,,162,4,166
151,circuit-valencia-la-pobla-2022-individual,CIRCUIT VALENCIA - LA POBLA 2022 - INDIVIDUAL,2022-01-09,CIRCUIT VALENCIA - LA POBLA 2022 - INDIVIDUAL,circuit-valencia-la-pobla-2022-individual,BICI (MTB/BTT),35000,,,389,16,405
163,grupo-surco-ii-a-san-silvestre-tomellosera,GRUPO SURCO II ª SAN SILVESTRE TOMELLOSERA,2021-12-31,GRUPO SURCO II ª SAN SILVESTRE TOMELLOSERA,grupo-surco-ii-a-san-silvestre-tomellosera,A PIE,5000,,,180,93,273
150,san-silvestre-membrilla-manga-1-2021,SAN SILVESTRE MEMBRILLA MANGA 1 - 2021,2021-12-31,SAN SILVESTRE MEMBRILLA MANGA 1 - 2021,san-silvestre-membrilla-manga-1-2021,A PIE,5000,38.9724781,-3.3464983,67,0,67
171,pavo-cuenca-2021-1630-7km,PAVO CUENCA 2021 - 16:30 - 7KM,2021-12-31,PAVO CUENCA 2021 - 16:30 - 7KM,pavo-cuenca-2021-1630-7km,A PIE,7000,,,528,215,743
125,carrera-popular-jarena-2021-hemos-vuelto,CARRERA POPULAR JAREÑA 2021 - HEMOS VUELTO,2021-12-18,CARRERA POPULAR JAREÑA 2021 - HEMOS VUELTO,carrera-popular-jarena-2021-hemos-vuelto,A PIE,6000,39.4410269252872,-1.9580566883371022,90,45,135
149,ruta-del-pavo-btt-cc-sport-tomelloso,RUTA DEL PAVO BTT - C.C. SPORT TOMELLOSO,2021-12-12,RUTA DEL PAVO BTT - C.C. SPORT TOMELLOSO,ruta-del-pavo-btt-cc-sport-tomelloso,BICI (MTB/BTT),40000,,,79,6,85
112,degolla-2021,DEGOLLÁ 2021,2021-11-28,DEGOLLÁ 2021,degolla-2021,TRAIL,14000,40.449201,-2.3134558,302,61,363
121,zenagas-2021-21k,ZENAGAS 2021 - 21K.,2021-11-07,ZENAGAS 2021 - 21K.,zenagas-2021-21k,TRAIL,21000,38.62847,-4.1103076,241,54,295
119,v-carrera-popular-de-la-guitarra-espanola,V CARRERA POPULAR DE LA GUITARRA ESPAÑOLA,2021-11-06,V CARRERA POPULAR DE LA GUITARRA ESPAÑOLA,v-carrera-popular-de-la-guitarra-espanola,A PIE,9500,39.38694850608809,-2.0448702571573385,88,29,117
126,mamocu-2021-10k,MAMOCU 2021 - 10K,2021-10-24,MAMOCU 2021 - 10K,mamocu-2021-10k,TRAIL,10000,40.07251802477121,-2.141283750620018,88,40,128
98,1a-batalla-de-montiel-2021,1ª BATALLA DE MONTIEL 2021,2021-10-23,1ª BATALLA DE MONTIEL 2021,1a-batalla-de-montiel-2021,BICI (MTB/BTT),50000,38.6982832,-2.8650525,64,3,67
127,mini-enduoro-cuenca-2021-tc1,MINI ENDUORO CUENCA 2021 - TC1,2021-10-17,MINI ENDUORO CUENCA 2021 - TC1,mini-enduoro-cuenca-2021-tc1,BICI (MTB/BTT),3500,39.3946426,-2.0385536,71,10,81
102,prueba-ranking-fedme,PRUEBA RANKING FEDME,2021-10-09,PRUEBA RANKING FEDME,prueba-ranking-fedme,A PIE,2400,38.5815065,-2.2129227,36,12,48
99,vertical-la-sarga,Vertical La Sarga,2021-10-02,Vertical La Sarga,vertical-la-sarga,TRAIL,,38.455479107610465,-2.51712441444397,32,11,43
61,carrera-xmontana-palomera-21k,CARRERA XMONTAÑA PALOMERA - 21K,2021-09-12,CARRERA XMONTAÑA PALOMERA - 21K,carrera-xmontana-palomera-21k,TRAIL,21000,40.06676209423449,-2.047866582870484,83,12,95
100,viii-cp-villarta-pueblo-de-vinos-2021,VIII C.P. VILLARTA PUEBLO DE VINOS 2021,2021-08-22,VIII C.P. VILLARTA PUEBLO DE VINOS 2021,viii-cp-villarta-pueblo-de-vinos-2021,A PIE,9200,39.442374251466674,-1.6515541076660158,156,62,218
103,ix-marcha-mtb-villa-de-fuentelespino-promesas,IX MARCHA MTB VILLA DE FUENTELESPINO - PROMESAS,2021-08-22,IX MARCHA MTB VILLA DE FUENTELESPINO - PROMESAS,ix-marcha-mtb-villa-de-fuentelespino-promesas,BICI (MTB/BTT),22500,39.689785237593405,-2.66968846321106,5,0,5
107,iniesta-2021-mini-peques,INIESTA 2021 - MINI PEQUES,2021-08-21,INIESTA 2021 - MINI PEQUES,iniesta-2021-mini-peques,A PIE,100,39.444555,-1.7487477,25,8,33
106,ii-quedada-benefica-villa-de-quintanar-del-re,II QUEDADA BENÉFICA VILLA DE QUINTANAR DEL REY,2021-08-14,II QUEDADA BENÉFICA VILLA DE QUINTANAR DEL REY,ii-quedada-benefica-villa-de-quintanar-del-re,BICI (MTB/BTT),34000,39.3509377608522,-1.9313621520996096,131,10,141
108,triatlon-cross-el-torno-2021-individual,TRIATLON CROSS EL TORNO 2021 - INDIVIDUAL,2021-07-31,TRIATLON CROSS EL TORNO 2021 - INDIVIDUAL,triatlon-cross-el-torno-2021-individual,DUATLON/TRIATLON,25700,39.25618920606951,-4.257096990702511,24,2,26
72,manga-1-villarobledo-3-vueltas-2021,MANGA 1 VILLAROBLEDO - 3 VUELTAS 2021,2021-06-27,MANGA 1 VILLAROBLEDO - 3 VUELTAS 2021,manga-1-villarobledo-3-vueltas-2021,BICI (MTB/BTT),13000,,,31,4,35
87,trail-la-osera-48k,TRAIL LA OSERA 48K,2021-05-30,TRAIL LA OSERA 48K,trail-la-osera-48k,TRAIL,48000,38.59928112266226,-2.3413324356079106,159,16,175
96,manga-1-belmonte-2-vueltas-2021,MANGA 1 BELMONTE - 2 VUELTAS 2021,2021-05-29,MANGA 1 BELMONTE - 2 VUELTAS 2021,manga-1-belmonte-2-vueltas-2021,BICI (MTB/BTT),11600,,,0,7,7
91,ultra-maraton,ULTRA MARATÓN,2021-05-22,ULTRA MARATÓN,ultra-maraton,BICI (MTB/BTT),250000,,,95,2,97
94,manga-1-hellin-3-vueltas-2021,MANGA 1 HELLIN - 3 VUELTAS 2021,2021-05-16,MANGA 1 HELLIN - 3 VUELTAS 2021,manga-1-hellin-3-vueltas-2021,BICI (MTB/BTT),17400,,,41,8,49
93,manga-1-santa-maria-3-vueltas-2021,MANGA 1 SANTA MARÍA - 3 VUELTAS 2021,2021-04-18,MANGA 1 SANTA MARÍA - 3 VUELTAS 2021,manga-1-santa-maria-3-vueltas-2021,BICI (MTB/BTT),18600,,,71,5,76
90,manga-1-illescas-2-vueltas-2021,MANGA 1 ILLESCAS 2 VUELTAS 2021,2021-04-11,MANGA 1 ILLESCAS 2 VUELTAS 2021,manga-1-illescas-2-vueltas-2021,BICI (MTB/BTT),11400,,,0,8,8
67,manga-1-libisosa-3-vueltas,MANGA 1 LIBISOSA 3 VUELTAS,2021-03-27,MANGA 1 LIBISOSA 3 VUELTAS,manga-1-libisosa-3-vueltas,BICI (MTB/BTT),13140,,,66,7,73
