municipio,provincia,comarca
Quicena,Huesca,Hoya de Huesca / Plana de Uesca
Realejos (Los),Santa Cruz de Tenerife,
Olesa de Bonesvalls,Barcelona,Alt Penedès
Ventas con Peña Aguilera (Las),Toledo,
Tous,Valencia,
Monterrei,Ourense,Verín
Biescas,Huesca,Alto Gállego
Sineu,Baleares (Illes),Pla de Mallorca
Arrigorriaga,Bizkaia,
Sevilla la Nueva,Madrid,
Girona,Girona,Gironès
Mendexa,Bizkaia,
Vidreres,Girona,la Selva
Barcience,Toledo,
Vallehermoso,Santa Cruz de Tenerife,
Saelices,Cuenca,
Busot,Alicante,l'Alacantí
San Miguel de Abona,Santa Cruz de Tenerife,
Llávia,Girona,Baix Empordà
Gilet,Valencia,
Llubí,Baleares (Illes),Pla de Mallorca
Almenara,Castellón,
Baeza,Jaén,
Consell,Baleares (Illes),Raiguer
Albaida del Aljarafe,Sevilla,
Villatoya,Albacete,
Alhama de Aragón,Zaragoza,Comunidad de Calatayud
Castellón de la Plana,Castellón,la Plana Alta
Jerez de los Caballeros,Badajoz,
Palma,Baleares (Illes),Palma
Puerto de Santa Maráa (El),Cádiz,
San Martán de la Vega,Madrid,
San Bartolomé,Las Palmas,
Oropesa del Mar,Castellón,la Plana Alta
Panticosa,Huesca,Alto Gállego
Peñíscola,Castellón,el Baix Maestrat
Zarza (La),Badajoz,
Montijo,Badajoz,
Vandellòs i l'Hospitalet de l'Infant,Tarragona,Baix Camp
Tarragona,Tarragona,Tarragonès
Palmas de Gran Canaria (Las),Las Palmas,
Frómista,Palencia,
Yepes,Toledo,
Torre Endoménech,Castellón,la Plana Alta
Bocairent,Valencia,
Maluenda,Zaragoza,Comunidad de Calatayud
Nules,Castellón,
Cualedro,Ourense,Verín
Solana de los Barros,Badajoz,
Puntallana,Santa Cruz de Tenerife,
Santa Cruz de Tenerife,Santa Cruz de Tenerife,
Huesca,Huesca,Hoya de Huesca / Plana de Uesca
Benlloch,Castellón,la Plana Alta
Binissalem,Baleares (Illes),Raiguer
Calvià,Baleares (Illes),Serra de Tramuntana
Felanitx,Baleares (Illes),Migjorn
Vitoria-Gasteiz,Araba/Álava,Gasteizko kuadrilla
Etxebarri,Bizkaia,
Granada,Granada,Comarca de la Vega de Granada
Codosera (La),Badajoz,
Bétera,Valencia,
San Vicente de Alcántara,Badajoz,
Talavera de la Reina,Toledo,
Bargas,Toledo,
Burjassot,Valencia,
Valencia,Valencia,Comarca de València
Llíria,Valencia,
Osuna,Sevilla,
Arucas,Las Palmas,
Cangas de Onís,Asturias,
Oliva,Valencia,
Marines,Valencia,
Zahara,Cádiz,Sierra de Cádiz
Vigo,Pontevedra,Vigo
Agüimes,Las Palmas,
Yesa (La),Valencia,La Serranía
Bosque (El),Cádiz,Sierra de Cádiz
Ontinyent,Valencia,
Torrijos,Toledo,
Coruña (A),A Coruña,Santiago
Barcelona,Barcelona,Barcelonès
Ribadesella,Asturias,
Lleida,Lleida,Segrià
Getxo,Bizkaia,
Bilbao,Bizkaia,
Gijón,Asturias,
Colunga,Asturias,
Palacios y Villafranca (Los),Sevilla,
Alamús (Els),Lleida,Segrià
Sabadell,Barcelona,Vallès Occidental
Madrid,Madrid,
Santa Marta,Badajoz,
Langreo,Asturias,
Calatayud,Zaragoza,Comunidad de Calatayud
Paracuellos de la Ribera,Zaragoza,Comunidad de Calatayud
Añover de Tajo,Toledo,
Puebla de Almoradiel (La),Toledo,
Bufali,Valencia,
Soria,Soria,
Béjar,Salamanca,
Castellnovo,Castellón,
Coves de Vinromà (les),Castellón,la Plana Alta
Barracas,Castellón,
Sot de Ferrer,Castellón,
Alicante,Alicante,l'Alacantí
Caldes de Montbui,Barcelona,Vallès Oriental
Cigales,Valladolid,
Galdakao,Bizkaia,
Gondomar,Pontevedra,Vigo
Melilla,Melilla,
Aceuchal,Badajoz,
Épila,Zaragoza,Valdejalón
Sevilla,Sevilla,
Villena,Alicante,
Guadasequies,Valencia,
Paterna del Campo,Huelva,El Condado
Culla,Castellón,l'Alt Maestrat
Alcúdia,Baleares (Illes),Raiguer
Villafranca de los Caballeros,Toledo,
Vallirana,Barcelona,Baix Llobregat
Toledo,Toledo,
Cáceres,Cáceres,
San Román de Hornija,Valladolid,
Pobla de Mafumet (La),Tarragona,Tarragonès
Toén,Ourense,Ourense
Pravia,Asturias,
Llucmajor,Baleares (Illes),Migjorn
Pulgar,Toledo,
Benigánim,Valencia,
Calpe,Alicante,
Cantalejo,Segovia,
Balaguer,Lleida,Noguera
Osor,Girona,la Selva
Arnoia (A),Ourense,O Ribeiro
Porreres,Baleares (Illes),Pla de Mallorca
Valle de Matamoros,Badajoz,
León,León,
Zaragoza,Zaragoza,Zaragoza
Portugalete,Bizkaia,
Cuervo de Sevilla (El),Sevilla,
Santa Eulalia del Río,Baleares (Illes),Eivissa
Ciudad Rodrigo,Salamanca,
Muro de Alcoy,Alicante,
Cerdanyola del Vallès,Barcelona,Vallès Occidental
Valbuena de Duero,Valladolid,
Ciudad Real,Ciudad Real,
Iznájar,Córdoba,
Cerezo de Río Tirón,Burgos,
Arahal,Sevilla,
Monachil,Granada,Comarca de la Vega de Granada
Forallac,Girona,Baix Empordà
Olivares,Sevilla,
Rincón de la Victoria,Málaga,La Axarquía
Mayorga,Valladolid,
Terrassa,Barcelona,Vallès Occidental
Ponferrada,León,El Bierzo
Valle de Santa Ana,Badajoz,
Llanera,Asturias,
Mérida,Badajoz,
Mogente/Moixent,Valencia,
Tordesillas,Valladolid,
Oviedo,Asturias,
Sagunto/Sagunt,Valencia,
Inca,Baleares (Illes),Raiguer
Xàtiva,Valencia,
Corral de Almaguer,Toledo,
Mascaraque,Toledo,
Eivissa,Baleares (Illes),Eivissa
Getafe,Madrid,
Medina del Campo,Valladolid,
Lobón,Badajoz,
Silos (Los),Santa Cruz de Tenerife,
Tacoronte,Santa Cruz de Tenerife,
Altea,Alicante,
Zamora,Zamora,
Antequera,Málaga,Antequera
Esparragalejo,Badajoz,
Badajoz,Badajoz,
Garachico,Santa Cruz de Tenerife,
Benicasim,Castellón,la Plana Alta
Mungia,Bizkaia,
Córdoba,Córdoba,
Amposta,Tarragona,Montsià
Garrovilla (La),Badajoz,
Guadiana del Caudillo,Badajoz,
Moya,Las Palmas,
Arrecife,Las Palmas,
Eibar,Gipuzkoa,
Viso de San Juan (El),Toledo,
Arroyo de la Encomienda,Valladolid,
Mairena del Aljarafe,Sevilla,
Carbonero el Mayor,Segovia,
Cazorla,Jaén,
Ceutá,Murcia,Área Metropolitana de Murcia
Turleque,Toledo,
Torreblanca,Castellón,la Plana Alta
Aldea de San Nicolás (La),Las Palmas,
Valdelacalzada,Badajoz,
Buenaventura,Toledo,
Torrejón de la Calzada,Madrid,
Ribamontán al Mar,Cantabria,
Consuegra,Toledo,
Jaén,Jaén,
Dueñas,Palencia,
Alquerías del Niño Perdido,Castellón,
Villacañas,Toledo,
Pueblonuevo del Guadiana,Badajoz,
Málaga,Málaga,Málaga-Costa del Sol
Sant Cugat del Vallès,Barcelona,Vallès Occidental
Castelló d'Empúries,Girona,Alt Empordà
Castell-Platja d'Aro,Girona,Baix Empordà
Torroella de Montgrí,Girona,Baix Empordà
Vall d'Uixó (la),Castellón,
Venta de Baños,Palencia,
Son Servera,Baleares (Illes),Llevant
Ourense,Ourense,Ourense
Cobisa,Toledo,
Villanúa,Huesca,La Jacetania
Ciudad Real - San Martín de Montalbán,Ciudad Real,
Sacedón,Guadalajara,
Guía de Isora,Santa Cruz de Tenerife,
Useras/Useres (les),Castellón,
Don Benito,Badajoz,
Borriol,Castellón,la Plana Alta
Cambil,Jaén,
Llutxent,Valencia,
Cercedilla,Madrid,
Foz,Lugo,A Mariña Central
Yébenes (Los),Toledo,
Arroyomolinos,Madrid,
Pájara,Las Palmas,
Fuentemolinos,Burgos,
Yaiza,Las Palmas,
Santa Marta de Tormes,Salamanca,
Parra (La),Badajoz,
Viladamat,Girona,Alt Empordà
Valladolid,Valladolid,
Vall de Boí (La),Lleida,Alta Ribagorça
Martos,Jaén,
Robledo de Chavela,Madrid,
Zafra,Badajoz,
Toro,Zamora,
Tías,Las Palmas,
Cabanes,Castellón,la Plana Alta
Mora,Toledo,
Espartinas,Sevilla,
Arico,Santa Cruz de Tenerife,
Zierbena,Bizkaia,
Villamanrique de Tajo,Madrid,
Onda,Castellón,
Navalagamella,Madrid,
Leganés,Madrid,
Marratxí,Baleares (Illes),Raiguer
Sena,Huesca,Los Monegros
Andújar,Jaén,
Aldeadávila de la Ribera,Salamanca,
Benalmádena,Málaga,Costa del Sol Occidental
Agost,Alicante,l'Alacantí
Santa Cruz de la Palma,Santa Cruz de Tenerife,
Mancha Real,Jaén,
Muskiz,Bizkaia,
Manlleu,Barcelona,Osona
Madrid - Galapagar,Madrid,
Vila-seca,Tarragona,Tarragonès
Vilanova d'Alcolea,Castellón,la Plana Alta
Fresno el Viejo,Valladolid,
Tábara,Zamora,
Astillero (El),Cantabria,
Cambrils,Tarragona,Baix Camp
Tauste,Zaragoza,Cinco Villas
Simancas,Valladolid,
Viveiro,Lugo,A Mariña Occidental
Hornachos,Badajoz,
Aljaraque,Huelva,Comarca Metropolitana de Huelva
Olèrdola,Barcelona,Alt Penedès
Mallén,Zaragoza,Campo de Borja
Palencia,Palencia,
San Bartolomé de Tirajana,Las Palmas,
Laredo,Cantabria,
Amorebieta-Etxano,Bizkaia,
Santander,Cantabria,
Valle de Trápaga-Trapagaran,Bizkaia,
Portbou,Girona,Alt Empordà
Oliva (La),Las Palmas,
Griñón,Madrid,
Sanlúcar de Barrameda,Cádiz,Costa Noroeste
Port de la Selva (El),Girona,Alt Empordà
Colera,Girona,Alt Empordà
Pontevedra,Pontevedra,Pontevedra
Collado Villalba,Madrid,
Gozón,Asturias,
Banyoles,Girona,Pla de l'Estany
Villarejo de Salvanés,Madrid,
Vilanova i la Geltrú,Barcelona,Garraf
Jaén - Córdoba,Jaén,
Vila-real,Castellón,
Zas,A Coruña,Terra de Soneira
Puerto del Rosario,Las Palmas,
Serón,Almería,Valle del Almanzora
Castrillón,Asturias,
Santanyá,Baleares (Illes),
Altafulla,Tarragona,Tarragonès
Albolote,Granada,Comarca de la Vega de Granada
Siero,Asturias,
Tabernas,Almería,
Rioja,Almería,
Cabezón de Pisuerga,Valladolid,
Torrelavega,Cantabria,
Santiago del Teide,Santa Cruz de Tenerife,
Murcia,Murcia,Área Metropolitana de Murcia
Motril,Granada,Comarca de la Costa Granadina
Villanueva del Pardillo,Madrid,
Ejea de los Caballeros,Zaragoza,Cinco Villas
Algaida,Baleares (Illes),Pla de Mallorca
Almeráa,Almería,
Utiel,Valencia,
Alcalá la Real,Jaén,
Nájar,Almería,
Puebla de Don Fadrique,Granada,Comarca de Huéscar
Avilés,Asturias,
Lorca,Murcia,Alto Guadalentín
Aguilar de Campoo,Palencia,
Chillón,Ciudad Real,
Santillana del Mar,Cantabria,
Reocán,Cantabria,
San Leonardo de Yagüe,Soria,
Tuineje,Las Palmas,
Noja,Cantabria,
Reinosa,Cantabria,
Benicarló,Castellón,el Baix Maestrat
Medina de Pomar,Burgos,
Castro-Urdiales,Cantabria,
Arévalo,Ávila,
Burgos,Burgos,
Logroño,La Rioja,
Puigcerdà,Girona,Cerdanya
Alcázares (Los),Murcia,Campo de Cartagena y Mar Menor
Betanzos,A Coruña,Betanzos
Viator,Almería,
Reus,Tarragona,Baix Camp
Magaz de Pisuerga,Palencia,
Talayuelas,Cuenca,
Barrios (Los),Cádiz,Campo de Gibraltar
San Andrés del Rabanedo,León,
Polinyà,Barcelona,Vallès Occidental
Daláas,Almería,
Alcobendas,Madrid,
Yuncler,Toledo,
Haro,La Rioja,
Villaviciosa,Asturias,
Teruel,Teruel,Comunidad de Teruel
Calera y Chozas,Toledo,
Borges Blanques (Les),Lleida,Garrigues
Roquetas de Mar,Almería,
Teguise,Las Palmas,
Fuentespina,Burgos,
Nerja,Málaga,La Axarquía
Vendrell (El),Tarragona,Baix Penedès
Navaleno,Soria,
Carboneras,Almería,
Villajoyosa,Alicante,
Poio,Pontevedra,Pontevedra
Donostia-San Sebastián,Gipuzkoa,
Gualchos,Granada,Comarca de la Costa Granadina
Fresno de Torote,Madrid,
Betancuria,Las Palmas,
Verín,Ourense,Verín
Menàrguens,Lleida,Noguera
Fraga,Huesca,Bajo Cinca / Baix Cinca
Berlanga de Duero,Soria,
Baza,Granada,Comarca de Baza
Pulpá,Almería,
Barbadás,Ourense,Ourense
Ceuta,Ceuta,
Huércal de Almeráa,Almería,
Molina de Segura,Murcia,Vega Media del Segura
Tres Cantos,Madrid,
Tui,Pontevedra,O Baixo Miño
Palazuelos de Eresma,Segovia,
Paüls,Tarragona,Baix Ebre
Almenar de Soria,Soria,
Úbeda,Jaén,
Sant Gregori,Girona,Gironès
Talamanca de Jarama,Madrid,
Laviana,Asturias,
Baiona,Pontevedra,Vigo
Breña Alta,Santa Cruz de Tenerife,
Canet d'Adri,Girona,Gironès
Vera,Almería,
Tájola,Almería,
Montmeló,Barcelona,Vallès Oriental
Camarena,Toledo,
Caminomorisco - Ladrillar,Cáceres,
Tales,Castellón,
Cenes de la Vega,Granada,Comarca de la Vega de Granada
Torrefarrera,Lleida,Segrià
Santa Maráa del Páramo,León,
Torrejoncillo,Cáceres,
Huétor Tájar,Granada,Comarca de Loja
Palamós,Girona,Baix Empordà
Jerez de la Frontera,Cádiz,Campiña de Jerez
Quintela de Leirado,Ourense,Terra da Celanova
Cájar,Granada,Comarca de la Vega de Granada
Puebla de la Calzada,Badajoz,
Llanos de Aridane (Los),Santa Cruz de Tenerife,
Vallada,Valencia,
Aitona,Lleida,Segrià
Magallón,Zaragoza,Campo de Borja
Puente Genil,Córdoba,
Llorenç del Penedès,Tarragona,Baix Penedès
Fuencaliente de la Palma,Santa Cruz de Tenerife,
Alfarrasí,Valencia,
Candamo,Asturias,
Aldea del Fresno,Madrid,
Lobios,Ourense,A Baixa Limia
Fines,Almería,Valle del Almanzora
Orotava (La),Santa Cruz de Tenerife,
Villaluenga del Rosario,Cádiz,Sierra de Cádiz
Calamocha,Teruel,
Telde,Las Palmas,
Villanueva del Fresno,Badajoz,
Sierro,Almería,Valle del Almanzora
Villa de Mazo,Santa Cruz de Tenerife,
Navalmoral de la Mata,Cáceres,
Montaverner,Valencia,
Cabrales,Asturias,
Arbolá,Tarragona,
San Sebastián de la Gomera,Santa Cruz de Tenerife,
Calasparra,Murcia,Noroeste
Chelva,Valencia,La Serranía
Alqueria de la Comtessa (l'),Valencia,
Sóller,Baleares (Illes),Serra de Tramuntana
Huelma,Jaén,
Serra,Valencia,
Riaño,León,
Torre del Campo,Jaén,
Agramunt,Lleida,Urgell
Miralcamp,Lleida,Pla d'Urgell
Chinchón,Madrid,
Gallardos (Los),Almería,
Haría,Las Palmas,
Montemayor de Pililla,Valladolid,
Ametlla de Mar (L'),Tarragona,Baix Ebre
Algar de Palancia,Valencia,
Torredonjimeno,Jaén,
Riaza,Segovia,
Ciempozuelos,Madrid,
Catí,Castellón,l'Alt Maestrat
Laudio,Araba/Álava,
Vistabella del Maestrazgo,Castellón,l'Alt Maestrat
Güámar,Santa Cruz de Tenerife,
Salou,Tarragona,Tarragonès
Torre de Esteban Hambrán (La),Toledo,
Palma de Gandía,Valencia,
Ramales de la Victoria,Cantabria,
Galapagar,Madrid,
Grove (O),Pontevedra,O Salnés
Montalbán,Teruel,
Astorga,León,
Burguillos de Toledo,Toledo,
Trujillo,Cáceres,
Massalfassar,Valencia,
Zaratán,Valladolid,
Villava/Atarrabia,Navarra,Iruñerria
Jaca,Huesca,La Jacetania
Geldo,Castellón,
Miraflores de la Sierra,Madrid,
Berja,Almería,
Olula del Río,Almería,Valle del Almanzora
Huéscar,Granada,Comarca de Huéscar
Palau-solità i Plegamans,Barcelona,Vallès Occidental
Puntagorda,Santa Cruz de Tenerife,
Labastida,Araba/Álava,Arabako Errioxa
Alburquerque,Badajoz,
Novelé/Novetlè,Valencia,
Caldearenas,Huesca,Alto Gállego
Pont de Suert (El),Lleida,Alta Ribagorça
Teror,Las Palmas,
Ocaña,Toledo,
Nava del Rey,Valladolid,
Sora,Barcelona,Osona
Alcarràs,Lleida,Segrià
Anna,Valencia,
Güeñes,Bizkaia,
Vilafamés,Castellón,la Plana Alta
Alcoy,Alicante,
Huelva,Huelva,Comarca Metropolitana de Huelva
Garganta (La),Cáceres,
Cuevas del Almanzora,Almería,
Portezuelo,Cáceres,
Bande,Ourense,A Baixa Limia
Vinaròs,Castellón,el Baix Maestrat
Candeleda,Ávila,
Velilla del Río Carrión,Palencia,
Llançà,Girona,Alt Empordà
Cirat,Castellón,
Torreorgaz,Cáceres,
Benifairó de les Valls,Valencia,
Guadamur,Toledo,
Vélez-Málaga,Málaga,La Axarquía
Santibáñez de la Peña,Palencia,
Brozas,Cáceres,
Masllorenç,Tarragona,Baix Penedès
Pobla de Lillet (La),Barcelona,Berguedà
Quintanilla de Onésimo,Valladolid,
Cadalso,Cáceres,
Benegiles,Zamora,
Gironella,Barcelona,Berguedà
Malpartida de Cáceres,Cáceres,
Cuevas del Valle,Ávila,
Valoria la Buena,Valladolid,
Torredembarra,Tarragona,Tarragonès
Sabiñánigo,Huesca,Alto Gállego
Quismondo,Toledo,
Llosa (la),Castellón,
Villatobas,Toledo,
Madridejos,Toledo,
Luarca,Asturias,
Chilches,Castellón,
San Bartolomé de las Abiertas,Toledo,
Fernán Caballero,Ciudad Real,
Segorbe,Castellón,
Navaconcejo,Cáceres,
Robla (La),León,
Villalazán,Zamora,
Recas,Toledo,
Biar,Alicante,
Laguna de Duero,Valladolid,
Olías del Rey,Toledo,
Capafonts,Tarragona,Baix Camp
Breña Baja,Santa Cruz de Tenerife,
Santurtzi,Bizkaia,
Villaviciosa de Odón,Madrid,
Puebla de Montalbán (La),Toledo,
Piñor,Ourense,O Carballiño
Calella,Barcelona,Maresme
Adrada (La),Ávila,
Nogueira de Ramuin,Ourense,Ourense
Santa Coloma de Farners,Girona,la Selva
Navas del Marqués (Las),Ávila,
Pedrajas de San Esteban,Valladolid,
Burganes de Valverde,Zamora,
Badalona,Barcelona,Barcelonès
Esporles,Baleares (Illes),Serra de Tramuntana
Muro,Baleares (Illes),Pla de Mallorca
Massamagrell,Valencia,
Tossa de Mar,Girona,la Selva
Grazalema,Cádiz,Sierra de Cádiz
Arandilla,Burgos,
Íscar,Valladolid,
Ugena,Toledo,
Mijares,Ávila,
Blanes,Girona,la Selva
Agüero,Huesca,Hoya de Huesca / Plana de Uesca
San Lorenzo de El Escorial,Madrid,
Allariz,Ourense,Allariz-Maceda
Villa de Don Fadrique (La),Toledo,
Almagro,Ciudad Real,
Sant Boi de Llobregat,Barcelona,Baix Llobregat
Herrera de Pisuerga,Palencia,
Oia,Pontevedra,O Baixo Miño
Benidorm,Alicante,
Pollença,Baleares (Illes),Serra de Tramuntana
Estepona,Málaga,Costa del Sol Occidental
Sardón de Duero,Valladolid,
Almunia de Doña Godina (La),Zaragoza,Valdejalón
Zuia,Araba/Álava,Gorbeialdea
Cuerva,Toledo,
Salamanca,Salamanca,
Riosa,Asturias,
Casas del Monte,Cáceres,
Tivissa,Tarragona,Ribera d'Ebre
Parrillas,Toledo,
Carrión de los Condes,Palencia,
Paracuellos de Jarama,Madrid,
Vall d'Alba,Castellón,la Plana Alta
Puebla de Sancho Pérez,Badajoz,
Allán,Navarra,
Pedrosa del Rey,Valladolid,
Burgo de Osma-Ciudad de Osma,Soria,
Villarramiel,Palencia,
Aranda de Duero,Burgos,
Valdemoro,Madrid,
Pereiro de Aguiar (O),Ourense,Ourense
Villar del Rey,Badajoz,
Valenzuela de Calatrava,Ciudad Real,
Bisbal d'Empordà (La),Girona,Baix Empordà
Merca (A),Ourense,Terra da Celanova
Basauri,Bizkaia,
Ingenio,Las Palmas,
Talayuela,Cáceres,
Saldaña,Palencia,
Alcolea de Calatrava,Ciudad Real,
Sant Antoni de Vilamajor,Barcelona,Vallès Oriental
Benissoda,Valencia,
Peñafiel,Valladolid,
Puebla del Río (La),Sevilla,
Cassà de la Selva,Girona,Gironès
Torrelles de Foix,Barcelona,Alt Penedès
Jarandilla de la Vera,Cáceres,
Albalat dels Tarongers,Valencia,
Sant Climent de Llobregat,Barcelona,Baix Llobregat
Camarzana de Tera,Zamora,
Used,Zaragoza,Campo de Daroca
Yuncos,Toledo,
Villarta de San Juan,Ciudad Real,
San Cristóbal de La Laguna,Santa Cruz de Tenerife,
Pozo Alcón,Jaén,
Castellet i la Gornal,Barcelona,Alt Penedès
Bedia,Bizkaia,
Baños de Molgas,Ourense,Allariz-Maceda
Escalona,Toledo,
Montecorto,Málaga,Serranía de Ronda
Alcaudete de la Jara,Toledo,
Santa Maria de Martorelles,Barcelona,Vallès Oriental
Bobadilla del Campo,Valladolid,
Caminomorisco,Cáceres,
Castrelo de Miño,Ourense,O Ribeiro
Villanueva de la Cañada,Madrid,
Puertollano,Ciudad Real,
Navalmorales (Los),Toledo,
Mirandilla,Badajoz,
Hoyo de Manzanares,Madrid,
Cubas de la Sagra,Madrid,
Alberca (La),Salamanca,
Polán,Toledo,
Hervás,Cáceres,
Lora del Río,Sevilla,
San Sebastián de los Reyes,Madrid,
Nambroca,Toledo,
Carranque,Toledo,
Segovia,Segovia,
Sigüenza,Guadalajara,
Castellote,Teruel,Maestrazgo
Azuqueca de Henares,Guadalajara,
Viana de Cega,Valladolid,
Mieres,Asturias,
Berga,Barcelona,Berguedà
Bedmar y Garcáez,Jaén,
Rueda,Valladolid,
Linares,Jaén,
Daroca,Zaragoza,Campo de Daroca
Medina de Rioseco,Valladolid,
Valle de Hecho,Huesca,La Jacetania
Valdemanco,Madrid,
Alovera,Guadalajara,
Borges del Camp (Les),Tarragona,Baix Camp
Sandiás,Ourense,A Limia
Numancia de la Sagra,Toledo,
Guadalupe,Cáceres,
Valdemorillo,Madrid,
Carballiño (O),Ourense,O Carballiño
Malpica de Tajo,Toledo,
Castañar de Ibor,Cáceres,
Arroyomolinos,Cáceres,
Morcán,Asturias,
Sant Julià de Cerdanyola,Barcelona,Berguedà
Paderne de Allariz,Ourense,Allariz-Maceda
Cebreros,Ávila,
Tollos,Alicante,
Jerte,Cáceres,
Santovenia de Pisuerga,Valladolid,
Quintanar de la Orden,Toledo,
Alcalá de la Selva,Teruel,Gúdar-Javalambre
Carolina (La),Jaén,
Sos del Rey Católico,Zaragoza,Cinco Villas
Torres,Jaén,
Valls,Tarragona,Alt Camp
Eljas,Cáceres,
Orgaz,Toledo,
Cistérniga,Valladolid,
Bronchales,Teruel,Sierra de Albarracín
Valmojado,Toledo,
Montánchez,Cáceres,
San Pedro de Gaállos,Segovia,
Cuéllar,Segovia,
Coria del Río,Sevilla,
Mont-roig del Camp,Tarragona,Baix Camp
Monistrol de Montserrat,Barcelona,Bages
Ribadavia,Ourense,O Ribeiro
Zarzuela del Pinar,Segovia,
Escalona del Prado,Segovia,
Macotera,Salamanca,
Amurrio,Araba/Álava,
Villar del Pedroso,Cáceres,
Carpio,Valladolid,
Malpartida,Salamanca,
Aielo de Malferit,Valencia,
Otos,Valencia,
Paterna,Valencia,
Cornellà de Llobregat,Barcelona,Baix Llobregat
Beas de Segura,Jaén,
Castellbisbal,Barcelona,Vallès Occidental
Brihuega,Guadalajara,
Teresa,Castellón,
Canet d'En Berenguer,Valencia,
Benavites,Valencia,
Hostalric,Girona,la Selva
Campo de Mirra,Alicante,
Castelló de Rugat,Valencia,
Valencia de Don Juan,León,
Serradilla,Cáceres,
Cheste,Valencia,
Mos,Pontevedra,Vigo
Barlovento,Santa Cruz de Tenerife,
Cocentaina,Alicante,
San Fernando,Cádiz,Bahía de Cádiz
Rosal (O),Pontevedra,O Baixo Miño
Albocàsser,Castellón,l'Alt Maestrat
Somiedo,Asturias,
Montornes del Valles,Barcelona,Vallès Oriental
Gaibiel,Castellón,
Onil,Alicante,
Vicedo (O),Lugo,A Mariña Occidental
Vilajuïga,Girona,Alt Empordà
Luna,Zaragoza,Cinco Villas
Navajas,Castellón,
Alboraya,Valencia,
Godella,Valencia,
Bèlgida,Valencia,
Atzeneta d'Albaida,Valencia,
Agullent,Valencia,
Algimia de Alfara,Valencia,
Quart de les Valls,Valencia,
Quartell,Valencia,
Faura,Valencia,
Villanueva de Duero,Valladolid,
Casas de Millán,Cáceres,
Caudete,Albacete,
Visiedo,Teruel,Comunidad de Teruel
Jódar,Jaén,
Navaluenga,Ávila,
Viladecans,Barcelona,Baix Llobregat
Vega de San Mateo,Las Palmas,
Piedrabuena,Ciudad Real,
Petrés,Valencia,
Olleria (l'),Valencia,
Albaida,Valencia,
Ajofrín,Toledo,
Sástago,Zaragoza,Ribera Baja del Ebro
Lomoviejo,Valladolid,
Roca de la Sierra (La),Badajoz,
Pegalajar,Jaén,
Sierra Engarcerán,Castellón,la Plana Alta
Vall de Almonacid,Castellón,
Cerecinos del Carrizal,Zamora,
Riotuerto,Cantabria,
Cabezas de San Juan (Las),Sevilla,
Rivas-Vaciamadrid,Madrid,
Cádiz,Cádiz,Bahía de Cádiz
Carrión de los Céspedes,Sevilla,
Cudillero,Asturias,
Tudela,Navarra,Ribera / Erribera
Alfafar,Valencia,l'Horta Sud
Marchena,Sevilla,
Talavera la Real,Badajoz,
Belvás de la Jara,Toledo,
Lagartera,Toledo,
Bordils,Girona,Gironès
Sant Feliu de Llobregat,Barcelona,Baix Llobregat
Calonge,Girona,Baix Empordà
Salomó,Tarragona,Tarragonès
Ampolla (L'),Tarragona,Baix Ebre
Deltebre,Tarragona,Baix Ebre
Vilaller,Lleida,Alta Ribagorça
Lloret de Mar,Girona,la Selva
Cervelló,Barcelona,Baix Llobregat
Puigpunyent,Baleares (Illes),Serra de Tramuntana
Vilches,Jaén,
Cacabelos,León,El Bierzo
Palomar (el),Valencia,
Azagra,Navarra,Erriberagoiena / Ribera Alta
Torrent,Valencia,l'Horta Sud
Palafolls,Barcelona,Maresme
Ibros,Jaén,
Camuñas,Toledo,
Aller,Asturias,
Morera de Montsant (La),Tarragona,Priorat
Quatretonda,Valencia,
Pobla del Duc (la),Valencia,
Salem,Valencia,
Bellús,Valencia,
Sariñena,Huesca,Los Monegros
Gandia,Valencia,
Polanco,Cantabria,
Santa Olalla,Toledo,
Xinzo de Limia,Ourense,A Limia
Faramontanos de Tábara,Zamora,
Coca,Segovia,
Caudiel,Castellón,
Archena,Murcia,Valle de Ricote
Dos Hermanas,Sevilla,
Olot,Girona,Garrotxa
Figueres,Girona,Alt Empordà
Sedaví,Valencia,l'Horta Sud
Eliana (l'),Valencia,
Siete Aguas,Valencia,
Benaguasil,Valencia,
Alcúdia (l'),Valencia,
Cullera,Valencia,
Ayamonte,Huelva,Costa Occidental
Morón de la Frontera,Sevilla,
Santa Coloma de Cervelló,Barcelona,Baix Llobregat
Ronda,Málaga,Serranía de Ronda
Albacete,Albacete,
Alp,Girona,Cerdanya
Alforja,Tarragona,Baix Camp
Roses,Girona,Alt Empordà
Nigrán,Pontevedra,Vigo
Ávila,Ávila,
Jalance,Valencia,
Colmenar Viejo,Madrid,
Esplugues de Llobregat,Barcelona,Baix Llobregat
Cervatos de la Cueza,Palencia,
Peguerinos,Ávila,
Avinyonet del Penedès,Barcelona,Alt Penedès
Alcalá de Henares,Madrid,
Fréscano,Zaragoza,Campo de Borja
Ventas de Retamosa (Las),Toledo,
Benavides,León,
Barberà del Vallès,Barcelona,Vallès Occidental
Guijo de Galisteo,Cáceres,
Bescanó,Girona,Gironès
Almonacid de Toledo,Toledo,
Gorliz,Bizkaia,
Sober,Lugo,Terra de Lemos
Cantimpalos,Segovia,
Casillas,Ávila,
Derio,Bizkaia,
Tamajón,Guadalajara,
Beneixama,Alicante,
Selaya,Cantabria,
Aranjuez,Madrid,
Narón,A Coruña,Ferrol
Ribera Alta,Araba/Álava,Añanako kuadrilla
Pobla de Segur (La),Lleida,Pallars Jussà
Bóveda de Toro (La),Zamora,
Tudela de Duero,Valladolid,
Mengibar,Jaén,
Sopelana,Bizkaia,
Antigua,Las Palmas,
Menasalbas,Toledo,
Alameda de la Sagra,Toledo,
Ochagaváa/Otsagabia,Navarra,
Camprodon,Girona,Ripollès
Arrankudiaga,Bizkaia,
Villasexmir,Valladolid,
Cevico de la Torre,Palencia,
Balsareny,Barcelona,Bages
Celanova,Ourense,Terra da Celanova
Escala (L'),Girona,Alt Empordà
Valdepeñas,Ciudad Real,
Godelleta,Valencia,
Miedes de Aragón,Zaragoza,Comunidad de Calatayud
Mojados,Valladolid,
Ames,A Coruña,Santiago
Astudillo,Palencia,
Castrillo-Tejeriego,Valladolid,
Villaumbrales,Palencia,
Guadalajara,Guadalajara,
Piña de Campos,Palencia,
Torralba de Ribota,Zaragoza,Comunidad de Calatayud
Portillo de Toledo,Toledo,
Lepe,Huelva,Costa Occidental
Guardia (La),Toledo,
Masnou (El),Barcelona,Maresme
Santa María de Guía de Gran Canaria,Las Palmas,
Vilar de Barrio,Ourense,A Limia
Petrer,Alicante,el Vinalopó Mitjà / El Vinalopó Medio
Albuixech,Valencia,
Buñol,Valencia,
Casas del Castañar,Cáceres,
Sant Joan de les Abadesses,Girona,Ripollès
Tielmes,Madrid,
Tembleque,Toledo,
Picassent,Valencia,l'Horta Sud
Almazán,Soria,
Sitges,Barcelona,Garraf
Flaçà,Girona,Gironès
Almàssera,Valencia,
Mazarambroz,Toledo,
Vielha e Mijaran,Lleida,Val d'Aran
Lantadilla,Palencia,
Sariego,Asturias,
Sotosalbos,Segovia,
Firgas,Las Palmas,
Campo de Criptana,Ciudad Real,
Villamayor de Calatrava,Ciudad Real,
Puebla del Práncipe,Ciudad Real,
Villamuriel de Cerrato,Palencia,
Mirabel,Cáceres,
Saceruela,Ciudad Real,
Aranda de Moncayo,Zaragoza,Aranda
Barco de Valdeorras (O),Ourense,Valdeorras
Sonseca,Toledo,
Montesclaros,Toledo,
Vespella de Gaià,Tarragona,Tarragonès
Gelida,Barcelona,Alt Penedès
Navamorcuende,Toledo,
Velada,Toledo,
San Pablo de los Montes,Toledo,
Arbizu,Navarra,Sakana
Espinar (El),Segovia,
Benahavás,Málaga,
Benasque,Huesca,
Plasencia,Cáceres,
Molinos (Los),Madrid,
Escalante,Cantabria,
Vinyols i els Arcs,Tarragona,Baix Camp
Camargo,Cantabria,
Valdepiélago,León,
Cartagena,Murcia,Campo de Cartagena y Mar Menor
Duruelo de la Sierra,Soria,
Caldes d'Estrac,Barcelona,Maresme
Rozas de Madrid (Las),Madrid,
Segurilla,Toledo,
Zarzalejo,Madrid,
Cartaya,Huelva,Costa Occidental
Tegueste,Santa Cruz de Tenerife,
Chantada,Lugo,Chantada
Tortosa,Tarragona,Baix Ebre
Algeciras,Cádiz,Campo de Gibraltar
Noez,Toledo,
Molins de Rei,Barcelona,Baix Llobregat
Rafelbuñol/Rafelbunyol,Valencia,
Conca de Dalt,Lleida,Pallars Jussà
Solosancho,Ávila,
Potes,Cantabria,
Lanestosa,Bizkaia,
Burriana,Castellón,
Salas,Asturias,
Enguera,Valencia,
Cuenca,Cuenca,
Almanza,León,
Lopera,Jaén,
Argés,Toledo,
Torrejón de Ardoz,Madrid,
Mata (La),Toledo,
Villaquilambre,León,
Navia,Asturias,
Palomares del Río,Sevilla,
Montanejos,Castellón,
Casavieja,Ávila,
Aranga,A Coruña,Betanzos
Tazacorte,Santa Cruz de Tenerife,
Chapineráa,Madrid,
Almendral,Badajoz,
Montblanc,Tarragona,Conca de Barberà
Quesada,Jaén,
Pinto,Madrid,
Sant Salvador de Guardiola,Barcelona,Bages
Teverga,Asturias,
Muáños,Ourense,
Cazalegas,Toledo,
Sant Llorenç Savall,Barcelona,Vallès Occidental
Montmell (El),Tarragona,Baix Penedès
Pereruela,Zamora,
Puerta de Segura (La),Jaén,
Santoña,Cantabria,
Subirats,Barcelona,Alt Penedès
Marbella,Málaga,Costa del Sol Occidental
Buitrago del Lozoya,Madrid,
Cunit,Tarragona,Baix Penedès
Villar de la Yegua,Salamanca,
Quart,Girona,Gironès
Flix,Tarragona,Ribera d'Ebre
Guarda (A),Pontevedra,O Baixo Miño
Vilafranca del Penedès,Barcelona,Alt Penedès
Igualada,Barcelona,Anoia
Granollers,Barcelona,Vallès Oriental
Agaete,Las Palmas,
Puerto Real,Cádiz,Bahía de Cádiz
Boadilla del Monte,Madrid,
Tomelloso,Ciudad Real,
Gálvez,Toledo,
Onás,Asturias,
Urda,Toledo,
Lena,Asturias,
Fuente de Cantos,Badajoz,
San Vicente del Raspeig,Alicante,l'Alacantí
Sant Sadurná d'Anoia,Barcelona,
Orihuela del Tremedal,Teruel,Sierra de Albarracín
Ribamontán al Monte,Cantabria,
Vilanova del Camí,Barcelona,Anoia
Almodóvar del Campo,Ciudad Real,
Ortuella,Bizkaia,
Vilassar de Mar,Barcelona,Maresme
Torla,Huesca,
Casar de Cáceres,Cáceres,
Bagà,Barcelona,Berguedà
Marín,Pontevedra,Morrazo
Leioa,Bizkaia,
Chandrexa de Queixa,Ourense,Terra de Trives
Monzón,Huesca,Cinca Medio
Calzadilla,Cáceres,
Balones,Alicante,
Manresa,Barcelona,Bages
Cistierna,León,
Carballeda de Valdeorras,Ourense,Valdeorras
Azuébar,Castellón,
Almendralejo,Badajoz,
Valverde de Leganés,Badajoz,
Huévar del Aljarafe,Sevilla,
Prado del Rey,Cádiz,Sierra de Cádiz
Colmenar del Arroyo,Madrid,
Cabanyes (Les),Barcelona,Alt Penedès
Herrera del Duque,Badajoz,
Sant Just Desvern,Barcelona,Baix Llobregat
Castellolí,Barcelona,Anoia
Berlanga,Badajoz,
Villatuerta,Navarra,Estellerria
Estivella,Valencia,
Llers,Girona,Alt Empordà
Picón,Ciudad Real,
Capellades,Barcelona,Anoia
Llerena,Badajoz,
Granada (La),Barcelona,Alt Penedès
Santa Margarida i els Monjos,Barcelona,Alt Penedès
Santa Margarida de Montbui,Barcelona,Anoia
Garcia,Tarragona,Ribera d'Ebre
Geria,Valladolid,
Alcàsser,Valencia,l'Horta Sud
Arenas de San Pedro,Ávila,
Entrimo,Ourense,A Baixa Limia
Arnuero,Cantabria,
Sentmenat,Barcelona,Vallès Occidental
Navalmoral,Ávila,
Castelldefels,Barcelona,Baix Llobregat
Papiol (El),Barcelona,Baix Llobregat
Bràfim,Tarragona,Alt Camp
Torre de Claramunt (La),Barcelona,Anoia
Mogán,Las Palmas,
Alcañiz,Teruel,Bajo Aragón
Soto del Real,Madrid,
Ullastrell,Barcelona,Vallès Occidental
Ariza,Zaragoza,Comunidad de Calatayud
Mazaricos,A Coruña,O Xallas
Tremp,Lleida,Pallars Jussà
Móra la Nova,Tarragona,Ribera d'Ebre
Sant Quirze del Vallès,Barcelona,Vallès Occidental
Pezuela de las Torres,Madrid,
Torrelles de Llobregat,Barcelona,Baix Llobregat
Alpuente,Valencia,La Serranía
Tresviso,Cantabria,
Cuntis,Pontevedra,Caldas
Valdáliga,Cantabria,
Campillo de la Jara (El),Toledo,
Valdelugueros,León,
Ojén,Málaga,Sierra de las Nieves
Valencia de Alcántara,Cáceres,
Aldeanueva de la Vera,Cáceres,
Fontellas,Navarra,Ribera / Erribera
Sant Andreu de la Barca,Barcelona,Baix Llobregat
Colindres,Cantabria,
Casas de Don Pedro,Badajoz,
Gelsa,Zaragoza,Ribera Baja del Ebro
Andorra,Teruel,Andorra-Sierra de Arcos
Santa Coloma de Queralt,Tarragona,Conca de Barberà
Hospitalet de Llobregat (L'),Barcelona,Barcelonès
Cornudella de Montsant,Tarragona,Priorat
María de Huerva,Zaragoza,Zaragoza
Corvera de Toranzo,Cantabria,
Calahorra,La Rioja,
Rúa (A),Ourense,Ourense
Cobeja,Toledo,
Villacarriedo,Cantabria,
Oropesa,Toledo,
San Emiliano,León,
Chiclana de la Frontera,Cádiz,Bahía de Cádiz
Becerril de Campos,Palencia,
Guadix,Granada,Comarca de Guadix
Collbató,Barcelona,Baix Llobregat
Morata de Jalón,Zaragoza,Valdejalón
Elche,Alicante,el Baix Vinalopó
Viladecavalls,Barcelona,Vallès Occidental
Ribes de Freser,Girona,Ripollès
Mazariegos,Palencia,
Boltaña,Huesca,
Vilabella,Tarragona,Alt Camp
Santa Coloma de Gramenet,Barcelona,Barcelonès
Santa Fe del Penedès,Barcelona,Alt Penedès
Brunete,Madrid,
Buñuel,Navarra,Ribera / Erribera
Allande,Asturias,
Sant Jaume d'Enveja,Tarragona,Montsià
Iza,Navarra,Iruñerria
Aldeacentenera,Cáceres,
Oliva de la Frontera,Badajoz,
Vega de Pas,Cantabria,
Muniesa,Teruel,
Ponts,Lleida,Noguera
Valverde de la Virgen,León,
Camaleño,Cantabria,
Puebla de Lillo,León,
San Adrián,Navarra,Estellerria
Monistrol de Calders,Barcelona,Moianès
Gavà,Barcelona,Baix Llobregat
Calzada de los Molinos,Palencia,
Abrera,Barcelona,Baix Llobregat
Argelita,Castellón,
Santa Cruz de Bezana,Cantabria,
Baltanás,Palencia,
Biota,Zaragoza,Cinco Villas
Carme,Barcelona,Anoia
Guadalaviar,Teruel,Sierra de Albarracín
Coria,Cáceres,
Pallejà,Barcelona,Baix Llobregat
Abejar,Soria,
Castañeda,Cantabria,
Bermeo,Bizkaia,
Miajadas,Cáceres,
Matapozuelos,Valladolid,
Arroyomolinos de la Vera,Cáceres,
Torre de Juan Abad,Ciudad Real,
Allepuz,Teruel,Maestrazgo
Espluga de Francolá (L'),Tarragona,
Bárcena de Pie de Concha,Cantabria,
Bellver de Cerdanya,Lleida,Cerdanya
Riudoms,Tarragona,Baix Camp
Maçanet de Cabrenys,Girona,Alt Empordà
Pinseque,Zaragoza,Ribera Alta del Ebro
Monroyo,Teruel,
Rasines,Cantabria,
Puebla de Sanabria,Zamora,
Sant Josep de sa Talaia,Baleares (Illes),Eivissa
Culleredo,A Coruña,A Coruña
Atzeneta del Maestrat,Castellón,l'Alt Maestrat
Cardiel de los Montes,Toledo,
Bruc (El),Barcelona,Anoia
Fresnillo de las Dueñas,Burgos,
Betxí,Castellón,
Marina de Cudeyo,Cantabria,
Falset,Tarragona,Priorat
Avià,Barcelona,Berguedà
Besalú,Girona,Garrotxa
Sant Joan de Labritja,Baleares (Illes),Eivissa
Cardona,Barcelona,Bages
Sant Martá de Tous,Barcelona,
Navalosa,Ávila,
Puente la Reina/Gares,Navarra,Izarbeibar-Novenera
Caspe,Zaragoza,Bajo Aragón-Caspe / Baix Aragó-Casp
Frago (El),Zaragoza,Cinco Villas
Escatrón,Zaragoza,Ribera Baja del Ebro
Rueda de Jalón,Zaragoza,Valdejalón
Guriezo,Cantabria,
Écija,Sevilla,
Mairena del Alcor,Sevilla,
Majadahonda,Madrid,
Calafell,Tarragona,Baix Penedès
Alforque,Zaragoza,Ribera Baja del Ebro
Limpias,Cantabria,
Chóvar,Castellón,
Biel,Zaragoza,Cinco Villas
Navarcles,Barcelona,Bages
Santa Pau,Girona,Garrotxa
Artajona,Navarra,Izarbeibar-Novenera
Valleseco,Las Palmas,
Lles de Cerdanya,Lleida,Cerdanya
Ayegui,Navarra,Estellerria
Cintruénigo,Navarra,Ribera / Erribera
Sant Martá Sarroca,Barcelona,
Prades,Tarragona,Baix Camp
Vallromanes,Barcelona,Vallès Oriental
Valdeolmos-Alalpardo,Madrid,
Yunquera de Henares,Guadalajara,
Lodosa,Navarra,Estellerria
Sant Iscle de Vallalta,Barcelona,Maresme
Cercs,Barcelona,Berguedà
Vic,Barcelona,Osona
Villanueva de Castellón,Valencia,
Sant Jaume dels Domenys,Tarragona,Baix Penedès
Alcaudete,Jaén,
Seseña,Toledo,
Vilassar de Dalt,Barcelona,Maresme
Maià de Montcal,Girona,Garrotxa
Riera de Gaià (La),Tarragona,Tarragonès
Riudecanyes,Tarragona,Baix Camp
Castellvell del Camp,Tarragona,Baix Camp
Fuensalida,Toledo,
Matallana de Torío,León,
Fontanars dels Alforins,Valencia,
Martorelles,Barcelona,Vallès Oriental
Santa Cruz de la Zarza,Toledo,
Premià de Dalt,Barcelona,Maresme
Malagón,Ciudad Real,
Benavente,Zamora,
Benafer,Castellón,
Villaminaya,Toledo,
Campezo,Araba/Álava,Arabako Mendialdea
Uncastillo,Zaragoza,Cinco Villas
Binaced,Huesca,Cinca Medio
Moncada,Valencia,
Fuentes de Ebro,Zaragoza,Zaragoza
Cartes,Cantabria,
Trasierra,Badajoz,
Cadrete,Zaragoza,Zaragoza
Loja,Granada,Comarca de Loja
Parla,Madrid,
Santiago de Compostela,A Coruña,Santiago
Pobla de Vallbona (la),Valencia,
Arguis,Huesca,Hoya de Huesca / Plana de Uesca
Sartaguda,Navarra,Estellerria
Illescas,Toledo,
Aracena,Huelva,Sierra de Huelva
Villarino de los Aires,Salamanca,
Roca del Vallès (La),Barcelona,Vallès Oriental
Fabara,Zaragoza,Bajo Aragón-Caspe / Baix Aragó-Casp
Pamplona/Iruña,Navarra,Iruñerria
Fabero,León,El Bierzo
Buste (El),Zaragoza,Tarazona y el Moncayo
Melgar de Yuso,Palencia,
Náquera,Valencia,
Belchite,Zaragoza,Campo de Belchite
Font-rubá,Barcelona,
Villamanrique,Ciudad Real,
Pasarón de la Vera,Cáceres,
Casserres,Barcelona,Berguedà
Llinars del Vallès,Barcelona,Vallès Oriental
Maqueda,Toledo,
Rincón de Soto,La Rioja,
Benasal,Castellón,l'Alt Maestrat
Aleixar (L'),Tarragona,Baix Camp
Mombeltrán,Ávila,
Cervera,Lleida,Segarra
Almoradí,Alicante,el Baix Segura / La Vega Baja
Miranda de Ebro,Burgos,
Pola de Gordón (La),León,
Carmona,Sevilla,
Monzón de Campos,Palencia,
Lerín,Navarra,Estellerria
Cardedeu,Barcelona,Vallès Oriental
Villanueva de la Serena,Badajoz,
Mataró,Barcelona,Maresme
Villanueva del Rosario,Málaga,Nororma
Castromocho,Palencia,
Irurtzun,Navarra,Sakana
Pinet,Valencia,
Alcorcón,Madrid,
Prádanos de Ojeda,Palencia,
Sant Hilari Sacalm,Girona,la Selva
Marcilla,Navarra,Erriberagoiena / Ribera Alta
Almazora,Castellón,la Plana Alta
Egüés,Navarra,Iruñerria
Perafort,Tarragona,Tarragonès
Eslida,Castellón,
Alfondeguilla,Castellón,
Igualeja,Málaga,Serranía de Ronda
Ampuero,Cantabria,
San Felices de Buelna,Cantabria,
Villoldo,Palencia,
Güejar Sierra,Granada,Comarca de la Vega de Granada
Montán,Castellón,
Sant Fost de Campsentelles,Barcelona,Vallès Oriental
Pinos Genil,Granada,Comarca de la Vega de Granada
Cabrejas del Pinar,Soria,
Punta Umbráa,Huelva,
Santa Cruz del Retamar,Toledo,
Alcora (l'),Castellón,
Griegos,Teruel,Sierra de Albarracín
Aliseda,Cáceres,
Salvatierra de los Barros,Badajoz,
Hermandad de Campoo de Suso,Cantabria,
Cervera de Pisuerga,Palencia,
Torrenueva,Ciudad Real,
Touro,A Coruña,Arzúa
Santiurde de Reinosa,Cantabria,
Barakaldo,Bizkaia,
Campoo de Enmedio,Cantabria,
Alfara del Patriarca,Valencia,
Prat de Llobregat (El),Barcelona,Baix Llobregat
Santa Maráa de Cayón,Cantabria,
Artzentales,Bizkaia,
Bellcaire d'Empordà,Girona,Baix Empordà
Rascafráa,Madrid,
Orendain,Gipuzkoa,
Montbrió del Camp,Tarragona,Baix Camp
Rioseco de Tapia,León,
Esquivias,Toledo,
Penagos,Cantabria,
Villaconejos,Madrid,
Campoo de Yuso,Cantabria,
Olmedo,Valladolid,
Sant Joan les Fonts,Girona,Garrotxa
Gatika,Bizkaia,
Malpartida de Plasencia,Cáceres,
Vansa i Fórnols (La),Lleida,Alt Urgell
Lanzaháta,Ávila,
Sant Vicenç dels Horts,Barcelona,Baix Llobregat
San Martán de Valdeiglesias,Madrid,
Puçol,Valencia,
Vall de Bianya (La),Girona,Garrotxa
Bañeza (La),León,
Castell de l'Areny,Barcelona,Berguedà
Albarreal de Tajo,Toledo,
Premià de Mar,Barcelona,Maresme
Òdena,Barcelona,Anoia
Morga,Bizkaia,
Loiu,Bizkaia,
Valdefresno,León,
Alcabón,Toledo,
Vilanova del Vallès,Barcelona,Vallès Oriental
Ordizia,Gipuzkoa,
Cabrera de Mar,Barcelona,Maresme
Montuïri,Baleares (Illes),Pla de Mallorca
Yeles,Toledo,
Escalonilla,Toledo,
Nogales,Badajoz,
Torre de las Arcas,Teruel,
Alborache,Valencia,
Valverde del Fresno,Cáceres,
Lucena del Cid,Castellón,
Manises,Valencia,l'Horta Sud
Castillo de Bayuela,Toledo,
Peñas de Riglos (Las),Huesca,Hoya de Huesca / Plana de Uesca
Ajalvir,Madrid,
Cellera de Ter (La),Girona,la Selva
Huerta del Marquesado,Cuenca,
Alpedrete,Madrid,
Peñausende,Zamora,
Jabalquinto,Jaén,
Marmolejo,Jaén,
Mont-ral,Tarragona,Alt Camp
Sant Feliu de Pallerols,Girona,Garrotxa
Seu d'Urgell (La),Lleida,Alt Urgell
Cabezón de la Sal,Cantabria,
Arjona,Jaén,
Cabrils,Barcelona,Maresme
Villanueva del Trabuco,Málaga,Nororma
Vegacervera,León,
Montcada i Reixac,Barcelona,Vallès Occidental
Jérica,Castellón,
Salinas del Manzano,Cuenca,
Lliçà d'Amunt,Barcelona,Vallès Oriental
Totanés,Toledo,
Medio Cudeyo,Cantabria,
Santiago de Calatrava,Jaén,
Montehermoso,Cáceres,
Figueroles,Castellón,
Alfoz de Lloredo,Cantabria,
Valdeolea,Cantabria,
Villatorres,Jaén,
Villalba del Rey,Cuenca,
Arenal (El),Ávila,
Almarcha (La),Cuenca,
Vilada,Barcelona,Berguedà
Puente Viesgo,Cantabria,
Prullans,Lleida,Cerdanya
Rielves,Toledo,
Miera,Cantabria,
Carpio de Tajo (El),Toledo,
Puerto Lápice,Ciudad Real,
Vilobá del Penedès,Barcelona,
Tarancón,Cuenca,
Páramo del Sil,León,El Bierzo
Pacs del Penedès,Barcelona,Alt Penedès
Frigiliana,Málaga,La Axarquía
Utrillas,Teruel,
Viladrau,Girona,Osona
Quintana de la Serena,Badajoz,
Alconera,Badajoz,
Meliana,Valencia,
Ormaiztegi,Gipuzkoa,
Moralzarzal,Madrid,
Cubillos del Sil,León,El Bierzo
Cabeza del Buey,Badajoz,
Sot de Chera,Valencia,La Serranía
Pedroñeras (Las),Cuenca,
Coll de Nargó,Lleida,Alt Urgell
Azuaga,Badajoz,
Sant Joan Despá,Barcelona,
Cabeza la Vaca,Badajoz,
Batea,Tarragona,Terra Alta
Catllar (El),Tarragona,Tarragonès
Anievas,Cantabria,
Ruesga,Cantabria,
Montferrer i Castellbò,Lleida,Alt Urgell
Bodonal de la Sierra,Badajoz,
Begues,Barcelona,Baix Llobregat
Almedina,Ciudad Real,
Castelldans,Lleida,Garrigues
Karrantza Harana/Valle de Carranza,Bizkaia,
Salinas,Alicante,
San Miguel de Bernuy,Segovia,
Castellgalá,Barcelona,
Móstoles,Madrid,
Arredondo,Cantabria,
Puerto de la Cruz,Santa Cruz de Tenerife,
Llosa de Ranes (la),Valencia,
Bande - Muáños,Ourense,
Muras,Lugo,Terra Chá
Meco,Madrid,
Burela,Lugo,A Mariña Central
Llombai,Valencia,
Belmonte de Miranda,Asturias,
Taramundi,Asturias,
Hellán,Albacete,
Cuarte de Huerva,Zaragoza,Zaragoza
Benicolet,Valencia,
Baña (A),A Coruña,A Barcala
Millares,Valencia,
Almonte,Huelva,El Condado
Coslada,Madrid,
Anglè,Girona,
Chera,Valencia,
Alginet,Valencia,
Barruelo de Santullán,Palencia,
Campo Lameiro,Pontevedra,Pontevedra
Sanxenxo,Pontevedra,O Salnés
Cedeira,A Coruña,Ferrol
Navacerrada,Madrid,
Padrón,A Coruña,O Sar
Cortes de Pallás,Valencia,
Nava de la Asunción,Segovia,
Pobra de Trives (A),Ourense,Terra de Trives
Dolores,Alicante,el Baix Segura / La Vega Baja
Montroy,Valencia,
Vilafant,Girona,Alt Empordà
Albal,Valencia,l'Horta Sud
Massanassa,Valencia,l'Horta Sud
Domeño,Valencia,La Serranía
Olmedilla de Alarcón,Cuenca,
Loriguilla,Valencia,
Arona,Santa Cruz de Tenerife,
Losa del Obispo,Valencia,La Serranía
Chiva,Valencia,
Paiporta,Valencia,l'Horta Sud
Casinos,Valencia,
Madarcos,Madrid,
Pobla de Farnals (la),Valencia,
Pozuelo de Alarcón,Madrid,
Pedralba,Valencia,La Serranía
Chella,Valencia,
Lozoyuela-Navas-Sieteiglesias,Madrid,
Arenys de Mar,Barcelona,Maresme
Benetússer,Valencia,l'Horta Sud
Sant Joan de Moró,Castellón,la Plana Alta
Sant Carles de la Ràpita,Tarragona,Montsià
Sant Pol de Mar,Barcelona,Maresme
Puig,Valencia,
Arganda del Rey,Madrid,
Córdoba - Jaén,Córdoba,
Planes d'Hostoles (Les),Girona,Garrotxa
Gerindote,Toledo,
Vilavella (la),Castellón,
Palafrugell,Girona,Baix Empordà
Riudarenes,Girona,la Selva
Beuda,Girona,Garrotxa
Lekunberri,Navarra,Larraun-Leitzaldea
Villasabariego,León,
Trillo,Guadalajara,
Banyeres de Mariola,Alicante,
Agres,Alicante,
Fuente Álamo de Murcia,Murcia,Campo de Cartagena y Mar Menor
Caravaca de la Cruz,Murcia,Noroeste
Muros de Nalón,Asturias,
Mijas,Málaga,Costa del Sol Occidental
Ardales,Málaga,Guadalteba
Santovenia de la Valdoncina,León,
Sant Llorenç de la Muga,Girona,Alt Empordà
Beniarbeig,Alicante,
Villalonga,Valencia,
Coán,Málaga,
Villasequilla,Toledo,
Font de la Figuera (la),Valencia,
Montichelvo,Valencia,
Aznalcóllar,Sevilla,
Navas de San Juan,Jaén,
Llanes,Asturias,
Xerta,Tarragona,Baix Ebre
Villanueva de la Reina,Jaén,
Peal de Becerro,Jaén,
Venturada,Madrid,
Sella,Alicante,
Higueruelas,Valencia,La Serranía
Alfarràs,Lleida,Segrià
Sopuerta,Bizkaia,
Castillo de Locubín,Jaén,
Olivenza,Badajoz,
Sant Esteve de Palautordera,Barcelona,Vallès Oriental
Puig-reig,Barcelona,Berguedà
Viñuela,Málaga,La Axarquía
Torrox,Málaga,La Axarquía
Posadas,Córdoba,
Gáldar,Las Palmas,
Casarrubios del Monte,Toledo,
Cendejas de Enmedio,Guadalajara,
Beniatjar,Valencia,
Malgrat de Mar,Barcelona,Maresme
Noia,A Coruña,Noia
Cedillo del Condado,Toledo,
Pantoja,Toledo,
Altura,Castellón,
San Martán del Castañar,Salamanca,
Rute,Córdoba,
San Martán de Pusa,Toledo,
Torremolinos,Málaga,Costa del Sol Occidental
Benisanó,Valencia,
Mocejón,Toledo,
Montilla,Córdoba,
Alcalà de Xivert,Castellón,el Baix Maestrat
Porcuna,Jaén,
Álora,Málaga,Valle del Guadalhorce
Torre de Miguel Sesmero,Badajoz,
Sant Antoni de Portmany,Baleares (Illes),Eivissa
Olocau del Rey,Castellón,
Jalón,Alicante,
Miguel Esteban,Toledo,
Llíber,Alicante,
Polop,Alicante,
Almorox,Toledo,
Istán,Málaga,Sierra de las Nieves
Cànoves i Samalús,Barcelona,Vallès Oriental
Riba-roja de Túria,Valencia,
Sant Joan d'Alacant,Alicante,l'Alacantí
Alhaurán de la Torre,Málaga,
Periana,Málaga,La Axarquía
Genovés,Valencia,
Seva - Montseny,Barcelona,
Moaña,Pontevedra,Morrazo
Roda de Andalucáa (La),Sevilla,
Chodos,Castellón,
Folgoso do Courel,Lugo,Quiroga
Meñaka,Bizkaia,
Fernán-Núñez,Córdoba,
Almussafes,Valencia,
Alconchel,Badajoz,
Pelahustán,Toledo,
Casabermeja,Málaga,Antequera
Alzira,Valencia,
Villacarrillo,Jaén,
Ibi,Alicante,
Alcolea de Tajo,Toledo,
Magán,Toledo,
Sabiote,Jaén,
Villarrubia de Santiago,Toledo,
Garrigàs,Girona,Alt Empordà
Sant Adrià de Besòs,Barcelona,Barcelonès
Caravaca de la Cruz - Abya-Paluoya,Murcia,
Moratalla,Murcia,Noroeste
Cebolla,Toledo,
Toreno,León,El Bierzo
Montizón,Jaén,
Merindad de Montija - Alegría-Dulantzi,Burgos,
Huerta de Valdecarábanos,Toledo,
Munébrega,Zaragoza,Comunidad de Calatayud
Albuera (La),Badajoz,
Tejeda,Las Palmas,
Zalamea de la Serena,Badajoz,
Villanueva del Río y Minas,Sevilla,
Ezcaray,La Rioja,
Padrenda,Ourense,Terra da Celanova
Villar del Arzobispo,Valencia,La Serranía
Orba,Alicante,
Macastre,Valencia,
Pelayos de la Presa,Madrid,
San Pedro del Pinatar,Murcia,Campo de Cartagena y Mar Menor
San Javier,Murcia,Campo de Cartagena y Mar Menor
Gorafe,Granada,Comarca de Guadix
Puerto Lumbreras,Murcia,Alto Guadalentín
Roda de Ter,Barcelona,Osona
Tarifa,Cádiz,Campo de Gibraltar
Arrasate/Mondragón,Gipuzkoa,
Güeñes - Alegría-Dulantzi,Bizkaia,
Santiago-Pontones,Jaén,
Gernika-Lumo,Bizkaia,
Fuentidueña de Tajo,Madrid,
Sant Pere de Vilamajor,Barcelona,Vallès Oriental
Higueras,Castellón,
Abanilla,Murcia,Oriental
Andoain,Gipuzkoa,
Soneja,Castellón,
Montejaque,Málaga,Serranía de Ronda
Calamonte,Badajoz,
Cadaqués,Girona,Alt Empordà
Ronquillo (El),Sevilla,
Almogía,Málaga,Valle del Guadalhorce
Sénia (La),Tarragona,Montsià
Aldea del Rey,Ciudad Real,
Salines (Ses),Baleares (Illes),Migjorn
Nogal de las Huertas,Palencia,
Algimia de Almonacid,Castellón,
Villaseca de la Sagra,Toledo,
Torreperogil,Jaén,
Icod de los Vinos,Santa Cruz de Tenerife,
Traiguera,Castellón,el Baix Maestrat
Chinchilla de Monte-Aragón,Albacete,
Badia del Vallès,Barcelona,Vallès Occidental
Higuera de la Sierra,Huelva,Sierra de Huelva
Méntrida,Toledo,
Garray,Soria,
Puebla de Don Rodrigo,Ciudad Real,
Alegría-Dulantzi,Araba/Álava,Arabako lautada
Merindad de Montija,Burgos,
Senija,Alicante,
Andratx,Baleares (Illes),Serra de Tramuntana
Romeral (El),Toledo,
Vilamaniscle,Girona,Alt Empordà
Urduña-Orduña,Bizkaia,
Dosbarrios,Toledo,
Valverde del Camino,Huelva,El Andévalo
Sueca,Valencia,
Vilaflor,Santa Cruz de Tenerife,
Baena,Córdoba,
Candelario,Salamanca,
Mejorada del Campo,Madrid,
Yátova,Valencia,
Fuenmayor,La Rioja,
Sencelles,Baleares (Illes),Pla de Mallorca
Maria de la Salut,Baleares (Illes),Pla de Mallorca
Murchante,Navarra,Ribera / Erribera
Alfara de Carles,Tarragona,Baix Ebre
Quart de Poblet,Valencia,l'Horta Sud
Bigues i Riells,Barcelona,Vallès Oriental
Fuente de Pedro Naharro,Cuenca,
Graus,Huesca,
Cártama,Málaga,Valle del Guadalhorce
Sotillo de la Adrada,Ávila,
Fresno (El),Ávila,
Barraco (El),Ávila,
Villaluenga de la Sagra,Toledo,
Cariñena,Zaragoza,Campo de Cariñena
San Juan de la Rambla,Santa Cruz de Tenerife,
Navahermosa,Toledo,
Garde,Navarra,Pirinioak
Letur,Albacete,
Puebla de Arenoso,Castellón,
Castro del Río,Córdoba,
Lloret de Vistalegre,Baleares (Illes),Pla de Mallorca
Victoria de Acentejo (La),Santa Cruz de Tenerife,
Almensilla,Sevilla,
Orba - Jalón,Alicante,
San Román de los Montes,Toledo,
Luciana,Ciudad Real,
Lorquí,Murcia,Vega Media del Segura
Adeje,Santa Cruz de Tenerife,
Castiello de Jaca,Huesca,La Jacetania
Benferri,Alicante,el Baix Segura / La Vega Baja
Argamasilla de Calatrava,Ciudad Real,
Nájera,La Rioja,
Santa Margalida,Baleares (Illes),Pla de Mallorca
Sabiñán,Zaragoza,Comunidad de Calatayud
Linares - Córdoba,Jaén,
San Juan de Alicante,Alicante,l'Alacantí
Albons,Girona,Baix Empordà
Santa Pola,Alicante,el Baix Vinalopó
Orihuela,Alicante,el Baix Segura / La Vega Baja
Colmenarejo,Madrid,
Tineo - Siero,Asturias,
Villafranca de los Barros,Badajoz,
Lumbrales,Salamanca,
Rubió,Barcelona,Anoia
