fuente,nombre_carrera,fecha,dia_semana,distancia,tipo_modalidad,publico,finisher_d,finisher_h,municipio,comarca,provincia
cursescat,Olla de Tapis 2026,2026-06-21,Domingo,9.0,trail running,Absoluta/General,56,82,Tapis - Maçanet de Cabrenys,Alt Empordà,Girona
cursescat,Olla de Tapis 2026,2026-06-21,Domingo,21.0,trail running,Absoluta/General,15,55,Tapis - Maçanet de Cabrenys,Alt Empordà,Girona
cursescat,La Cirera 2026,2026-06-07,Domingo,7.0,trail running,Absoluta/General,58,36,Terrades,Alt Empordà,Girona
cursescat,La Cirera 2026,2026-06-07,Domingo,13.0,trail running,Absoluta/General,83,160,Terrades,Alt Empordà,Girona
cursescat,Espardenyada 2026,2026-06-07,Domingo,9.0,trail running,Absoluta/General,70,68,Sant Jaume de Llierca,Garrotxa,Girona
cursescat,Espardenyada 2026,2026-06-07,Domingo,16.0,trail running,Absoluta/General,60,125,Sant Jaume de Llierca,Garrotxa,Girona
cursescat,3ª Edició d'els Corriols de Colomers,2026-05-31,Domingo,7.0,marcha,Absoluta/General,47,86,Colomers,Baix Empordà,Girona
cursescat,11ª Edició Marxa de l'Ordi,2026-05-31,Domingo,5.0,marcha,Absoluta/General,90,72,Ordis,Alt Empordà,Girona
cursescat,11ª Edició Marxa de l'Ordi,2026-05-31,Domingo,10.0,marcha,Absoluta/General,49,89,Ordis,Alt Empordà,Girona
cursescat,TerresBlanques 2026,2026-05-24,Domingo,9.0,trail running,Absoluta/General,46,63,Cantallops,Alt Empordà,Girona
cursescat,TerresBlanques 2026,2026-05-24,Domingo,19.0,trail running,Absoluta/General,11,36,Cantallops,Alt Empordà,Girona
cursescat,Marxa dels Dolmens,2026-05-17,Domingo,7.0,trail running,Absoluta/General,39,28,La Jonquera,Alt Empordà,Girona
cursescat,Marxa dels Dolmens,2026-05-17,Domingo,14.0,trail running,Absoluta/General,12,40,La Jonquera,Alt Empordà,Girona
cursescat,Cursa de Primavera,2026-05-03,Domingo,5.0,road running,Absoluta/General,22,24,Sant Julià de Ramis,Gironès,Girona
cursescat,Cursa de Primavera,2026-05-03,Domingo,10.0,road running,Absoluta/General,14,12,Sant Julià de Ramis,Gironès,Girona
cursescat,Trail ALbera Marítima,2026-04-26,Domingo,14.0,Otros,Absoluta/General,10,48,Colera,Alt Empordà,Girona
cursescat,Trail ALbera Marítima,2026-04-26,Domingo,7.0,Otros,Absoluta/General,49,55,Colera,Alt Empordà,Girona
cursescat,Marxa Darnius,2026-04-26,Domingo,15.0,trail running,Absoluta/General,13,38,Darnius,Alt Empordà,Girona
cursescat,Marxa Darnius,2026-04-26,Domingo,7.0,trail running,Absoluta/General,33,28,Darnius,Alt Empordà,Girona
cursescat,5ª Cursa de la Mata,2026-04-19,Domingo,6.0,trail running,Absoluta/General,97,38,Garriguella,Alt Empordà,Girona
cursescat,5ª Cursa de la Mata,2026-04-19,Domingo,11.0,trail running,Absoluta/General,62,73,Garriguella,Alt Empordà,Girona
cursescat,5ª Cursa de la Mata,2026-04-19,Domingo,16.0,trail running,Absoluta/General,17,65,Garriguella,Alt Empordà,Girona
cursescat,La Bacanal,2026-04-19,Domingo,5.0,trail running,Absoluta/General,28,31,Rupià,Baix Empordà,Girona
cursescat,La Bacanal,2026-04-19,Domingo,10.0,trail running,Absoluta/General,11,43,Rupià,Baix Empordà,Girona
cursescat,Engatats Trail 2026,2026-04-18,Sábado,6.0,trail running,Absoluta/General,56,33,Sant Jordi Desvalls,Gironès,Girona
cursescat,Engatats Trail 2026,2026-04-18,Sábado,12.0,trail running,Absoluta/General,21,47,Sant Jordi Desvalls,Gironès,Girona
cursescat,BTT SANT JORDI DESVALLS,2026-04-12,Domingo,26.0,Ciclismo y btt,Absoluta/General,0,57,SANT JORDI DESVALLS,Gironès,Girona
cursescat,BTT SANT JORDI DESVALLS,2026-04-12,Domingo,36.0,Ciclismo y btt,Absoluta/General,6,107,SANT JORDI DESVALLS,Gironès,Girona
cursescat,Fox Trail,2026-04-12,Domingo,14.0,trail running,Absoluta/General,20,77,Sant LLorenç de la Muga,Alt Empordà,Girona
cursescat,Fox Trail,2026-04-12,Domingo,7.0,trail running,Absoluta/General,77,106,Sant LLorenç de la Muga,Alt Empordà,Girona
cursescat,La Marreca,2026-04-11,Sábado,5.0,marcha,Absoluta/General,13,13,Salt,Gironès,Girona
cursescat,La Marreca,2026-04-11,Sábado,10.0,marcha,Absoluta/General,10,21,Salt,Gironès,Girona
cursescat,Cursa de Sant Josep,2026-04-06,Lunes,5.0,road running,Absoluta/General,68,53,Figueres,Alt Empordà,Girona
cursescat,Cursa de Sant Josep,2026-04-06,Lunes,10.0,road running,Absoluta/General,30,97,Figueres,Alt Empordà,Girona
cursescat,Correpoble Baix Empordà,2026-03-28,Sábado,10.0,road running,Absoluta/General,699,652,Santa Cristina d'Aro,Baix Empordà,Girona
cursescat,La Suada 2026,2026-03-22,Domingo,5.0,trail running,Absoluta/General,70,37,Agullana,Alt Empordà,Girona
cursescat,La Suada 2026,2026-03-22,Domingo,15.0,trail running,Absoluta/General,23,77,Agullana,Alt Empordà,Girona
cursescat,Embruixada Trail 2026,2026-03-08,Domingo,12.0,trail running,Absoluta/General,76,108,Llers,Alt Empordà,Girona
cursescat,Embruixada Trail 2026,2026-03-08,Domingo,21.0,trail running,Absoluta/General,15,53,Llers,Alt Empordà,Girona
cursescat,Les Vetes 2026,2026-03-07,Sábado,5.0,marcha,Absoluta/General,54,30,Salt,Gironès,Girona
cursescat,Les Vetes 2026,2026-03-07,Sábado,10.0,marcha,Absoluta/General,21,33,Salt,Gironès,Girona
cursescat,4ª Cursa de Muntanya de Regencós,2026-03-01,Domingo,13.0,trail running,Absoluta/General,1,3,Regencós,Baix Empordà,Girona
cursescat,Balcó de l'Empordà 2026,2026-02-08,Domingo,21.0,trail running,Absoluta/General,16,67,Palau-Savardera,Alt Empordà,Girona
cursescat,Balcó de l'Empordà 2026,2026-02-08,Domingo,11.0,trail running,Absoluta/General,50,84,Palau-Savardera,Alt Empordà,Girona
cursescat,Balcó de l'Empordà 2026,2026-02-08,Domingo,6.0,trail running,Absoluta/General,4,4,Palau-Savardera,Alt Empordà,Girona
cursescat,La Sussissa,2026-01-25,Domingo,10.0,marcha,Absoluta/General,21,109,Espolla,Alt Empordà,Girona
cursescat,La Sussissa,2026-01-25,Domingo,0.0,marcha,Absoluta/General,199,210,Espolla,Alt Empordà,Girona
cursescat,Mitja marató de Roses,2026-01-04,Domingo,21.1,road running,Absoluta/General,65,184,Roses,Alt Empordà,Girona
cursescat,Mitja marató de Roses,2026-01-04,Domingo,7.5,road running,Absoluta/General,93,119,Roses,Alt Empordà,Girona
cursescat,Sant Silvestre Cadaqués,2025-12-31,Miércoles,10.0,road running,Absoluta/General,230,363,Cadaqués,Alt Empordà,Girona
cursescat,Cursa dels nassos Maçanet de Cabrenys,2025-12-31,Miércoles,5.0,road running,Absoluta/General,101,94,Maçanet de Cabrenys,Alt Empordà,Girona
cursescat,Sant Esteve Llagostera,2025-12-28,Domingo,10.0,marcha,Absoluta/General,48,125,Llagostera,Gironès,Girona
cursescat,Sant Esteve Llagostera,2025-12-28,Domingo,5.0,marcha,Absoluta/General,29,54,Llagostera,Gironès,Girona
cursescat,Sant Silvestre Palafrugell,2025-12-28,Domingo,5.0,road running,Absoluta/General,52,110,Palafrugell,Baix Empordà,Girona
cursescat,Trail La Vall,2025-11-30,Domingo,46.0,trail running,Absoluta/General,4,25,Bellcaire d'Empordà,Baix Empordà,Girona
cursescat,Trail La Vall,2025-11-30,Domingo,22.0,trail running,Absoluta/General,38,89,Bellcaire d'Empordà,Baix Empordà,Girona
cursescat,Trail La Vall,2025-11-30,Domingo,13.0,trail running,Absoluta/General,23,87,Bellcaire d'Empordà,Baix Empordà,Girona
cursescat,Trail La Vall,2025-11-30,Domingo,0.0,trail running,Absoluta/General,16,18,Bellcaire d'Empordà,Baix Empordà,Girona
cursescat,Cims de Girona 2025 -Rocacorba-,2025-11-28,Viernes,0.0,Otros,Absoluta/General,25,65,Canet D'Adri -Rocacorba,Gironès,Girona
cursescat,Olla de Tapis 2025,2025-11-23,Domingo,9.0,trail running,Absoluta/General,67,102,Tapis -Maçanet de Cabrenys,Alt Empordà,Girona
cursescat,Olla de Tapis 2025,2025-11-23,Domingo,20.0,trail running,Absoluta/General,17,47,Tapis -Maçanet de Cabrenys,Alt Empordà,Girona
cursescat,Cims de Girona 2025 -Sant Miquel-,2025-11-20,Jueves,0.0,trail running,Absoluta/General,24,77,Girona,Gironès,Girona
cursescat,Trail LLuerts 2025,2025-11-16,Domingo,9.0,trail running,Absoluta/General,72,58,Viladamat,Alt Empordà,Girona
cursescat,Trail LLuerts 2025,2025-11-16,Domingo,15.0,trail running,Absoluta/General,12,27,Viladamat,Alt Empordà,Girona
cursescat,Querroig 2025,2025-11-16,Domingo,9.0,trail running,Absoluta/General,81,72,Portbou,Alt Empordà,Girona
cursescat,Querroig 2025,2025-11-16,Domingo,15.0,trail running,Absoluta/General,32,72,Portbou,Alt Empordà,Girona
cursescat,Querroig 2025,2025-11-16,Domingo,21.0,trail running,Absoluta/General,14,45,Portbou,Alt Empordà,Girona
cursescat,MDM 2025,2025-11-09,Domingo,42.2,trail running,Absoluta/General,2,12,Beuda,Garrotxa,Girona
cursescat,MDM 2025,2025-11-09,Domingo,21.1,trail running,Absoluta/General,8,11,Beuda,Garrotxa,Girona
cursescat,MDM 2025,2025-11-09,Domingo,12.0,trail running,Absoluta/General,18,35,Beuda,Garrotxa,Girona
cursescat,BTT Darnius 2025,2025-10-26,Domingo,26.0,Ciclismo y btt,Absoluta/General,4,38,Darnius,Alt Empordà,Girona
cursescat,BTT Darnius 2025,2025-10-26,Domingo,40.0,Ciclismo y btt,Absoluta/General,3,43,Darnius,Alt Empordà,Girona
cursescat,La Selvatjada 2025,2025-10-25,Sábado,7.5,trail running,Absoluta/General,95,97,La Selva de Mar,Alt Empordà,Girona
cursescat,La Selvatjada 2025,2025-10-25,Sábado,15.0,trail running,Absoluta/General,23,104,La Selva de Mar,Alt Empordà,Girona
cursescat,BesaluCross 2025,2025-10-19,Domingo,12.0,trail running,Absoluta/General,41,78,Besalú,Garrotxa,Girona
cursescat,BesaluCross 2025,2025-10-19,Domingo,21.0,trail running,Absoluta/General,13,41,Besalú,Garrotxa,Girona
cursescat,Cursa Orriols,2025-10-11,Sábado,6.0,road running,Absoluta/General,48,43,Orriols,Alt Empordà,Girona
cursescat,Cursa Orriols,2025-10-11,Sábado,11.0,road running,Absoluta/General,20,41,Orriols,Alt Empordà,Girona
cursescat,Cursa de la dona de Roses,2025-09-21,Domingo,5.0,Otros,Absoluta/General,1088,439,Roses,Alt Empordà,Girona
cursescat,Ventallonina2025,2025-09-21,Domingo,8.0,marcha,Absoluta/General,111,85,Ventalló,Alt Empordà,Girona
cursescat,Ventallonina2025,2025-09-21,Domingo,11.0,marcha,Absoluta/General,29,57,Ventalló,Alt Empordà,Girona
cursescat,Cursa Bomebrs Girona,2025-09-14,Domingo,5.0,road running,Absoluta/General,56,58,Girona,Gironès,Girona
cursescat,Cursa Bomebrs Girona,2025-09-14,Domingo,10.0,road running,Absoluta/General,115,133,Girona,Gironès,Girona
cursescat,Tramuntana trail 2025,2025-09-11,Jueves,11.0,trail running,Absoluta/General,24,61,La Jonquera,Alt Empordà,Girona
cursescat,Despertaferro 2025,2025-09-11,Jueves,8.0,trail running,Absoluta/General,118,80,Bàscara,Alt Empordà,Girona
cursescat,Despertaferro 2025,2025-09-11,Jueves,11.0,trail running,Absoluta/General,61,139,Bàscara,Alt Empordà,Girona
cursescat,Cursa caminada Parlem del suicidi,2025-09-06,Sábado,6.0,trail running,Absoluta/General,0,39,Avinyonet de puigventòs,Alt Empordà,Girona
cursescat,Cursa caminada Parlem del suicidi,2025-09-06,Sábado,10.0,trail running,Absoluta/General,22,44,Avinyonet de puigventòs,Alt Empordà,Girona
cursescat,Cursa del Blat de Moro,2025-08-22,Viernes,5.0,trail running,Absoluta/General,120,58,Cabanes,Alt Empordà,Girona
cursescat,Cursa del Blat de Moro,2025-08-22,Viernes,10.0,trail running,Absoluta/General,26,82,Cabanes,Alt Empordà,Girona
cursescat,Travessia Roses 2025,2025-08-10,Domingo,2.0,Otros,Absoluta/General,50,109,Roses,Alt Empordà,Girona
cursescat,Travessia Roses 2025,2025-08-10,Domingo,1.0,Otros,Absoluta/General,58,88,Roses,Alt Empordà,Girona
cursescat,AMER,2025-08-10,Domingo,5.0,road running,Absoluta/General,19,30,,,
cursescat,AMER,2025-08-10,Domingo,10.0,road running,Absoluta/General,13,58,,,
cursescat,Milla Urbana Sant Feliu,2025-08-09,Sábado,1.6,road running,Absoluta/General,8,2,Sant feliu de Guixols,Baix Empordà,Girona
cursescat,25a TRAVESSA S'EIXUGADOR-AIGUAFREDA,2025-07-20,Domingo,1.0,Otros,Absoluta/General,84,109,BEGUR,Baix Empordà,Girona
cursescat,LA SANTA CURSA,2025-07-19,Sábado,6.0,Otros,Absoluta/General,67,106,SANTA LLOGAIA d'ALGEMA,Alt Empordà,Girona
cursescat,Barretina Rural Fest 2025,2025-07-05,Sábado,6.0,Otros,Absoluta/General,122,91,Siurana d'Empordà,Alt Empordà,Girona
cursescat,Terres Blanques,2025-06-08,Domingo,10.0,trail running,Absoluta/General,28,54,Cantallops,Alt Empordà,Girona
cursescat,Terres Blanques,2025-06-08,Domingo,20.0,trail running,Absoluta/General,3,24,Cantallops,Alt Empordà,Girona
cursescat,Corriols de Colomers,2025-06-01,Domingo,14.0,road running,Absoluta/General,67,111,Colomers,Baix Empordà,Girona
cursescat,Cursa de la Cirera,2025-06-01,Domingo,13.0,trail running,Absoluta/General,111,162,Terrades,Alt Empordà,Girona
cursescat,Cursa de la Cirera,2025-06-01,Domingo,19.0,trail running,Absoluta/General,12,41,Terrades,Alt Empordà,Girona
cursescat,Marxa Ordis 2025,2025-05-25,Domingo,7.0,marcha,Absoluta/General,88,85,Ordis,Alt Empordà,Girona
cursescat,Marxa Ordis 2025,2025-05-25,Domingo,13.0,marcha,Absoluta/General,81,106,Ordis,Alt Empordà,Girona
cursescat,Marxa dels Dolmens,2025-05-18,Domingo,7.0,trail running,Absoluta/General,49,33,La Jonquera,Alt Empordà,Girona
cursescat,Marxa dels Dolmens,2025-05-18,Domingo,14.0,trail running,Absoluta/General,12,40,La Jonquera,Alt Empordà,Girona
cursescat,Cursa Solidària de Primavera,2025-05-04,Domingo,5.0,marcha,Absoluta/General,28,28,Sant Julià de Ramis,Gironès,Girona
cursescat,Cursa Solidària de Primavera,2025-05-04,Domingo,10.0,marcha,Absoluta/General,15,20,Sant Julià de Ramis,Gironès,Girona
cursescat,Albera Marítima,2025-05-04,Domingo,8.0,trail running,Absoluta/General,64,59,Colera,Alt Empordà,Girona
cursescat,Albera Marítima,2025-05-04,Domingo,17.0,trail running,Absoluta/General,16,50,Colera,Alt Empordà,Girona
cursescat,Marxa de la Tortuga,2025-04-27,Domingo,8.0,trail running,Absoluta/General,48,38,Darnius,Alt Empordà,Girona
cursescat,Marxa de la Tortuga,2025-04-27,Domingo,15.0,trail running,Absoluta/General,5,28,Darnius,Alt Empordà,Girona
cursescat,La Marreca 2025,2025-04-26,Sábado,5.0,road running,Absoluta/General,29,9,Salt,Gironès,Girona
cursescat,La Marreca 2025,2025-04-26,Sábado,10.0,road running,Absoluta/General,20,34,Salt,Gironès,Girona
cursescat,Bacanal 2025,2025-04-20,Domingo,8.0,trail running,Absoluta/General,20,36,Rupià,Baix Empordà,Girona
cursescat,Bacanal 2025,2025-04-20,Domingo,14.0,trail running,Absoluta/General,20,61,Rupià,Baix Empordà,Girona
cursescat,Engatats 2025,2025-04-19,Sábado,5.0,trail running,Absoluta/General,48,27,Sant Jordi Desvalls,Gironès,Girona
cursescat,Engatats 2025,2025-04-19,Sábado,10.0,trail running,Absoluta/General,24,57,Sant Jordi Desvalls,Gironès,Girona
cursescat,Marxa del Garrí 2025,2025-04-13,Domingo,6.0,marcha,Absoluta/General,0,24,Garrigàs,Alt Empordà,Girona
cursescat,Marxa del Garrí 2025,2025-04-13,Domingo,12.0,marcha,Absoluta/General,65,45,Garrigàs,Alt Empordà,Girona
cursescat,Correpoble 2025,2025-04-12,Sábado,10.0,road running,Absoluta/General,716,619,La Bisbal,Baix Empordà,Girona
cursescat,Fox Trail 2025,2025-04-06,Domingo,8.0,trail running,Absoluta/General,171,148,Sant LLorenç de la Muga,Alt Empordà,Girona
cursescat,Fox Trail 2025,2025-04-06,Domingo,15.0,trail running,Absoluta/General,55,161,Sant LLorenç de la Muga,Alt Empordà,Girona
cursescat,BTT Sant Jordi 2025,2025-04-06,Domingo,25.0,Ciclismo y btt,Absoluta/General,3,64,Sant Jordi Desvalls,Gironès,Girona
cursescat,BTT Sant Jordi 2025,2025-04-06,Domingo,38.0,Ciclismo y btt,Absoluta/General,8,186,Sant Jordi Desvalls,Gironès,Girona
cursescat,La Suada 2025,2025-03-23,Domingo,5.0,marcha,Absoluta/General,15,11,Agullana,Alt Empordà,Girona
cursescat,La Suada 2025,2025-03-23,Domingo,15.0,marcha,Absoluta/General,15,41,Agullana,Alt Empordà,Girona
cursescat,Bike Marató Cap de Creus 2025,2025-03-23,Domingo,25.0,Ciclismo y btt,Absoluta/General,5,59,Roses,Alt Empordà,Girona
cursescat,Bike Marató Cap de Creus 2025,2025-03-23,Domingo,40.0,Ciclismo y btt,Absoluta/General,7,137,Roses,Alt Empordà,Girona
cursescat,Bike Marató Cap de Creus 2025,2025-03-23,Domingo,70.0,Ciclismo y btt,Absoluta/General,0,10,Roses,Alt Empordà,Girona
cursescat,Cusa Sant Josep 2025,2025-03-23,Domingo,5.0,road running,Absoluta/General,57,41,Figueres,Alt Empordà,Girona
cursescat,Cusa Sant Josep 2025,2025-03-23,Domingo,10.0,road running,Absoluta/General,29,100,Figueres,Alt Empordà,Girona
cursescat,Les Vetes 2025,2025-03-22,Sábado,5.0,marcha,Absoluta/General,48,26,Salt,Gironès,Girona
cursescat,Les Vetes 2025,2025-03-22,Sábado,10.0,marcha,Absoluta/General,27,44,Salt,Gironès,Girona
cursescat,Embruixada 2025,2025-03-16,Domingo,12.0,trail running,Absoluta/General,100,122,Llers,Alt Empordà,Girona
cursescat,Embruixada 2025,2025-03-16,Domingo,20.0,trail running,Absoluta/General,24,78,Llers,Alt Empordà,Girona
cursescat,Cursa de la Dona LLagostera,2025-03-03,Lunes,5.0,road running,Absoluta/General,100,47,LLagostera,Gironès,Girona
cursescat,Cursa de la Dona LLagostera,2025-03-03,Lunes,10.0,road running,Absoluta/General,2,0,LLagostera,Gironès,Girona
cursescat,Cursa Regencos,2025-02-16,Domingo,13.0,marcha,Absoluta/General,89,36,Regencós,Baix Empordà,Girona
cursescat,Balco de l'Empordà,2025-02-09,Domingo,0.0,trail running,Absoluta/General,89,58,Palau Saverdera,Alt Empordà,Girona
cursescat,Balco de l'Empordà,2025-02-09,Domingo,11.0,trail running,Absoluta/General,37,84,Palau Saverdera,Alt Empordà,Girona
cursescat,Balco de l'Empordà,2025-02-09,Domingo,21.0,trail running,Absoluta/General,13,77,Palau Saverdera,Alt Empordà,Girona
cursescat,La Sussissa 2025,2025-01-26,Domingo,10.0,marcha,Absoluta/General,250,298,Espolla,Alt Empordà,Girona
cursescat,Sant Silvestre Cadaques,2024-12-31,Martes,10.0,road running,Absoluta/General,241,333,Cadaqués,Alt Empordà,Girona
cursescat,Cursa dels Nassos Maçanet de Cabrenys,2024-12-31,Martes,5.0,road running,Absoluta/General,114,107,Maçanet de Cabrenys,Alt Empordà,Girona
cursescat,Sant Esteve L'Escala,2024-12-26,Jueves,5.0,road running,Absoluta/General,69,70,L'Escala,Alt Empordà,Girona
cursescat,Sant Esteve L'Escala,2024-12-26,Jueves,10.0,road running,Absoluta/General,32,75,L'Escala,Alt Empordà,Girona
cursescat,Nadalenca Agullana,2024-12-22,Domingo,4.0,road running,Absoluta/General,24,18,Agullana,Alt Empordà,Girona
cursescat,Nadalenca Agullana,2024-12-22,Domingo,8.0,road running,Absoluta/General,6,16,Agullana,Alt Empordà,Girona
cursescat,Cims de Girona 2024 -Els Àngels-,2024-12-12,Jueves,0.0,trail running,Absoluta/General,26,57,Els Àngels,Gironès,Girona
cursescat,Trail La Vall,2024-12-01,Domingo,46.0,trail running,Absoluta/General,7,26,Bellcaire d'Empordà,Baix Empordà,Girona
cursescat,Trail La Vall,2024-12-01,Domingo,22.0,trail running,Absoluta/General,18,87,Bellcaire d'Empordà,Baix Empordà,Girona
cursescat,Trail La Vall,2024-12-01,Domingo,13.0,trail running,Absoluta/General,62,94,Bellcaire d'Empordà,Baix Empordà,Girona
cursescat,Trail La Vall,2024-12-01,Domingo,6.0,trail running,Absoluta/General,32,31,Bellcaire d'Empordà,Baix Empordà,Girona
cursescat,Cims de Girona 2024 -Rocacorba-,2024-11-28,Jueves,0.0,trail running,Absoluta/General,25,71,Canet d'Adri,Gironès,Girona
cursescat,Sant Esteve,2024-11-26,Martes,5.0,road running,Absoluta/General,119,122,Llagostera,Gironès,Girona
cursescat,Sant Esteve,2024-11-26,Martes,10.0,road running,Absoluta/General,191,369,Llagostera,Gironès,Girona
cursescat,Corre per l'ICTUS,2024-11-24,Domingo,5.0,Otros,Absoluta/General,34,45,Girona,Gironès,Girona
cursescat,Cims de Girona 2024 -Sant Miquel-,2024-11-21,Jueves,0.0,trail running,Absoluta/General,40,79,Cim de Sant Miquel,Vallès Oriental,Catalunya
cursescat,Querroig2024,2024-11-17,Domingo,9.0,trail running,Absoluta/General,130,71,Portbou,Alt Empordà,Girona
cursescat,Querroig2024,2024-11-17,Domingo,15.0,trail running,Absoluta/General,29,80,Portbou,Alt Empordà,Girona
cursescat,Querroig2024,2024-11-17,Domingo,23.0,trail running,Absoluta/General,5,39,Portbou,Alt Empordà,Girona
cursescat,Marxa Trail LLuerts,2024-11-10,Domingo,8.0,trail running,Absoluta/General,63,50,Viladamat,Alt Empordà,Girona
cursescat,Marxa Trail LLuerts,2024-11-10,Domingo,15.0,trail running,Absoluta/General,7,27,Viladamat,Alt Empordà,Girona
cursescat,Tap Trail,2024-11-03,Domingo,21.0,trail running,Absoluta/General,15,69,Cassà de la Selva,Gironès,Girona
cursescat,Tap Trail,2024-11-03,Domingo,16.0,trail running,Absoluta/General,39,64,Cassà de la Selva,Gironès,Girona
cursescat,Tap Trail,2024-11-03,Domingo,12.0,trail running,Absoluta/General,27,52,Cassà de la Selva,Gironès,Girona
cursescat,Trail Solidària Cervià de TEr,2024-11-03,Domingo,12.0,trail running,Absoluta/General,29,63,Cervià de Ter,Gironès,Girona
cursescat,Trail Solidària Cervià de TEr,2024-11-03,Domingo,20.0,trail running,Absoluta/General,11,32,Cervià de Ter,Gironès,Girona
cursescat,BTT Darnius,2024-10-27,Domingo,14.0,Ciclismo y btt,Absoluta/General,6,56,Darnius,Alt Empordà,Girona
cursescat,BTT Darnius,2024-10-27,Domingo,30.0,Ciclismo y btt,Absoluta/General,0,21,Darnius,Alt Empordà,Girona
cursescat,BTT Darnius,2024-10-27,Domingo,42.0,Ciclismo y btt,Absoluta/General,3,34,Darnius,Alt Empordà,Girona
cursescat,La Selvatjada,2024-10-26,Sábado,6.5,trail running,Absoluta/General,51,61,La Selva de Mar,Alt Empordà,Girona
cursescat,La Selvatjada,2024-10-26,Sábado,13.0,trail running,Absoluta/General,23,79,La Selva de Mar,Alt Empordà,Girona
cursescat,Besalucross,2024-10-20,Domingo,17.0,trail running,Absoluta/General,18,78,Besalú,Garrotxa,Girona
cursescat,Besalucross,2024-10-20,Domingo,11.0,trail running,Absoluta/General,40,79,Besalú,Garrotxa,Girona
cursescat,Olla de Tapis,2024-10-13,Domingo,9.0,trail running,Absoluta/General,133,119,Tapis -Maçanet de la Selva,,
cursescat,Olla de Tapis,2024-10-13,Domingo,21.0,trail running,Absoluta/General,21,87,Tapis -Maçanet de la Selva,,
cursescat,Ventallonina 2024,2024-09-22,Domingo,8.0,trail running,Absoluta/General,142,88,Ventalló,Alt Empordà,Girona
cursescat,Ventallonina 2024,2024-09-22,Domingo,13.0,trail running,Absoluta/General,34,76,Ventalló,Alt Empordà,Girona
cursescat,Cursa de la Dona,2024-09-22,Domingo,5.0,road running,Absoluta/General,939,364,Roses,Alt Empordà,Girona
cursescat,Despertaferro,2024-09-11,Miércoles,11.0,marcha,Absoluta/General,44,126,Bàscara,Alt Empordà,Girona
cursescat,Despertaferro,2024-09-11,Miércoles,6.0,marcha,Absoluta/General,121,107,Bàscara,Alt Empordà,Girona
cursescat,Cursa i Caminada Parlem del Suïcidi,2024-09-07,Sábado,6.0,marcha,Absoluta/General,76,64,Avinyonet de Puigventós,Alt Empordà,Girona
cursescat,Cursa i Caminada Parlem del Suïcidi,2024-09-07,Sábado,2.5,marcha,Absoluta/General,9,14,Avinyonet de Puigventós,Alt Empordà,Girona
cursescat,Cursa del Blat de Moro,2024-08-24,Sábado,9.0,marcha,Absoluta/General,61,65,Cabanes,Alt Empordà,Girona
cursescat,Travessies Roses 2024,2024-08-11,Domingo,1.0,Otros,Absoluta/General,58,84,Roses,Alt Empordà,Girona
cursescat,Travessies Roses 2024,2024-08-11,Domingo,2.0,Otros,Absoluta/General,42,87,Roses,Alt Empordà,Girona
cursescat,Cursa Popular Amer,2024-08-11,Domingo,12.0,road running,Absoluta/General,17,66,Amer,la Selva,Girona
cursescat,Cursa Popular Amer,2024-08-11,Domingo,6.0,road running,Absoluta/General,20,47,Amer,la Selva,Girona
cursescat,Nocturna de Vilafant,2024-07-13,Sábado,19.0,road running,Absoluta/General,29,71,Vilafant,Alt Empordà,Girona
cursescat,Barretina Rural 2024,2024-07-06,Sábado,6.0,Otros,Absoluta/General,102,101,Siurana d'Empordà,Alt Empordà,Girona
cursescat,Marxa popular de les Fonts,2024-06-15,Sábado,6.0,marcha,Absoluta/General,23,30,Vilavenut (Fontcoberta),Pla de l'Estany,Girona
cursescat,Entrecastells Nocturna,2024-06-08,Sábado,8.0,trail running,Absoluta/General,80,62,Vilajuiga,Alt Empordà,Girona
cursescat,La Cirera,2024-06-02,Domingo,13.0,trail running,Absoluta/General,127,136,Terrades,Alt Empordà,Girona
cursescat,La Cirera,2024-06-02,Domingo,19.0,trail running,Absoluta/General,17,53,Terrades,Alt Empordà,Girona
cursescat,Marxa Ordis,2024-05-26,Domingo,7.5,marcha,Absoluta/General,111,99,Ordis,Alt Empordà,Girona
cursescat,Marxa Ordis,2024-05-26,Domingo,13.0,marcha,Absoluta/General,64,102,Ordis,Alt Empordà,Girona
cursescat,Terres Blanques,2024-05-26,Domingo,10.0,trail running,Absoluta/General,24,34,Cantallops,Alt Empordà,Girona
cursescat,Terres Blanques,2024-05-26,Domingo,20.0,trail running,Absoluta/General,8,46,Cantallops,Alt Empordà,Girona
cursescat,Marxa dels Dòlmens,2024-05-19,Domingo,10.0,trail running,Absoluta/General,89,97,LA JONQUERA,Alt Empordà,Girona
cursescat,Marxa dels Dòlmens,2024-05-19,Domingo,21.0,trail running,Absoluta/General,6,20,LA JONQUERA,Alt Empordà,Girona
cursescat,Cusa Solidàtia Sant Julià de Ramis 2024,2024-05-05,Domingo,5.0,marcha,Absoluta/General,34,29,Sant Julià de Ramis,Gironès,Girona
cursescat,Cusa Solidàtia Sant Julià de Ramis 2024,2024-05-05,Domingo,10.0,marcha,Absoluta/General,7,23,Sant Julià de Ramis,Gironès,Girona
cursescat,Marxa de la Tortuga Darnius 2024,2024-04-28,Domingo,9.0,trail running,Absoluta/General,20,22,Darnius,Alt Empordà,Girona
cursescat,Marxa de la Tortuga Darnius 2024,2024-04-28,Domingo,15.0,trail running,Absoluta/General,9,29,Darnius,Alt Empordà,Girona
cursescat,Cursa de les Gavarres,2024-04-28,Domingo,21.0,trail running,Absoluta/General,22,68,Sant Martí Vell,Gironès,Girona
cursescat,Trail Alberamarítima,2024-04-21,Domingo,21.0,trail running,Absoluta/General,37,67,Colera,Alt Empordà,Girona
cursescat,Trail Alberamarítima,2024-04-21,Domingo,8.0,trail running,Absoluta/General,71,77,Colera,Alt Empordà,Girona
cursescat,BTT  Penjamarrans,2024-04-14,Domingo,0.0,Ciclismo y btt,Absoluta/General,3,38,Navata,Alt Empordà,Girona
cursescat,BTT  Penjamarrans,2024-04-14,Domingo,24.0,Ciclismo y btt,Absoluta/General,6,15,Navata,Alt Empordà,Girona
cursescat,BTT  Penjamarrans,2024-04-14,Domingo,35.0,Ciclismo y btt,Absoluta/General,0,7,Navata,Alt Empordà,Girona
cursescat,BTT  Penjamarrans,2024-04-14,Domingo,40.0,Ciclismo y btt,Absoluta/General,3,58,Navata,Alt Empordà,Girona
cursescat,BTT  Penjamarrans,2024-04-14,Domingo,90.0,Ciclismo y btt,Absoluta/General,1,43,Navata,Alt Empordà,Girona
cursescat,Bacanal 2024,2024-04-14,Domingo,8.0,marcha,Absoluta/General,15,25,Rupià,Baix Empordà,Girona
cursescat,Bacanal 2024,2024-04-14,Domingo,14.0,marcha,Absoluta/General,17,52,Rupià,Baix Empordà,Girona
cursescat,V MARXA DEL GARRI 2024,2024-04-14,Domingo,7.0,marcha,Absoluta/General,82,55,Garrigàs,Alt Empordà,Girona
cursescat,V MARXA DEL GARRI 2024,2024-04-14,Domingo,13.0,marcha,Absoluta/General,38,27,Garrigàs,Alt Empordà,Girona
cursescat,FOX TRAIL 2024,2024-04-07,Domingo,7.0,trail running,Absoluta/General,163,135,SANT LLORENÇ DE LA MUGA,Alt Empordà,Girona
cursescat,FOX TRAIL 2024,2024-04-07,Domingo,14.0,trail running,Absoluta/General,56,167,SANT LLORENÇ DE LA MUGA,Alt Empordà,Girona
cursescat,BTT Sant JOrdi 2024,2024-04-07,Domingo,25.0,Ciclismo y btt,Absoluta/General,10,87,Sant Jordi Desvalls,Gironès,Girona
cursescat,BTT Sant JOrdi 2024,2024-04-07,Domingo,35.0,Ciclismo y btt,Absoluta/General,10,193,Sant Jordi Desvalls,Gironès,Girona
cursescat,Bike Marató,2024-03-24,Domingo,4.0,Ciclismo y btt,Absoluta/General,12,178,Roses,Alt Empordà,Girona
cursescat,Bike Marató,2024-03-24,Domingo,90.0,Ciclismo y btt,Absoluta/General,1,10,Roses,Alt Empordà,Girona
cursescat,Correpoble 2024,2024-03-23,Sábado,10.0,road running,Absoluta/General,715,589,Calonge i Sant Antoni,Baix Empordà,Girona
cursescat,Balco de l'Empordà,2024-03-17,Domingo,6.0,trail running,Absoluta/General,63,42,Palau-Saverdera,Alt Empordà,Girona
cursescat,Balco de l'Empordà,2024-03-17,Domingo,11.0,trail running,Absoluta/General,36,68,Palau-Saverdera,Alt Empordà,Girona
cursescat,Balco de l'Empordà,2024-03-17,Domingo,21.0,trail running,Absoluta/General,19,73,Palau-Saverdera,Alt Empordà,Girona
cursescat,Cursa de la Dona Agullana,2024-03-10,Domingo,5.0,road running,Absoluta/General,52,20,Agullana,Alt Empordà,Girona
cursescat,Cursa de la Dona Agullana,2024-03-10,Domingo,10.0,road running,Absoluta/General,32,16,Agullana,Alt Empordà,Girona
cursescat,Cursa de la Dona Llagostera,2024-03-10,Domingo,5.0,road running,Absoluta/General,34,16,Llagostera,Gironès,Girona
cursescat,Cursa de la Dona Llagostera,2024-03-10,Domingo,10.0,road running,Absoluta/General,67,29,Llagostera,Gironès,Girona
cursescat,Les Vetes 2024,2024-03-09,Sábado,5.0,marcha,Absoluta/General,22,11,Salt,Gironès,Girona
cursescat,Les Vetes 2024,2024-03-09,Sábado,10.0,marcha,Absoluta/General,8,17,Salt,Gironès,Girona
cursescat,Embruixada 2024,2024-02-25,Domingo,12.0,trail running,Absoluta/General,78,102,Llers,Alt Empordà,Girona
cursescat,Embruixada 2024,2024-02-25,Domingo,21.0,trail running,Absoluta/General,24,80,Llers,Alt Empordà,Girona
cursescat,Cursa de Muntanya de Regencós,2024-02-25,Domingo,0.0,marcha,Absoluta/General,19,74,Regencós,Baix Empordà,Girona
cursescat,Cursa de Muntanya de Regencós,2024-02-25,Domingo,0.0,marcha,Absoluta/General,13,4,Regencós,Baix Empordà,Girona
cursescat,Tramun Trail 2024,2024-02-19,Lunes,12.0,trail running,Absoluta/General,0,1,L'Escala,Alt Empordà,Girona
cursescat,Tramun Trail 2024,2024-02-19,Lunes,21.0,trail running,Absoluta/General,8,32,L'Escala,Alt Empordà,Girona
cursescat,La Sussissa 2024,2024-01-28,Domingo,10.0,trail running,Absoluta/General,260,290,Espolla,Alt Empordà,Girona
cursescat,Crematorrons 2024,2024-01-21,Domingo,25.0,trail running,Absoluta/General,4,150,Torroella de Montgrí,Baix Empordà,Girona
cursescat,Crematorrons 2024,2024-01-21,Domingo,36.0,trail running,Absoluta/General,0,2,Torroella de Montgrí,Baix Empordà,Girona
cursescat,Crematorrons 2024,2024-01-21,Domingo,7.0,trail running,Absoluta/General,8,55,Torroella de Montgrí,Baix Empordà,Girona
cursescat,Crematorrons 2024,2024-01-21,Domingo,13.5,trail running,Absoluta/General,3,40,Torroella de Montgrí,Baix Empordà,Girona
cursescat,Sant Silvestre Cadaqués,2023-12-31,Domingo,10.0,road running,Absoluta/General,202,280,Cadaqués,Alt Empordà,Girona
cursescat,Cursa dels Nassos,2023-12-31,Domingo,5.0,road running,Absoluta/General,103,95,Maçanet de Cabrenys,Alt Empordà,Girona
cursescat,Sant Esteve Llagostera,2023-12-26,Martes,5.0,marcha,Absoluta/General,129,108,Llagostera,Gironès,Girona
cursescat,Sant Esteve Llagostera,2023-12-26,Martes,10.0,marcha,Absoluta/General,134,288,Llagostera,Gironès,Girona
cursescat,Sant Esteve L'Escala,2023-12-26,Martes,5.0,road running,Absoluta/General,28,60,L'Escala,Alt Empordà,Girona
cursescat,1era Nadalenca Agullana,2023-12-23,Sábado,4.0,marcha,Absoluta/General,27,21,Agullana,Alt Empordà,Girona
cursescat,1era Nadalenca Agullana,2023-12-23,Sábado,8.0,marcha,Absoluta/General,7,18,Agullana,Alt Empordà,Girona
cursescat,Trail la Vall,2023-12-03,Domingo,46.0,trail running,Absoluta/General,1,32,Bellcaire d'Empordà,Baix Empordà,Girona
cursescat,Trail la Vall,2023-12-03,Domingo,22.0,trail running,Absoluta/General,22,86,Bellcaire d'Empordà,Baix Empordà,Girona
cursescat,Trail la Vall,2023-12-03,Domingo,13.0,trail running,Absoluta/General,61,96,Bellcaire d'Empordà,Baix Empordà,Girona
cursescat,Trail la Vall,2023-12-03,Domingo,6.0,trail running,Absoluta/General,21,34,Bellcaire d'Empordà,Baix Empordà,Girona
cursescat,Cims Girona -Els Àngels-,2023-11-30,Jueves,0.0,trail running,Absoluta/General,21,69,Girona,Gironès,Girona
cursescat,CIMS GIRONA SANT MIQUEL,2023-11-23,Jueves,0.0,trail running,Absoluta/General,22,68,SANT MIQUEL,Bages,Catalunya
cursescat,QuerRoig 2023,2023-11-19,Domingo,9.0,trail running,Absoluta/General,123,74,Portbou,Alt Empordà,Girona
cursescat,QuerRoig 2023,2023-11-19,Domingo,21.0,trail running,Absoluta/General,25,84,Portbou,Alt Empordà,Girona
cursescat,BTT DARNIUS,2023-11-12,Domingo,23.0,Ciclismo y btt,Absoluta/General,2,38,Darnius,Alt Empordà,Girona
cursescat,BTT DARNIUS,2023-11-12,Domingo,46.0,Ciclismo y btt,Absoluta/General,3,19,Darnius,Alt Empordà,Girona
cursescat,Tap Trail,2023-11-05,Domingo,16.0,trail running,Absoluta/General,44,55,Cassà de la Selva,Gironès,Girona
cursescat,Tap Trail,2023-11-05,Domingo,21.0,trail running,Absoluta/General,7,45,Cassà de la Selva,Gironès,Girona
cursescat,Marxa Trail solidària de Cervià de Ter,2023-11-05,Domingo,10.0,trail running,Absoluta/General,59,74,Cervià de Ter,Gironès,Girona
cursescat,Marxa Trail solidària de Cervià de Ter,2023-11-05,Domingo,20.0,trail running,Absoluta/General,14,79,Cervià de Ter,Gironès,Girona
cursescat,BesalúCross,2023-10-29,Domingo,13.0,trail running,Absoluta/General,29,72,Besalú,Garrotxa,Girona
cursescat,BesalúCross,2023-10-29,Domingo,20.0,trail running,Absoluta/General,15,65,Besalú,Garrotxa,Girona
cursescat,Olla de Tapis,2023-10-15,Domingo,21.0,trail running,Absoluta/General,21,71,Tapis -Maçanet de Cabrenys,Alt Empordà,Girona
cursescat,Olla de Tapis,2023-10-15,Domingo,9.0,trail running,Absoluta/General,110,120,Tapis -Maçanet de Cabrenys,Alt Empordà,Girona
cursescat,Trail LLuerts,2023-10-01,Domingo,8.0,trail running,Absoluta/General,83,82,Viladamat,Alt Empordà,Girona
cursescat,Trail LLuerts,2023-10-01,Domingo,16.0,trail running,Absoluta/General,11,41,Viladamat,Alt Empordà,Girona
cursescat,Cursa de la Dona Roses,2023-09-24,Domingo,5.0,Otros,Absoluta/General,827,334,Roses,Alt Empordà,Girona
cursescat,Ventallonina,2023-09-24,Domingo,8.0,trail running,Absoluta/General,140,106,Ventalló,Alt Empordà,Girona
cursescat,Ventallonina,2023-09-24,Domingo,13.0,trail running,Absoluta/General,23,56,Ventalló,Alt Empordà,Girona
cursescat,Cursa dels Bombers de Girona,2023-09-17,Domingo,5.0,road running,Absoluta/General,4,14,Girona,Gironès,Girona
cursescat,Cursa dels Bombers de Girona,2023-09-17,Domingo,10.0,road running,Absoluta/General,63,92,Girona,Gironès,Girona
cursescat,DESPERTAFERRO,2023-09-11,Lunes,6.0,trail running,Absoluta/General,126,95,BÀSCARA,Alt Empordà,Girona
cursescat,DESPERTAFERRO,2023-09-11,Lunes,12.0,trail running,Absoluta/General,35,83,BÀSCARA,Alt Empordà,Girona
cursescat,Travessia GEN Roses,2023-08-13,Domingo,1.0,Otros,Absoluta/General,23,30,Roses,Alt Empordà,Girona
cursescat,Travessia GEN Roses,2023-08-13,Domingo,2.0,Otros,Absoluta/General,48,57,Roses,Alt Empordà,Girona
cursescat,Travessia Local de Roses,2023-08-06,Domingo,0.9,Otros,Absoluta/General,50,106,Roses,Alt Empordà,Girona
cursescat,Travessia Local de Roses,2023-08-06,Domingo,0.15,Otros,Absoluta/General,10,15,Roses,Alt Empordà,Girona
cursescat,Cursa Amer,2023-08-06,Domingo,12.0,road running,Absoluta/General,26,70,Amer,la Selva,Girona
cursescat,Cursa Amer,2023-08-06,Domingo,6.0,road running,Absoluta/General,17,31,Amer,la Selva,Girona
cursescat,Milla Urbana Sant Feliu de Guixols,2023-08-05,Sábado,11.6,road running,Absoluta/General,18,44,Sant Feliu de Guixols,Baix Empordà,Girona
cursescat,Rebentarocs 2023,2023-07-29,Sábado,6.0,trail running,Absoluta/General,34,29,Calabuig - Bàscara,Alt Empordà,Girona
cursescat,Rebentarocs 2023,2023-07-29,Sábado,10.0,trail running,Absoluta/General,13,54,Calabuig - Bàscara,Alt Empordà,Girona
cursescat,Nocturna Vilafant 2023,2023-07-15,Sábado,10.0,marcha,Absoluta/General,14,57,Vilafant,Alt Empordà,Girona
cursescat,Barretina Rural 2023,2023-07-01,Sábado,6.0,Otros,Absoluta/General,85,113,Siurana d'Empordà,Alt Empordà,Girona
cursescat,Cursa de la Dona de Castelló 2023,2023-06-04,Domingo,5.0,Otros,Absoluta/General,436,140,Castelló d'Empúries,Alt Empordà,Girona
cursescat,Cursa de la Cirera 2023,2023-06-04,Domingo,13.0,trail running,Absoluta/General,17,56,Terrades,Alt Empordà,Girona
cursescat,Cursa de la Cirera 2023,2023-06-04,Domingo,19.0,trail running,Absoluta/General,143,138,Terrades,Alt Empordà,Girona
cursescat,Dolmens 2023,2023-05-21,Domingo,7.0,trail running,Absoluta/General,40,31,La Jonquera,Alt Empordà,Girona
cursescat,Dolmens 2023,2023-05-21,Domingo,13.0,trail running,Absoluta/General,23,49,La Jonquera,Alt Empordà,Girona
cursescat,Cursa Primavera Sant Julià,2023-05-14,Domingo,5.0,trail running,Absoluta/General,26,35,Sant Julià de Ramis,Gironès,Girona
cursescat,Cursa Primavera Sant Julià,2023-05-14,Domingo,10.0,trail running,Absoluta/General,11,40,Sant Julià de Ramis,Gironès,Girona
cursescat,La Bacanal de Rupià,2023-04-23,Domingo,8.0,trail running,Absoluta/General,15,47,Rupià,Baix Empordà,Girona
cursescat,La Bacanal de Rupià,2023-04-23,Domingo,14.0,trail running,Absoluta/General,0,1,Rupià,Baix Empordà,Girona
cursescat,BTT SANT JORDI,2023-04-16,Domingo,26.0,Ciclismo y btt,Absoluta/General,0,36,SANT JORDI DESVALLS,Gironès,Girona
cursescat,BTT SANT JORDI,2023-04-16,Domingo,47.0,Ciclismo y btt,Absoluta/General,7,192,SANT JORDI DESVALLS,Gironès,Girona
cursescat,FOX TRAIL 2023,2023-04-02,Domingo,7.5,trail running,Absoluta/General,131,138,SANT LLORENÇ DE LA MUGA,Alt Empordà,Girona
cursescat,FOX TRAIL 2023,2023-04-02,Domingo,15.0,trail running,Absoluta/General,31,131,SANT LLORENÇ DE LA MUGA,Alt Empordà,Girona
cursescat,CORREPOBLE 2023,2023-04-01,Sábado,10.0,road running,Absoluta/General,582,519,Palamós,Baix Empordà,Girona
cursescat,Cursa de la Dona Agullana,2023-03-26,Domingo,5.0,Otros,Absoluta/General,90,35,Agullana,Alt Empordà,Girona
cursescat,Les Vetes,2023-03-25,Sábado,5.0,marcha,Absoluta/General,49,30,Salt,Gironès,Girona
cursescat,Les Vetes,2023-03-25,Sábado,10.0,marcha,Absoluta/General,19,24,Salt,Gironès,Girona
cursescat,Bike Marató Cap de Creus,2023-03-19,Domingo,46.0,Ciclismo y btt,Absoluta/General,9,148,Roses,Alt Empordà,Girona
cursescat,Bike Marató Cap de Creus,2023-03-19,Domingo,76.0,Ciclismo y btt,Absoluta/General,0,1,Roses,Alt Empordà,Girona
cursescat,Badia de Roses,2023-03-12,Domingo,10.0,road running,Absoluta/General,50,75,Roses,Alt Empordà,Girona
cursescat,Badia de Roses,2023-03-12,Domingo,5.0,road running,Absoluta/General,48,39,Roses,Alt Empordà,Girona
cursescat,Cursa de la Dona Llagostera,2023-03-12,Domingo,10.0,Otros,Absoluta/General,107,51,Llagostera,Gironès,Girona
cursescat,Cursa de la Dona Llagostera,2023-03-12,Domingo,5.0,Otros,Absoluta/General,75,18,Llagostera,Gironès,Girona
cursescat,Cursa Regencós,2023-02-26,Domingo,11.0,trail running,Absoluta/General,21,86,Regencós,Baix Empordà,Girona
cursescat,Crematorrons 2023,2023-02-12,Domingo,0.0,trail running,Absoluta/General,10,11,Torroella de Montgrí,Baix Empordà,Girona
cursescat,Crematorrons 2023,2023-02-12,Domingo,47.0,trail running,Absoluta/General,6,82,Torroella de Montgrí,Baix Empordà,Girona
cursescat,Crematorrons 2023,2023-02-12,Domingo,28.0,trail running,Absoluta/General,6,76,Torroella de Montgrí,Baix Empordà,Girona
cursescat,Crematorrons 2023,2023-02-12,Domingo,28.0,trail running,Absoluta/General,0,21,Torroella de Montgrí,Baix Empordà,Girona
cursescat,Crematorrons 2023,2023-02-12,Domingo,8.0,trail running,Absoluta/General,24,25,Torroella de Montgrí,Baix Empordà,Girona
cursescat,Balcó de l'Empordà,2023-02-12,Domingo,6.0,trail running,Absoluta/General,69,38,Palau-Saverdera,Alt Empordà,Girona
cursescat,Balcó de l'Empordà,2023-02-12,Domingo,10.0,trail running,Absoluta/General,58,97,Palau-Saverdera,Alt Empordà,Girona
cursescat,Balcó de l'Empordà,2023-02-12,Domingo,21.0,trail running,Absoluta/General,20,68,Palau-Saverdera,Alt Empordà,Girona
cursescat,CANICROSS LA CELLERA,2023-02-05,Domingo,7.0,Otros,Absoluta/General,30,46,LA CELLERA DE TER,la Selva,Girona
cursescat,Marxa de la Sussissa,2023-01-29,Domingo,10.0,trail running,Absoluta/General,239,261,Espolla,Alt Empordà,Girona
cursescat,Sant Silevestre Cadaqués,2022-12-31,Sábado,10.0,road running,Absoluta/General,132,263,Cadaqués,Alt Empordà,Girona
cursescat,Cursa dels Nassos,2022-12-31,Sábado,5.0,road running,Absoluta/General,83,81,Maçanet de Cabrenys,Alt Empordà,Girona
cursescat,Sant Esteve Llagostera,2022-12-26,Lunes,5.0,marcha,Absoluta/General,33,49,Llagostera,Gironès,Girona
cursescat,Sant Esteve Llagostera,2022-12-26,Lunes,10.0,marcha,Absoluta/General,58,138,Llagostera,Gironès,Girona
cursescat,Cursa de la Dona La Jonquera,2022-12-26,Lunes,5.0,marcha,Absoluta/General,118,72,La Jonquera,Alt Empordà,Girona
cursescat,Sant Esteve L'Escala,2022-12-26,Lunes,5.0,marcha,Absoluta/General,0,3,L'Escala,Alt Empordà,Girona
cursescat,TRAIL LA VALL,2022-12-18,Domingo,46.0,trail running,Absoluta/General,2,7,BELLCAIRE D'EMPORDÀ,Baix Empordà,Girona
cursescat,TRAIL LA VALL,2022-12-18,Domingo,22.0,trail running,Absoluta/General,54,110,BELLCAIRE D'EMPORDÀ,Baix Empordà,Girona
cursescat,TRAIL LA VALL,2022-12-18,Domingo,16.0,trail running,Absoluta/General,11,81,BELLCAIRE D'EMPORDÀ,Baix Empordà,Girona
cursescat,TRAIL LA VALL,2022-12-18,Domingo,6.0,trail running,Absoluta/General,27,21,BELLCAIRE D'EMPORDÀ,Baix Empordà,Girona
cursescat,Cims Girona 2022 -Rocacorba-,2022-12-15,Jueves,5.17,trail running,Absoluta/General,19,48,Canet d'Adri,Gironès,Girona
cursescat,Cims Girona 2022 -Els Àngels-,2022-12-01,Jueves,5.0,trail running,Absoluta/General,25,60,Girona,Gironès,Girona
cursescat,CIMS GIRONA -ST. MIQUEL,2022-11-24,Jueves,3.0,trail running,Absoluta/General,29,66,GIRONA -ST MIQUEL,Garrotxa,Girona
cursescat,TAPTRAIL,2022-11-06,Domingo,23.0,trail running,Absoluta/General,2,28,Cassà de la Selva,Gironès,Girona
cursescat,TAPTRAIL,2022-11-06,Domingo,15.0,trail running,Absoluta/General,81,31,Cassà de la Selva,Gironès,Girona
cursescat,TAPTRAIL,2022-11-06,Domingo,13.0,trail running,Absoluta/General,33,61,Cassà de la Selva,Gironès,Girona
cursescat,BTT Darnius,2022-11-01,Martes,24.0,Ciclismo y btt,Absoluta/General,0,15,Darnius,Alt Empordà,Girona
cursescat,BTT Darnius,2022-11-01,Martes,44.0,Ciclismo y btt,Absoluta/General,2,63,Darnius,Alt Empordà,Girona
cursescat,Besalucross,2022-10-30,Domingo,10.0,trail running,Absoluta/General,50,66,Besalú,Garrotxa,Girona
cursescat,Besalucross,2022-10-30,Domingo,17.0,trail running,Absoluta/General,22,102,Besalú,Garrotxa,Girona
cursescat,Trail Badia de Roses,2022-10-23,Domingo,19.0,trail running,Absoluta/General,25,72,Roses,Alt Empordà,Girona
cursescat,Olla de Tapis 2022,2022-10-16,Domingo,21.0,trail running,Absoluta/General,32,98,Tapis -Maçanet de Cabrenys,Alt Empordà,Girona
cursescat,Olla de Tapis 2022,2022-10-16,Domingo,9.0,trail running,Absoluta/General,107,125,Tapis -Maçanet de Cabrenys,Alt Empordà,Girona
cursescat,TRAIL LLUERTS,2022-10-12,Miércoles,15.0,marcha,Absoluta/General,34,82,VILADAMAT,Alt Empordà,Girona
cursescat,TRAIL LLUERTS,2022-10-12,Miércoles,7.0,marcha,Absoluta/General,129,107,VILADAMAT,Alt Empordà,Girona
cursescat,Cursa de la Dona Roses,2022-09-25,Domingo,5.0,Otros,Absoluta/General,732,282,Roses,Alt Empordà,Girona
cursescat,VENTALLONINA,2022-09-25,Domingo,5.0,trail running,Absoluta/General,87,57,VENTALLÓ,Alt Empordà,Girona
cursescat,VENTALLONINA,2022-09-25,Domingo,10.0,trail running,Absoluta/General,49,70,VENTALLÓ,Alt Empordà,Girona
cursescat,MARXA DEL PORRO,2022-09-18,Domingo,14.0,trail running,Absoluta/General,22,37,CAPMANY,Alt Empordà,Girona
cursescat,MARXA DEL PORRO,2022-09-18,Domingo,7.0,trail running,Absoluta/General,19,20,CAPMANY,Alt Empordà,Girona
cursescat,Entrecastells Nocturna,2022-08-20,Sábado,7.5,trail running,Absoluta/General,59,90,Vilajuïga,Alt Empordà,Girona
cursescat,Travessia GEN Roses Popular,2022-08-14,Domingo,1.0,Otros,Absoluta/General,25,21,Roses,Alt Empordà,Girona
cursescat,Travessia GEN Roses Llarga,2022-08-14,Domingo,2.0,Otros,Absoluta/General,17,44,Roses,Alt Empordà,Girona
cursescat,Travessia Local Roses,2022-08-07,Domingo,0.2,Otros,Absoluta/General,42,65,Roses,Alt Empordà,Girona
cursescat,CURSA AMER,2022-08-07,Domingo,14.0,trail running,Absoluta/General,12,63,AMER,la Selva,Girona
cursescat,CURSA AMER,2022-08-07,Domingo,6.0,trail running,Absoluta/General,12,25,AMER,la Selva,Girona
cursescat,Cursa Port de la Selva,2022-08-05,Viernes,8.0,road running,Absoluta/General,11,36,Port de la Selva,la Selva,Girona
cursescat,Cursa Port de la Selva,2022-08-05,Viernes,4.0,road running,Absoluta/General,26,35,Port de la Selva,la Selva,Girona
cursescat,La Mugada 2022,2022-07-30,Sábado,7.0,Otros,Absoluta/General,197,188,Castelló d'Empúries,Alt Empordà,Girona
cursescat,La Bat Mugada (Nocturna),2022-07-30,Sábado,5.0,Otros,Absoluta/General,49,61,Castelló d'Empúries,Alt Empordà,Girona
cursescat,Rebentarrocs 2022,2022-07-30,Sábado,5.0,trail running,Absoluta/General,28,27,Calabuig (Bàscara),Alt Empordà,Girona
cursescat,Rebentarrocs 2022,2022-07-30,Sábado,11.0,trail running,Absoluta/General,19,66,Calabuig (Bàscara),Alt Empordà,Girona
cursescat,Nocturna de Vilafant,2022-07-16,Sábado,10.0,marcha,Absoluta/General,0,1,Vilafant,Alt Empordà,Girona
cursescat,MONTCALRUN,2022-07-03,Domingo,0.0,trail running,Absoluta/General,53,58,MAIÀ DE MONTCAL,Garrotxa,Girona
cursescat,MONTCALRUN,2022-07-03,Domingo,21.1,trail running,Absoluta/General,16,62,MAIÀ DE MONTCAL,Garrotxa,Girona
cursescat,MONTCALRUN,2022-07-03,Domingo,42.2,trail running,Absoluta/General,7,25,MAIÀ DE MONTCAL,Garrotxa,Girona
cursescat,BARRETINA RURAL,2022-07-02,Sábado,6.0,Otros,Absoluta/General,446,370,SIURANA,Alt Empordà,Girona
cursescat,PUJADA A LA SALUT,2022-06-19,Domingo,3.0,trail running,Absoluta/General,19,62,SANT FELIU DE PALLEROLS,Garrotxa,Girona
cursescat,CURSA DE LA CIRERA,2022-06-05,Domingo,13.0,trail running,Absoluta/General,94,134,TERRADES,Alt Empordà,Girona
cursescat,CURSA DE LA CIRERA,2022-06-05,Domingo,19.0,trail running,Absoluta/General,13,62,TERRADES,Alt Empordà,Girona
cursescat,CURSA DE LA DONA,2022-05-29,Domingo,6.0,road running,Absoluta/General,379,94,CASTELLÓ D'EMPÚRIES,Alt Empordà,Girona
cursescat,MARXA DE L'ORDI,2022-05-29,Domingo,8.0,marcha,Absoluta/General,69,52,ORDIS,Alt Empordà,Girona
cursescat,MARXA DE L'ORDI,2022-05-29,Domingo,14.0,marcha,Absoluta/General,28,55,ORDIS,Alt Empordà,Girona
cursescat,CURSA LES PEDRERES FORA MURALLA,2022-05-22,Domingo,14.0,trail running,Absoluta/General,19,47,GIRONA,Gironès,Girona
cursescat,MARXA DELS DOLMES,2022-05-22,Domingo,7.0,trail running,Absoluta/General,33,26,LA JONQUERA,Alt Empordà,Girona
cursescat,MARXA DELS DOLMES,2022-05-22,Domingo,14.0,trail running,Absoluta/General,34,48,LA JONQUERA,Alt Empordà,Girona
cursescat,Cursa solidària de Primavera,2022-05-08,Domingo,5.0,trail running,Absoluta/General,17,22,Sant Julià de Ramis,Gironès,Girona
cursescat,Cursa solidària de Primavera,2022-05-08,Domingo,10.0,trail running,Absoluta/General,13,35,Sant Julià de Ramis,Gironès,Girona
cursescat,Cursa de la Dona de LLagostera,2022-04-24,Domingo,5.0,marcha,Absoluta/General,77,11,Llagostera,Gironès,Girona
cursescat,Cursa de la Dona de LLagostera,2022-04-24,Domingo,10.0,marcha,Absoluta/General,111,38,Llagostera,Gironès,Girona
cursescat,BTT SANT SANT JORDI DESVALLS,2022-04-10,Domingo,35.0,Ciclismo y btt,Absoluta/General,8,188,SANT JORDI DESVALLS,Gironès,Girona
cursescat,BTT SANT SANT JORDI DESVALLS,2022-04-10,Domingo,25.0,Ciclismo y btt,Absoluta/General,0,21,SANT JORDI DESVALLS,Gironès,Girona
cursescat,Bacanard Trail,2022-04-10,Domingo,21.0,trail running,Absoluta/General,19,113,Begur,Baix Empordà,Girona
cursescat,Bacanard Trail,2022-04-10,Domingo,13.0,trail running,Absoluta/General,102,74,Begur,Baix Empordà,Girona
cursescat,FOXTRAIL 2022,2022-04-10,Domingo,15.0,trail running,Absoluta/General,35,132,SANT LLORENÇ DE LA MUGA,Alt Empordà,Girona
cursescat,FOXTRAIL 2022,2022-04-10,Domingo,7.5,trail running,Absoluta/General,134,108,SANT LLORENÇ DE LA MUGA,Alt Empordà,Girona
cursescat,BIKE MARATÓ LLISTAT INDIVIDUAL,2022-03-27,Domingo,47.0,Ciclismo y btt,Absoluta/General,17,194,ROSES,Alt Empordà,Girona
cursescat,BIKE MARATÓ LLISTAT INDIVIDUAL,2022-03-27,Domingo,74.0,Ciclismo y btt,Absoluta/General,1,4,ROSES,Alt Empordà,Girona
cursescat,CURSA LES VETES,2022-03-26,Sábado,5.0,marcha,Absoluta/General,39,18,SALT,Gironès,Girona
cursescat,CURSA LES VETES,2022-03-26,Sábado,10.0,marcha,Absoluta/General,20,43,SALT,Gironès,Girona
cursescat,Despertaferro Nocturna,2022-02-19,Sábado,6.0,trail running,Absoluta/General,71,59,Bàscara,Alt Empordà,Girona
cursescat,Despertaferro Nocturna,2022-02-19,Sábado,11.0,trail running,Absoluta/General,17,53,Bàscara,Alt Empordà,Girona
cursescat,BALCÓ DE L'EMPORDÀ,2022-02-13,Domingo,21.0,trail running,Absoluta/General,18,86,PALAU-SAVERDERA,Alt Empordà,Girona
cursescat,BALCÓ DE L'EMPORDÀ,2022-02-13,Domingo,10.0,trail running,Absoluta/General,46,84,PALAU-SAVERDERA,Alt Empordà,Girona
cursescat,BALCÓ DE L'EMPORDÀ,2022-02-13,Domingo,7.0,trail running,Absoluta/General,84,67,PALAU-SAVERDERA,Alt Empordà,Girona
cursescat,Balcó de l'Empordà,2022-02-09,Miércoles,8.0,trail running,Absoluta/General,109,121,Palau Savardera,Alt Empordà,Girona
cursescat,Balcó de l'Empordà,2022-02-09,Miércoles,17.0,trail running,Absoluta/General,27,88,Palau Savardera,Alt Empordà,Girona
cursescat,La Sussissa 2022,2022-01-30,Domingo,10.0,marcha,Absoluta/General,270,292,Espolla,Alt Empordà,Girona
cursescat,CREMATORRONS 2022,2022-01-23,Domingo,0.0,trail running,Absoluta/General,0,22,Torroella de Montgrí,Baix Empordà,Girona
cursescat,CREMATORRONS 2022,2022-01-23,Domingo,0.0,trail running,Absoluta/General,13,197,Torroella de Montgrí,Baix Empordà,Girona
cursescat,CREMATORRONS 2022,2022-01-23,Domingo,0.0,trail running,Absoluta/General,14,41,Torroella de Montgrí,Baix Empordà,Girona
cursescat,Sant Silvestre Cadaqués,2021-12-31,Viernes,10.0,marcha,Absoluta/General,1,0,Cadaqués,Alt Empordà,Girona
cursescat,Cursa dels Nassos Maçanet de Cabrenys,2021-12-31,Viernes,5.0,road running,Absoluta/General,53,54,Maçanet de Cabrenys,Alt Empordà,Girona
cursescat,Sant Esteve Llagostera,2021-12-26,Domingo,5.0,marcha,Absoluta/General,45,150,LLagostera,Gironès,Girona
cursescat,Sant Esteve Llagostera,2021-12-26,Domingo,10.0,marcha,Absoluta/General,0,8,LLagostera,Gironès,Girona
cursescat,Trail La Vall 2021,2021-12-12,Domingo,22.0,trail running,Absoluta/General,12,92,Bellcaire d'Empordà,Baix Empordà,Girona
cursescat,Trail La Vall 2021,2021-12-12,Domingo,13.0,trail running,Absoluta/General,65,95,Bellcaire d'Empordà,Baix Empordà,Girona
cursescat,Trail La Vall 2021,2021-12-12,Domingo,6.0,trail running,Absoluta/General,33,35,Bellcaire d'Empordà,Baix Empordà,Girona
cursescat,Cims -Rocacorba,2021-12-09,Jueves,3.5,trail running,Absoluta/General,11,41,Girona,Gironès,Girona
cursescat,Cims de Girona -Els Àngels-,2021-12-02,Jueves,3.5,trail running,Absoluta/General,12,52,Girona,Gironès,Girona
cursescat,MoncalBike,2021-11-21,Domingo,32.0,Ciclismo y btt,Absoluta/General,1,35,Maià de Montcal,Garrotxa,Girona
cursescat,MoncalBike,2021-11-21,Domingo,42.0,Ciclismo y btt,Absoluta/General,11,168,Maià de Montcal,Garrotxa,Girona
cursescat,III Marxa BTT Darnius,2021-11-01,Lunes,22.0,Ciclismo y btt,Absoluta/General,0,22,Darnius,Alt Empordà,Girona
cursescat,III Marxa BTT Darnius,2021-11-01,Lunes,35.0,Ciclismo y btt,Absoluta/General,5,81,Darnius,Alt Empordà,Girona
cursescat,IX MARXA TRAIL DELS LLUERTS,2021-10-17,Domingo,7.0,trail running,Absoluta/General,117,63,VILADAMAT,Alt Empordà,Girona
cursescat,IX MARXA TRAIL DELS LLUERTS,2021-10-17,Domingo,15.0,trail running,Absoluta/General,28,72,VILADAMAT,Alt Empordà,Girona
cursescat,Olla de Tapis,2021-10-10,Domingo,8.0,trail running,Absoluta/General,58,75,Tapis -Maçanet de Cabrenys,Alt Empordà,Girona
cursescat,Olla de Tapis,2021-10-10,Domingo,21.0,trail running,Absoluta/General,17,89,Tapis -Maçanet de Cabrenys,Alt Empordà,Girona
cursescat,Cursa de Tiffany's,2021-09-26,Domingo,6.5,trail running,Absoluta/General,75,54,Ventalló,Alt Empordà,Girona
cursescat,Cursa de Tiffany's,2021-09-26,Domingo,11.5,trail running,Absoluta/General,49,58,Ventalló,Alt Empordà,Girona
cursescat,Trail Verdera,2021-09-25,Sábado,10.0,trail running,Absoluta/General,12,73,Palau Saverdera,Alt Empordà,Girona
cursescat,Despertaferro,2021-09-11,Sábado,5.7,trail running,Absoluta/General,57,42,Bàscara,Alt Empordà,Girona
cursescat,Despertaferro,2021-09-11,Sábado,11.0,trail running,Absoluta/General,26,63,Bàscara,Alt Empordà,Girona
cursescat,III Marxa del Porró,2021-08-21,Sábado,10.0,trail running,Absoluta/General,20,46,Capmany,Alt Empordà,Girona
cursescat,Travessia Natació GEN Roses,2021-08-15,Domingo,0.0,Otros,Absoluta/General,16,49,Roses,Alt Empordà,Girona
cursescat,Travessia popular,2021-08-15,Domingo,0.0,Otros,Absoluta/General,20,29,Roses,Alt Empordà,Girona
cursescat,Rebentarrocs,2021-07-25,Domingo,6.5,trail running,Absoluta/General,42,44,Calabuig -Bàscara,Alt Empordà,Girona
cursescat,Rebentarrocs,2021-07-25,Domingo,11.0,trail running,Absoluta/General,12,65,Calabuig -Bàscara,Alt Empordà,Girona
cursescat,La Nocturna de Vilafant,2021-07-17,Sábado,5.0,trail running,Absoluta/General,87,66,Vilafant,Alt Empordà,Girona
cursescat,La Nocturna de Vilafant,2021-07-17,Sábado,10.0,trail running,Absoluta/General,12,21,Vilafant,Alt Empordà,Girona
cursescat,La Nocturna de Vilafant,2020-07-18,Sábado,5.0,trail running,Absoluta/General,67,42,Vilafant,Alt Empordà,Girona
cursescat,La Nocturna de Vilafant,2020-07-18,Sábado,10.0,trail running,Absoluta/General,19,31,Vilafant,Alt Empordà,Girona
cursescat,5 Marxa la Sussissa,2020-01-26,Domingo,10.0,trail running,Absoluta/General,247,305,Espolla,Alt Empordà,Girona
cursescat,Sant Silvetres Cadaqués,2019-12-31,Martes,10.0,marcha,Absoluta/General,119,256,Cadaqués,Alt Empordà,Girona
cursescat,Sant Esteve Llagostera,2019-12-26,Jueves,5.0,marcha,Absoluta/General,66,189,Llagostera,Gironès,Girona
cursescat,Sant Esteve Llagostera,2019-12-26,Jueves,10.0,marcha,Absoluta/General,110,377,Llagostera,Gironès,Girona
cursescat,Cims de Girona -Final-,2019-12-12,Jueves,0.0,trail running,Absoluta/General,17,73,Rocacorba,Baix Camp,Tarragona
cursescat,Trail La Vall,2019-09-15,Domingo,6.0,trail running,Absoluta/General,12,10,Bellcaire d'Empordà,Baix Empordà,Girona
cursescat,Trail La Vall,2019-09-15,Domingo,13.0,trail running,Absoluta/General,37,73,Bellcaire d'Empordà,Baix Empordà,Girona
cursescat,Trail La Vall,2019-09-15,Domingo,22.0,trail running,Absoluta/General,20,68,Bellcaire d'Empordà,Baix Empordà,Girona
cursescat,Rebentarrocs,2019-07-27,Sábado,6.0,trail running,Absoluta/General,38,41,Calabuig -Bàscara,Alt Empordà,Girona
cursescat,Rebentarrocs,2019-07-27,Sábado,11.0,trail running,Absoluta/General,25,73,Calabuig -Bàscara,Alt Empordà,Girona
cursescat,Balcó de l'Empordà,2019-02-10,Domingo,16.0,trail running,Absoluta/General,16,58,Palau Savardera,Alt Empordà,Girona
cursescat,Balcó de l'Empordà,2019-02-10,Domingo,7.0,trail running,Absoluta/General,112,96,Palau Savardera,Alt Empordà,Girona
cursescat,Marxa la Susissa,2019-01-27,Domingo,10.0,trail running,Absoluta/General,162,215,Espolla,Alt Empordà,Girona
cursescat,Sant Esteve Llagostera,2018-12-26,Miércoles,5.0,marcha,Absoluta/General,82,128,Llagostera,Gironès,Girona
cursescat,Sant Esteve Llagostera,2018-12-26,Miércoles,10.0,marcha,Absoluta/General,131,332,Llagostera,Gironès,Girona
cursescat,Trail la Vall,2018-09-16,Domingo,6.0,trail running,Absoluta/General,17,11,Bellcaire d'Empordà,Baix Empordà,Girona
cursescat,Trail la Vall,2018-09-16,Domingo,13.0,trail running,Absoluta/General,41,72,Bellcaire d'Empordà,Baix Empordà,Girona
cursescat,Trail la Vall,2018-09-16,Domingo,22.0,trail running,Absoluta/General,11,73,Bellcaire d'Empordà,Baix Empordà,Girona
cursescat,FOXTRAIL 2018,2018-04-22,Domingo,6.0,trail running,Absoluta/General,48,45,SANT LLORENÇ DE LA MUGA,Alt Empordà,Girona
cursescat,FOXTRAIL 2018,2018-04-22,Domingo,15.0,trail running,Absoluta/General,15,57,SANT LLORENÇ DE LA MUGA,Alt Empordà,Girona
cursescat,FOXTRAIL 2018,2018-04-22,Domingo,22.0,trail running,Absoluta/General,2,34,SANT LLORENÇ DE LA MUGA,Alt Empordà,Girona
cursescat,La Sussissa,2018-01-07,Domingo,10.0,trail running,Absoluta/General,83,176,Espolla,Alt Empordà,Girona
cursescat,Trail La Vall,2017-11-11,Sábado,21.0,trail running,Absoluta/General,7,68,Bellcaire d'Empordà,Baix Empordà,Girona
cursescat,Trail La Vall,2017-11-11,Sábado,15.0,trail running,Absoluta/General,28,72,Bellcaire d'Empordà,Baix Empordà,Girona
cursescat,FOXTRAIL 2017,2017-05-20,Sábado,7.0,trail running,Absoluta/General,94,102,SANT LLORENÇ DE LA MUGA,Alt Empordà,Girona
cursescat,FOXTRAIL 2017,2017-05-20,Sábado,16.0,trail running,Absoluta/General,24,70,SANT LLORENÇ DE LA MUGA,Alt Empordà,Girona
cursescat,FOXTRAIL 2017,2017-05-20,Sábado,27.0,trail running,Absoluta/General,7,39,SANT LLORENÇ DE LA MUGA,Alt Empordà,Girona
cursescat,La Susssissa,2017-01-08,Domingo,10.0,trail running,Absoluta/General,132,206,Espolla,Alt Empordà,Girona
cursescat,Trail la Vall,2016-09-30,Viernes,13.0,trail running,Absoluta/General,17,48,Bellcaire d'Empordà,Baix Empordà,Girona
cursescat,Trail la Vall,2016-09-30,Viernes,22.0,trail running,Absoluta/General,11,68,Bellcaire d'Empordà,Baix Empordà,Girona
cursescat,Trail la Vall,2015-11-11,Miércoles,20.0,trail running,Absoluta/General,11,79,Bellcaire d'Empordà,Baix Empordà,Girona
cursescat,Trail la Vall,2015-11-11,Miércoles,15.0,trail running,Absoluta/General,21,56,Bellcaire d'Empordà,Baix Empordà,Girona
