nombre_carrera,candidato_lugar,municipio,comarca,provincia,lat,lon
TRAIL DE LLORET DE MAR,LLORET DE MAR,Lloret de Mar,,Girona,41.6973503,2.8392392
XIV CROS ESCOLAR DE NOU BARRIS 2021,NOU BARRIS,Barcelona,,Barcelona,41.4458153,2.1798006
24A MILLA URBANA DE RIPOLLET,RIPOLLET,Ripollet,,Barcelona,41.4993372,2.1573095
CURSA DELTA PRAT,DELTA PRAT,el Prat de Llobregat,,Barcelona,41.3167712,2.0915264
CROS POPULAR DE SANTS,SANTS,Barcelona,,Barcelona,41.3753288,2.1349117
XIV CROS ESCOLAR SANTS MONTJUÏC 2021,SANTS MONTJUÏC,Barcelona,,Barcelona,41.3672708,2.1437553
7K,7K,València,,València / Valencia,39.4822418,-0.3375002
XVIIÈ CROS DE SANT MARTÍ,SANT MARTÍ,Barcelona,,Barcelona,41.4084102,2.2031889
CURSA DE PINEDA DE MAR,PINEDA DE MAR,Pineda de Mar,,Barcelona,41.6276807,2.6898707
CURSA POPULAR DEL MASNOU 2021,MASNOU,Sant Joan de les Abadesses,,Girona,42.2355446,2.2631993
CURSA DE NOU BARRIS,NOU BARRIS,Barcelona,,Barcelona,41.4458153,2.1798006
XL CURSA POPULAR DE LA GARRIGA,LA GARRIGA,la Garriga,,Barcelona,41.6849111,2.2865796
MITJA MARATÓ COSTA BARCELONA MARESME,COSTA BARCELONA MARESME,Vilassar de Mar,,Barcelona,41.5078858,2.3880903
CURSA DE LA MERCÈ,LA MERCÈ,Girona,,Girona,41.9818185,2.8255876
CURSA DE PARETS DEL VALLÈS,PARETS DEL VALLÈS,Parets del Vallès,,Barcelona,41.5729405,2.2338087
11A CURSA NOCTURNA DE L'HOSPITALET,L'HOSPITALET,l'Hospitalet de Llobregat,,Barcelona,41.3595118,2.0996318
"40A CURSA POPULAR ""CIUTAT DE CORNELLÀ""","""CIUTAT DE CORNELLÀ""",Cornellà de Llobregat,,Barcelona,41.3574598,2.0854332
19È CROS DE CANOVELLES,CANOVELLES,Canovelles,,Barcelona,41.6173948,2.28288
CURSA LLUÍS COMPANYS,LLUÍS COMPANYS,Anglès,,Girona,41.9563185,2.635811
57È CROS ESCOLAR DE CORNELLÀ DE LLOBREGAT,CORNELLÀ DE LLOBREGAT,Cornellà de Llobregat,,Barcelona,41.355724,2.0706225
22È CROS SANTA SUSANNA,SANTA SUSANNA,Santa Susanna,,Barcelona,41.6357256,2.7065933
MITJA MARATÓ AL PARC DE COLLSEROLA,PARC DE COLLSEROLA,Sant Cugat del Vallès,,Barcelona,41.4347985,2.1164083
41È CROS DELS ARENYS,ARENYS,Arenys de Mar,,Barcelona,41.5797031,2.5491562
4A CURSA SOLIDÀRIA DE CARDEDEU 21K,CARDEDEU,Cardedeu,,Barcelona,41.6385167,2.3558408
12A CURSA POPULAR DE SANT VICENÇ DELS HORTS,SANT VICENÇ DELS HORTS,Sant Vicenç dels Horts,,Barcelona,41.3934193,2.0099482
CURSA POPULAR SANT MARTÍ,SANT MARTÍ,Barcelona,,Barcelona,41.4084102,2.2031889
1R  CROS DE  TORDERA,TORDERA,Tordera,,Barcelona,41.7013581,2.7182911
22ENA CURSA DE MARTORELL 5KM,MARTORELL,Martorell,,Barcelona,41.4743886,1.9307159
ELS 10 DE LES FRANQUESES,ELS 10 DE LES FRANQUESES,Corró d'Avall,,Barcelona,41.6632547,2.2983157
XVIIIÈ CROS DE SANT MARTÍ,SANT MARTÍ,Barcelona,,Barcelona,41.4084102,2.2031889
55 CROS DE GRANOLLERS,GRANOLLERS,Granollers,,Barcelona,41.6079555,2.2876008
CURSA DE SANT ANDREU - BARCELONA,SANT ANDREU - BARCELONA,Barcelona,,Barcelona,41.4372495,2.1954872
26È CROS DE MALGRAT,MALGRAT,Cervera,,Lleida,41.7095128,1.3009333
CURSA EL PONT DE VILOMARA I ROCAFORT,EL PONT DE VILOMARA I ROCAFORT,el Pont de Vilomara i Rocafort,,Barcelona,41.7049485,1.907075
51È CROS CIUTAT DE MATARÓ,MATARÓ,Mataró,,Barcelona,41.5398348,2.4448926
43A CURSA POPULAR DE LA SAGRERA,LA SAGRERA,Barcelona,,Barcelona,41.4212771,2.1866174
MITJA MARATÓ CIUTAT DE VILANOVA,VILANOVA,Vilanova i la Geltrú,,Barcelona,41.2241992,1.7256327
XV CROS DE SANTS-MONTJUIC,SANTS-MONTJUIC,Barcelona,,Barcelona,41.3672708,2.1437553
13È CROS D’ALELLA,ALELLA,Alella,,Barcelona,41.4955603,2.2935325
5È CROS DE PINEDA DE MAR,PINEDA DE MAR,Pineda de Mar,,Barcelona,41.6276807,2.6898707
MITJA MARATÓ DE SITGES,SITGES,Sitges,,Barcelona,41.2353596,1.8114102
CURSA BARRI DE SANT ANTONI,BARRI DE SANT ANTONI,Alacant / Alicante,,Alacant / Alicante,38.3508606,-0.4854613
MITJA DE TERRASSA,TERRASSA,Terrassa,,Barcelona,41.5629623,2.0100492
XVIII CROS DE LES CORTS,LES CORTS,Barcelona,,Barcelona,41.3872483,2.1205352
28È CROS CIUTAT DE CALELLA,CALELLA,Calella,,Barcelona,41.6132925,2.6576102
XXIII CURSA SANT VICENÇ MOLLET DEL VALLÈS,SANT VICENÇ MOLLET DEL VALLÈS,Mollet del Vallès,,Barcelona,41.5393214,2.2134405
1R CROS SANT CEBRIÀ DE VALLALTA,SANT CEBRIÀ DE VALLALTA,Sant Cebrià de Vallalta,,Barcelona,41.620353,2.6017906
CROS DE L’EIXAMPLE,L’EIXAMPLE,Barcelona,,Barcelona,41.3936885,2.1636552
CURSA DE LA DONA SANTA COLOMA DE GRAMENET,LA DONA SANTA COLOMA DE GRAMENET,Santa Coloma de Gramenet,,Barcelona,41.450363,2.2191661
II TRAIL DE LA DONA RURAL,LA DONA RURAL,Ibeas de Juarros,,Castilla y León,42.251798,-3.5868551
CROS ESCOLAR CIUTAT VELLA,VELLA,Sollana,,València / Valencia,39.2653402,-0.3612999
MITJA MARATÓ COLOMENCA I 10K,COLOMENCA I,Santa Coloma de Gramenet,,Barcelona,41.4548785,2.2064485
XVII MARATÓ DEL MEDITERRANI:,MEDITERRANI:,Barcelona,,Barcelona,41.3311099,2.1150177
1A CURSA SOLIDÀRIA MOSSOS D'ESQUADRA BADALONA,MOSSOS D'ESQUADRA BADALONA,Badalona,,Barcelona,41.4605823,2.2502755
CROS ESCOLAR NOU BARRIS,NOU BARRIS,Barcelona,,Barcelona,41.4458153,2.1798006
25A MILLA URBANA DE RIPOLLET,RIPOLLET,Ripollet,,Barcelona,41.4993372,2.1573095
CURSA SOLIDÀRIA DE CARDEDEU,CARDEDEU,Cardedeu,,Barcelona,41.6385167,2.3558408
12A CURSA NOCTURNA DE L'HOSPITALET,L'HOSPITALET,l'Hospitalet de Llobregat,,Barcelona,41.3595118,2.0996318
XI CROS ESCOLAR DE SANT ANDREU,SANT ANDREU,Barcelona,,Barcelona,41.4372495,2.1954872
ELS 10 DE SANTA,ELS 10 DE SANTA,Santa Pau,,Girona,42.140992,2.5854685
CURSA POPULAR CIUTAT DE BADALONA,BADALONA,Badalona,,Barcelona,41.4493539,2.248254
9A MILLA URBANA DE SANT PERE,SANT PERE,Sant Pere de Ribes,,Barcelona,41.2619218,1.7721357
XXIII CURSA DEL POBLE SEC 5K,POBLE SEC,Barcelona,,Barcelona,41.3728061,2.1619718
42A CURSA POPULAR LES SANTES MATARÓ,LES SANTES MATARÓ,Mataró,,Barcelona,41.5451773,2.4536586
XLI CURSA POPULAR DE LA GARRIGA,LA GARRIGA,la Garriga,,Barcelona,41.6849111,2.2865796
CURSA DE LA DONA DE BADALONA,LA DONA DE BADALONA,Badalona,,Barcelona,41.4398655,2.2241898
XXV CURSA DE LA VINYA DE SANT LLORENÇ D’HORTONS...,LA VINYA DE SANT LLORENÇ D’HORTONS,Sant Llorenç d'Hortons,,Barcelona,41.4752924,1.7949213
XXXIII CURSA POPULAR DE LA VALL DEL TENES,LA VALL DEL TENES,Lliçà de Vall,,Barcelona,41.5803095,2.2466839
33A CURSA DE LA LLAGOSTA DE 5 I 10KM,LA LLAGOSTA DE 5 I,la Llagosta,,Barcelona,41.5131188,2.1931226
XI CURSA NICK HORTA,NICK HORTA,Barcelona,,Barcelona,41.4354273,2.1545837
58È CROS ESCOLAR DE CORNELLÀ DE LLOBREGAT,CORNELLÀ DE LLOBREGAT,Cornellà de Llobregat,,Barcelona,41.355724,2.0706225
7A CURSA SOLIDÀRIA SANT JUST DESVERN,SANT JUST DESVERN,Sant Just Desvern,,Barcelona,41.3858295,2.0757651
CURSA SANTA MARGARIDA I ELS MONJOS,SANTA MARGARIDA I ELS MONJOS,Santa Margarida i els Monjos,,Barcelona,41.3213389,1.6623519
23È CROS SANTA SUSANNA,SANTA SUSANNA,Santa Susanna,,Barcelona,41.6357256,2.7065933
CURSA DE CAN MERCADER,CAN MERCADER,Cornellà de Llobregat,,Barcelona,41.3567253,2.0843561
13A CURSA POPULAR DE SANT VICENÇ DELS HORTS,SANT VICENÇ DELS HORTS,Sant Vicenç dels Horts,,Barcelona,41.3934193,2.0099482
42È CROS DELS ARENYS,ARENYS,Arenys de Mar,,Barcelona,41.5797031,2.5491562
CROS CIUTAT DE CERDANYOLA,CERDANYOLA,Cerdanyola del Vallès,,Barcelona,41.4909972,2.1405506
V CROS DE CARDEDEU,CARDEDEU,Cardedeu,,Barcelona,41.6385167,2.3558408
XIXÈ CROS DE SANT MARTÍ,SANT MARTÍ,Barcelona,,Barcelona,41.4084102,2.2031889
2N CROS DE TORDERA,TORDERA,Tordera,,Barcelona,41.7013581,2.7182911
23ENA CURSA DE MARTORELL 5KM,MARTORELL,Martorell,,Barcelona,41.4743886,1.9307159
XLIX CROS ANTONIO AMORÓS,ANTONIO AMORÓS,Santa Coloma de Gramenet,,Barcelona,41.453216,2.2000083
"41A CURSA POPULAR ""CIUTAT DE CORNELLÀ""","""CIUTAT DE CORNELLÀ""",Cornellà de Llobregat,,Barcelona,41.3574598,2.0854332
CURSA L’ESQUIROL,L’ESQUIROL,l'Esquirol,,Barcelona,42.0340216,2.3697082
CURSA MONTILIVI GIRONA,MONTILIVI GIRONA,Girona,,Girona,41.9714636,2.8308192
56 CROS DE GRANOLLERS,GRANOLLERS,Granollers,,Barcelona,41.6079555,2.2876008
27È CROS DE MALGRAT,MALGRAT,Cervera,,Lleida,41.7095128,1.3009333
44A CURSA POPULAR DE LA SAGRERA,LA SAGRERA,Barcelona,,Barcelona,41.4212771,2.1866174
XVIÈ CROS DE SANTS - MONTJUÏC,SANTS - MONTJUÏC,Barcelona,,Barcelona,41.3672708,2.1437553
14È CROS D’ALELLA,ALELLA,Alella,,Barcelona,41.4955603,2.2935325
52È CROS CIUTAT DE MATARÓ,MATARÓ,Mataró,,Barcelona,41.5398348,2.4448926
CURSA MORITZ SANT ANTONI,MORITZ SANT ANTONI,Barcelona,,Barcelona,41.3825668,2.1633965
29È CROS DE  CALELLA,CALELLA,Calella,,Barcelona,41.6132925,2.6576102
XIXÈ CROS DE LES CORTS,LES CORTS,Barcelona,,Barcelona,41.3872483,2.1205352
6È CROS DE PINEDA DE MAR,PINEDA DE MAR,Pineda de Mar,,Barcelona,41.6276807,2.6898707
XXIV CURSA SANT VICENÇ MOLLET DEL VALLÈS,SANT VICENÇ MOLLET DEL VALLÈS,Mollet del Vallès,,Barcelona,41.5393214,2.2134405
LA MINI 2023 GRANOLLERS,MINI,Madrid,,Comunidad de Madrid,40.4269232,-3.7102556
1ER CROS DE SARRIÀ-SANT GERVASI,SARRIÀ-SANT GERVASI,Barcelona,,Barcelona,41.4022603,2.1304579
26È CROS DE CANET,CANET,Lleida,,Lleida,41.6605545,0.580833
2N CROS DE SANT CEBRIÀ DE VALLALTA.,SANT CEBRIÀ DE VALLALTA,Sant Cebrià de Vallalta,,Barcelona,41.620353,2.6017906
XIII CROS ESCOLAR DE L’ EIXAMPLE,L’ EIXAMPLE,Barcelona,,Barcelona,41.3936885,2.1636552
XVIII MARATÓ DEL MEDITERRANI:,MEDITERRANI:,Barcelona,,Barcelona,41.3311099,2.1150177
CURSA DE LA DONA PINEDA,LA DONA PINEDA,Santa Coloma de Cervelló,,Barcelona,41.3686343,2.0159307
CROS ESCOLAR DE CIUTAT VELLA,CIUTAT VELLA,Barcelona,,Barcelona,41.3819793,2.1804154
2A CURSA SOLIDÀRIA MOSSOS D'ESQUADRA BADALONA,MOSSOS D'ESQUADRA BADALONA,Badalona,,Barcelona,41.4605823,2.2502755
CROS ESCOLAR DE NOU BARRIS,NOU BARRIS,Barcelona,,Barcelona,41.4458153,2.1798006
13A CURSA NOCTURNA DE L'HOSPITALET,L'HOSPITALET,l'Hospitalet de Llobregat,,Barcelona,41.3595118,2.0996318
26A MILLA URBANA DE RIPOLLET,RIPOLLET,Ripollet,,Barcelona,41.4993372,2.1573095
CROS ESCOLAR DE SANT ANDREU,SANT ANDREU,Barcelona,,Barcelona,41.4372495,2.1954872
NIGHT TRAIL LLORET DE MAR,LLORET DE MAR,Lloret de Mar,,Girona,41.6973503,2.8392392
10A MILLA URBANA DE SANT PERE,SANT PERE,Sant Pere de Ribes,,Barcelona,41.2619218,1.7721357
CURSA POPULAR DE CA N'ANGLADA - TERRASSA,CA N'ANGLADA - TERRASSA,Terrassa,,Barcelona,41.5636671,2.0306106
XXV CURSA DEL POBLE-SEC 5K,POBLE-SEC,Barcelona,,Barcelona,41.3728061,2.1619718
43A CURSA POPULAR LES SANTES MATARÓ,LES SANTES MATARÓ,Mataró,,Barcelona,41.5451773,2.4536586
XXXIV CURSA POPULAR DE LA VALL DEL TENES,LA VALL DEL TENES,Lliçà de Vall,,Barcelona,41.5803095,2.2466839
43A CURSA POPULAR VILADECANS,VILADECANS,Viladecans,,Barcelona,41.3163083,2.0156034
34A CURSA DE LA LLAGOSTA DE 5 I 10KM,LA LLAGOSTA DE 5 I,la Llagosta,,Barcelona,41.5131188,2.1931226
XII CURSA NICK HORTA,NICK HORTA,Barcelona,,Barcelona,41.4354273,2.1545837
8A CURSA SOLIDÀRIA SANT JUST DESVERN,SANT JUST DESVERN,Sant Just Desvern,,Barcelona,41.3858295,2.0757651
24È CROS SANTA SUSANNA,SANTA SUSANNA,Santa Susanna,,Barcelona,41.6357256,2.7065933
"XLII CURSA POPULAR ""CIUTAT DE CORNELLÀ""","""CIUTAT DE CORNELLÀ""",Cornellà de Llobregat,,Barcelona,41.3574598,2.0854332
MILLA SAGRADA FAMILIA,SAGRADA FAMILIA,Barcelona,,Barcelona,41.4035046,2.1744283
XXÈ CROS DE SANT MARTÍ,SANT MARTÍ,Barcelona,,Barcelona,41.4084102,2.2031889
59È CROS ESCOLAR DE CORNELLÀ DE LLOBREGAT,CORNELLÀ DE LLOBREGAT,Cornellà de Llobregat,,Barcelona,41.355724,2.0706225
43È CROS DELS ARENYS,ARENYS,Arenys de Mar,,Barcelona,41.5797031,2.5491562
14A CURSA POPULAR DE SANT VICENÇ DELS HORTS,SANT VICENÇ DELS HORTS,Sant Vicenç dels Horts,,Barcelona,41.3934193,2.0099482
CROS CIUTAT DE VIC,VIC,Vic,,Barcelona,41.9302021,2.2545943
3R CROS TORDERA,TORDERA,Tordera,,Barcelona,41.7013581,2.7182911
VI CROS DE CARDEDEU,CARDEDEU,Cardedeu,,Barcelona,41.6385167,2.3558408
1R CROS DE LLAVANERES,LLAVANERES,Sant Andreu de Llavaneres,,Barcelona,41.5739524,2.4828158
28È CROS DE MALGRAT.,MALGRAT,Cervera,,Lleida,41.7095128,1.3009333
45A CURSA POPULAR DE LA SAGRERA,LA SAGRERA,Barcelona,,Barcelona,41.4212771,2.1866174
57 CROS DE GRANOLLERS,GRANOLLERS,Granollers,,Barcelona,41.6079555,2.2876008
15È CROS D’ALELLA,ALELLA,Alella,,Barcelona,41.4955603,2.2935325
53È CROS CIUTAT DE MATARÓ,MATARÓ,Mataró,,Barcelona,41.5398348,2.4448926
7È CROS DE PINEDA DE MAR,PINEDA DE MAR,Pineda de Mar,,Barcelona,41.6276807,2.6898707
XXV CURSA SANT VICENÇ MOLLET DEL VALLÈS,SANT VICENÇ MOLLET DEL VALLÈS,Mollet del Vallès,,Barcelona,41.5393214,2.2134405
TRAIL VILA DE CREIXELL,CREIXELL,Creixell,,Tarragona,41.1677349,1.4407074
XXÈ CROS DE LES CORTS 2024,LES CORTS,Barcelona,,Barcelona,41.3872483,2.1205352
30È CROS DE CALELLA,CALELLA,Calella,,Barcelona,41.6132925,2.6576102
27È CROS DE CANET,CANET,Lleida,,Lleida,41.6605545,0.580833
CROS DE LA GARRIGA,LA GARRIGA,la Garriga,,Barcelona,41.6849111,2.2865796
XXÈ CROS DE L'EIXAMPLE 2024,L'EIXAMPLE,Barcelona,,Barcelona,41.3936885,2.1636552
LA MINI 2024 GRANOLLERS,MINI,Madrid,,Comunidad de Madrid,40.4269232,-3.7102556
MITJA MARATÓ LA MITJA,LA MITJA,Novelda,,Alacant / Alicante,38.3859248,-0.7648101
14A CURSA NOCTURNA DE L'HOSPITALET,L'HOSPITALET,l'Hospitalet de Llobregat,,Barcelona,41.3595118,2.0996318
3A CURSA SOLIDÀRIA MOSSOS D'ESQUADRA BADALONA,MOSSOS D'ESQUADRA BADALONA,Badalona,,Barcelona,41.4605823,2.2502755
XIX MARATÓ DEL MEDITERRANI:,MEDITERRANI:,Barcelona,,Barcelona,41.3311099,2.1150177
CROS ESCOLAR DE SARRIÀ SANT GERVASI,SARRIÀ SANT GERVASI,Barcelona,,Barcelona,41.4022603,2.1304579
CROS ESCOLAR DE SANTANDREU,SANTANDREU,Avià,,Barcelona,42.0473372,1.8189053
27A MILLA URBANA DE RIPOLLET,RIPOLLET,Ripollet,,Barcelona,41.4993372,2.1573095
15ª EDICIO ELS 10 DE SANTA,ELS 10 DE SANTA,Santa Pau,,Girona,42.140992,2.5854685
20A CURSA DE PINEDA DE MAR,PINEDA DE MAR,Pineda de Mar,,Barcelona,41.6276807,2.6898707
11A MILLA URBANA DE SANT PERE,SANT PERE,Sant Pere de Ribes,,Barcelona,41.2619218,1.7721357
XXVI CURSA DEL POBLE-SEC 5K,POBLE-SEC,Barcelona,,Barcelona,41.3728061,2.1619718
44A CURSA POPULAR LES SANTES MATARÓ,LES SANTES MATARÓ,Mataró,,Barcelona,41.5451773,2.4536586
XLII CURSA POPULAR DE LA GARRIGA,LA GARRIGA,la Garriga,,Barcelona,41.6849111,2.2865796
XVI FESTA MAJOR SANTS,MAJOR SANTS,Barcelona,,Barcelona,41.3686047,2.1470654
XXXV CURSA POPULAR DE LA VALL DEL TENES,LA VALL DEL TENES,Lliçà de Vall,,Barcelona,41.5803095,2.2466839
44A CURSA POPULAR VILADECANS,VILADECANS,Viladecans,,Barcelona,41.3163083,2.0156034
35A CURSA DE LA LLAGOSTA DE 5 I 10KM,LA LLAGOSTA DE 5 I,la Llagosta,,Barcelona,41.5131188,2.1931226
9A CURSA SOLIDÀRIA SANT JUST DESVERN,SANT JUST DESVERN,Sant Just Desvern,,Barcelona,41.3858295,2.0757651
6A CURSA MERCABARNA,MERCABARNA,Barcelona,,Barcelona,41.3335696,2.1112293
28È CROS DE CANET,CANET,Lleida,,Lleida,41.6605545,0.580833
"XLIII CURSA POPULAR ""CIUTAT DE CORNELLÀ""","""CIUTAT DE CORNELLÀ""",Cornellà de Llobregat,,Barcelona,41.3574598,2.0854332
54È CROS CIUTAT DE MATARÓ,MATARÓ,Mataró,,Barcelona,41.5398348,2.4448926
25È CROS SANTA SUSANNA,SANTA SUSANNA,Santa Susanna,,Barcelona,41.6357256,2.7065933
44È CROS DELS ARENYS,ARENYS,Arenys de Mar,,Barcelona,41.5797031,2.5491562
CURSA DE MONTGAT,MONTGAT,Montgat,,Barcelona,41.4668611,2.2789842
VII CROS DE CARDEDEU,CARDEDEU,Cardedeu,,Barcelona,41.6385167,2.3558408
XXI CROS DE SANT MARTÍ,SANT MARTÍ,Barcelona,,Barcelona,41.4084102,2.2031889
2N CROS SEMI URBÀ DE LLAVANERES,LLAVANERES,Sant Andreu de Llavaneres,,Barcelona,41.5739524,2.4828158
4T CROS TORDERA,TORDERA,Tordera,,Barcelona,41.7013581,2.7182911
LA 5K DE SANT VICENÇ DE MONTALT,5K DE SANT VICENÇ DE MONTALT,Sant Vicenç de Montalt,,Barcelona,41.5794457,2.5205737
29È CROS DE MALGRAT,MALGRAT,Cervera,,Lleida,41.7095128,1.3009333
16È CROS D’ALELLA,ALELLA,Alella,,Barcelona,41.4955603,2.2935325
46A CURSA POPULAR DE LA SAGRERA,LA SAGRERA,Barcelona,,Barcelona,41.4212771,2.1866174
58 CROS DE GRANOLLERS,GRANOLLERS,Granollers,,Barcelona,41.6079555,2.2876008
CURSA DELS NASSOS,NASSOS,la Vall de Gallinera,,Alacant / Alicante,38.8294395,-0.1875437
19A CURSA SANT SILVESTRE DE GIRONA,SANT SILVESTRE DE GIRONA,Llançà,,Girona,42.3700109,3.0978857
XXI CROS DE LES CORTS,LES CORTS,Barcelona,,Barcelona,41.3872483,2.1205352
CURSA MORITZ SANT ANTONI - 5K,MORITZ SANT ANTONI,Barcelona,,Barcelona,41.3825668,2.1633965
2N CROS DE LA GARRIGA,LA GARRIGA,la Garriga,,Barcelona,41.6849111,2.2865796
XV CROS DE L’EIXAMPLE,L’EIXAMPLE,Barcelona,,Barcelona,41.3936885,2.1636552
LA MINI 2025 GRANOLLERS,MINI,Madrid,,Comunidad de Madrid,40.4269232,-3.7102556
CROS DE CIUTAT VELLA,CIUTAT VELLA,Barcelona,,Barcelona,41.3819793,2.1804154
15A CURSA NOCTURNA DE L'HOSPITALET,L'HOSPITALET,l'Hospitalet de Llobregat,,Barcelona,41.3595118,2.0996318
XVIII CROS ESCOLAR DE NOU BARRIS,NOU BARRIS,Barcelona,,Barcelona,41.4458153,2.1798006
28A MILLA URBANA DE RIPOLLET,RIPOLLET,Ripollet,,Barcelona,41.4993372,2.1573095
4A CURSA SOLIDÀRIA MOSSOS D'ESQUADRA BADALONA  ...,MOSSOS D'ESQUADRA BADALONA,Badalona,,Barcelona,41.4605823,2.2502755
XX MARATÓ DEL MEDITERRANI:,MEDITERRANI:,Barcelona,,Barcelona,41.3311099,2.1150177
TRAIL CERDANYOLA SANT JULIÀ DE CERDANYOLA,CERDANYOLA SANT JULIÀ DE CERDANYOLA,Sant Julià de Cerdanyola,,Barcelona,42.2298006,1.8833552
CROS ESCOLAR DE SARRIA SANT GERVASI,SARRIA SANT GERVASI,Barcelona,,Barcelona,41.4022603,2.1304579
XIV CROS ESCOLAR DE SANT ANDREU,SANT ANDREU,Barcelona,,Barcelona,41.4372495,2.1954872
16ª EDICIO ELS 10 DE SANTA,ELS 10 DE SANTA,Santa Pau,,Girona,42.140992,2.5854685
21A CURSA DE PINEDA DE MAR,PINEDA DE MAR,Pineda de Mar,,Barcelona,41.6276807,2.6898707
12A MILLA URBANA DE SANT PERE,SANT PERE,Sant Pere de Ribes,,Barcelona,41.2619218,1.7721357
XXVII CURSA DEL POBLE-SEC 5K,POBLE-SEC,Barcelona,,Barcelona,41.3728061,2.1619718
45A CURSA POPULAR LES SANTES MATARÓ,LES SANTES MATARÓ,Mataró,,Barcelona,41.5451773,2.4536586
XLIII CURSA POPULAR DE LA GARRIGA,LA GARRIGA,la Garriga,,Barcelona,41.6849111,2.2865796
XVII FESTA MAJOR SANTS,MAJOR SANTS,Barcelona,,Barcelona,41.3686047,2.1470654
45A CURSA POPULAR VILADECANS,VILADECANS,Viladecans,,Barcelona,41.3163083,2.0156034
XXXVI CURSA POPULAR DE LA VALL DEL TENES,LA VALL DEL TENES,Lliçà de Vall,,Barcelona,41.5803095,2.2466839
36A CURSA DE LA LLAGOSTA DE 5 I 10KM,LA LLAGOSTA DE 5 I,la Llagosta,,Barcelona,41.5131188,2.1931226
XIII CURSA NICK HORTA,NICK HORTA,Barcelona,,Barcelona,41.4354273,2.1545837
"XLIV CURSA POPULAR ""CIUTAT DE CORNELLÀ""","""CIUTAT DE CORNELLÀ""",Cornellà de Llobregat,,Barcelona,41.3574598,2.0854332
XXII CROS DE SANT MARTÍ,SANT MARTÍ,Barcelona,,Barcelona,41.4084102,2.2031889
16A CURSA POPULAR DE SANT VICENÇ DELS HORTS,SANT VICENÇ DELS HORTS,Sant Vicenç dels Horts,,Barcelona,41.3934193,2.0099482
45A  CURSA  POPULAR SANT MARTÍ,SANT MARTÍ,Barcelona,,Barcelona,41.4084102,2.2031889
59 CROS DE GRANOLLERS,GRANOLLERS,Granollers,,Barcelona,41.6079555,2.2876008
VIII CROS DE CARDEDEU,CARDEDEU,Cardedeu,,Barcelona,41.6385167,2.3558408
61È CROS ESCOLAR DE CORNELLÀ DE LLOBREGAT,CORNELLÀ DE LLOBREGAT,Cornellà de Llobregat,,Barcelona,41.355724,2.0706225
IV CROS DE SARRIÀ-SANT GERVASI,SARRIÀ-SANT GERVASI,Barcelona,,Barcelona,41.4022603,2.1304579
55È CROS CIUTAT DE MATARÓ,MATARÓ,Mataró,,Barcelona,41.5398348,2.4448926
47A CURSA POPULAR DE LA SAGRERA,LA SAGRERA,Barcelona,,Barcelona,41.4212771,2.1866174
XVI CROS DE L’EIXAMPLE,L’EIXAMPLE,Barcelona,,Barcelona,41.3936885,2.1636552
20A CURSA SANT SILVESTRE DE GIRONA,SANT SILVESTRE DE GIRONA,Llançà,,Girona,42.3700109,3.0978857
42A MITJA MARATÓ DE SITGES,SITGES,Sitges,,Barcelona,41.2353596,1.8114102
LA MINI 2026 GRANOLLERS,MINI,Madrid,,Comunidad de Madrid,40.4269232,-3.7102556
XXII CROS DE LES CORTS,LES CORTS,Barcelona,,Barcelona,41.3872483,2.1205352
XXII CROS DE NOU BARRIS,NOU BARRIS,Barcelona,,Barcelona,41.4458153,2.1798006
5A CURSA SOLIDÀRIA MOSSOS D'ESQUADRA BADALONA  ...,MOSSOS D'ESQUADRA BADALONA,Badalona,,Barcelona,41.4605823,2.2502755
29A MILLA URBANA DE RIPOLLET,RIPOLLET,Ripollet,,Barcelona,41.4993372,2.1573095
CROS CIUTAT VELLA,VELLA,Sollana,,València / Valencia,39.2653402,-0.3612999
XXI MARATÓ DEL MEDITERRANI:,MEDITERRANI:,Barcelona,,Barcelona,41.3311099,2.1150177
CROS SANT ANDREU,SANT ANDREU,Barcelona,,Barcelona,41.4372495,2.1954872
22A CURSA DE PINEDA DE MAR,PINEDA DE MAR,Pineda de Mar,,Barcelona,41.6276807,2.6898707
17ª EDICIO ELS 10 DE SANTA,ELS 10 DE SANTA,Santa Pau,,Girona,42.140992,2.5854685
13A MILLA URBANA DE SANT PERE,SANT PERE,Sant Pere de Ribes,,Barcelona,41.2619218,1.7721357
XXVIII CURSA DEL POBLE-SEC 5K,POBLE-SEC,Barcelona,,Barcelona,41.3728061,2.1619718
XLIV CURSA POPULAR DE LA GARRIGA,LA GARRIGA,la Garriga,,Barcelona,41.6849111,2.2865796
EWR WINTER EDITION TERRASSA,EWR WINTER EDITION TERRASSA,,,,,
10A CURSA DE CAP D’ANY DE SABADELL - VIRTUAL,CAP D’ANY DE SABADELL - VIRTUAL,Madrid,,Comunidad de Madrid,40.4121507,-3.7498056
TEST CRONOMETRAT 5K,TEST CRONOMETRAT,,,,,
ULTRARUNNING BARCELONA,ULTRARUNNING BARCELONA,,,,,
XI CAMPIONAT CATALUNYA CROS CURT – CROS DE CANET,CATALUNYA CROS CURT – CROS DE CANET,Canet de Mar,Maresme,Catalunya,41.5900933,2.5777998
EL TAST DE LA MITJA,EL TAST DE LA MITJA,Novelda,el Vinalopó Mitjà / El Vinalopó Medio,Comunitat Valenciana,38.3859248,-0.7648101
CURSA DE LES TORTUGUES DE LA GARRIGA,LES TORTUGUES DE LA GARRIGA,la Garriga,Vallès Oriental,Catalunya,41.6858901,2.2778194
UNIRUN - CAMPIONAT DE CATALUNYA UNIVERSITARI 5K,UNIRUN - CAMPIONAT DE CATALUNYA UNIVERSITARI,Terrassa,Vallès Occidental,Catalunya,41.560874,2.0225396
CURSA DE SANT QUIRZE - MEMORIAL DAVID ROVIRA,SANT QUIRZE - MEMORIAL DAVID ROVIRA,l'Espluga de Francolí,Conca de Barberà,Tarragona,41.3960162,1.1036972
42A MARXA POPULAR TRAIL ARENYS DE MAR,MARXA POPULAR TRAIL ARENYS DE MAR,Arenys de Mar,Maresme,Catalunya,41.5797031,2.5491562
PUJADA TIBIDABO CEG,TIBIDABO CEG,,,,,
MITJA MARATÓ DE GRANOLLERS - LA MITJA,GRANOLLERS - LA MITJA,Novelda,el Vinalopó Mitjà / El Vinalopó Medio,Comunitat Valenciana,38.3859248,-0.7648101
TEST CRONOMETRAT 5K-3K-1K - PISTES NOU BARRIS,TEST CRONOMETRAT 5K-3K-1K - PISTES NOU BARRIS,Barcelona,Barcelonès,Catalunya,41.4444913,2.169946
CURSA CIENTÍFICA SANT PAU,CIENTÍFICA SANT PAU,València,Comarca de València,Comunitat Valenciana,39.4883085,-0.4039796
CURSA DEL FOC OLESA DE MONTSERRAT,FOC OLESA DE MONTSERRAT,Olesa de Montserrat,Baix Llobregat,Catalunya,41.5439614,1.8913809
CURSA D’ESTIU DE PREMIÀ DE MAR,ESTIU DE PREMIÀ DE MAR,Premià de Mar,Maresme,Catalunya,41.4876688,2.3548637
OLOT ASICS 2021,OLOT ASICS,,,,,
CURSA POPULAR FESTA MAJOR DE  RIPOLLET,MAJOR DE RIPOLLET,Ripollet,Vallès Occidental,Catalunya,41.496506,2.1534198
XXIV CURSA DE LA VINYA DE SANT LLORENÇ D’HORTON...,LA VINYA DE SANT LLORENÇ D’HORTON,,,,,
10A SANSI BELLATERRA,SANSI BELLATERRA,,,,,
CURSA ATLÈTICA POBLE NOU,ATLÈTICA POBLE NOU,Alcúdia,Raiguer,Illes Balears,39.8327985,3.0916799
MATAGALLS MONTSERRAT,MATAGALLS MONTSERRAT,,,,,
BADA TRAIL 2021,BADA TRAIL,,,,,
"EVA-SPORT ""LA CURSA DE LES DONES"" TERRASSA","EVA-SPORT ""LA CURSA DE LES DONES"" TERRASSA",Terrassa,Vallès Occidental,Catalunya,41.56537,2.01374
"MARATÓ TRAIL TOSSA DE MAR ""LA MEGALÍTICA""","TOSSA DE MAR ""LA MEGALÍTICA""",Salorino,,Cáceres,39.4776126,-7.0128332
LA CURSA DE RAC1 - BADALONA,RAC1 - BADALONA,Badalona,Barcelonès,Catalunya,41.4493539,2.248254
VI VINYA-CROSS SOLIDARI OLLER DEL MAS,VINYA-CROSS SOLIDARI OLLER DEL MAS,Ares del Maestrat,l'Alt Maestrat,Comunitat Valenciana,40.4316749,-0.1022338
MÀGIC BDN RUNNING,MÀGIC BDN RUNNING,,,,,
CROS 3TURONS-LA DIABLADA,3TURONS-LA DIABLADA,,,,,
JEAN BOUIN FEDERATS I ESCOLARS,JEAN BOUIN FEDERATS I ESCOLARS,,,,,
98 JEAN BOUIN OPEN,JEAN BOUIN OPEN,,,,,
35A PUJADA I BAIXADA A GUANTA,I BAIXADA A GUANTA,Sentmenat,Vallès Occidental,Catalunya,41.6397497,2.1145067
24 HORES ULTRAFONS EN PISTA,HORES ULTRAFONS EN PISTA,Mota del Cuervo,,Cuenca,39.5015262,-2.8762027
LA SANSI 14 VILADECANS,SANSI 14 VILADECANS,Barcelona,Barcelonès,Catalunya,41.3789706,2.1889552
TRANSPLANT RUN - L'HOSPITALET,TRANSPLANT RUN - L'HOSPITALET,l'Hospitalet de Llobregat,Barcelonès,Catalunya,41.3595118,2.0996318
LA CURSA DE LA UAB - LA MARATÓ DE TV3,LA UAB - LA MARATÓ DE TV3,Sant Joan Despí,Baix Llobregat,Catalunya,41.3745964,2.0697279
"XXXIX PUJADA AL CASTELL, XXXVIII CURSA DEL CAPÓ...","CASTELL, XXXVIII CURSA DEL CAPÓ",Vegaviana,,Cáceres,40.0426052,-6.7179586
SANT SILVESTRE DEL MASNOU,SANT SILVESTRE DEL MASNOU,el Masnou,Maresme,Catalunya,41.4827434,2.3158056
CURSA DE LA DONA 3 VILES,LA DONA 3 VILES,Lorca,Alto Guadalentín,Región de Murcia,37.5954904,-1.9447153
SANT SILVESTRE BADALONA GRAN PREMI HYUNDAI MOTO...,SANT SILVESTRE BADALONA GRAN PREMI HYUNDAI MOTO,,,,,
10A CURSA DE CAP D’ANY DE SABADELL,CAP D’ANY DE SABADELL,Sabadell,Vallès Occidental,Catalunya,41.5218892,2.1037811
CURSA DELS NASSOS - BARCELONA,NASSOS - BARCELONA,Barcelona,Barcelonès,Catalunya,41.3825802,2.177073
7A CURSA SOLIDÀRIA DE REIS - CORNELLÀ DE LLOBREGAT,REIS - CORNELLÀ DE LLOBREGAT,Cornellà de Llobregat,Baix Llobregat,Catalunya,41.355724,2.0706225
CINC CIMS CORBERA DE LLOBREGAT,CINC CIMS CORBERA DE LLOBREGAT,Corbera de Llobregat,Baix Llobregat,Catalunya,41.4164771,1.927753
BOTIFARUNNER LA LLACUNA,BOTIFARUNNER LA LLACUNA,la Llacuna,Anoia,Catalunya,41.4729806,1.534607
X CURSA BENÈFICA MALALTIES MINORITÀRIES,BENÈFICA MALALTIES MINORITÀRIES,Barcelona,Barcelonès,Catalunya,41.4287929,2.1422108
CURSA MUNTANYA DEL FARELL,MUNTANYA DEL FARELL,Caldes de Montbui,Vallès Oriental,Catalunya,41.6553275,2.1282742
"UNIRUN, LA CURSA DE LES UNIVERSITATS","UNIRUN, LA CURSA DE LES UNIVERSITATS",Muro,Pla de Mallorca,Illes Balears,39.7966554,3.105633
III CURSA CORRE EN GRAN!,CORRE EN GRAN!,Hinojosa de Duero,,Salamanca,40.9870107,-6.7951308
PONLE FRENO BADALONA,PONLE FRENO BADALONA,,,,,
CORRE PER UNA CAUSA - CORNELLÀ,CORRE PER UNA CAUSA - CORNELLÀ,Cornellà de Llobregat,Baix Llobregat,Catalunya,41.355724,2.0706225
FINAL NACIONAL CROS ESCOLAR 2022,NACIONAL CROS ESCOLAR,,,,,
CURSA DE LA SANITAT CATALANA,LA SANITAT CATALANA,,,,,
32ENA CURSA CALDES D'ESTRAC 3 VILES,CALDES D'ESTRAC 3 VILES,Lorca,Alto Guadalentín,Región de Murcia,37.5954904,-1.9447153
11A MARATÓ PER EQUIPS/ ELS 7K DEL RIU,PER EQUIPS/ ELS 7K DEL RIU,Castellar del Riu,Berguedà,Catalunya,42.1266008,1.7609833
CURSA MEDIJOCS,MEDIJOCS,,,,,
CURSA POPULAR ILLA CARLEMANY,ILLA CARLEMANY,,,,,
OXFAM TRAILWALKER,OXFAM TRAILWALKER,,,,,
VIGÍA TRAIL,VIGÍA TRAIL,,,,,
5A CURSA SOLIDÀRIA PER L’ELA SANT ADRIÀ DE BESÒS,PER L’ELA SANT ADRIÀ DE BESÒS,Sant Adrià de Besòs,Barcelonès,Catalunya,41.4304832,2.2182775
9A CURSA DE LA DONA - CACO - SANT VICENÇ DELS H...,LA DONA - CACO - SANT VICENÇ DELS H,Sant Vicenç dels Horts,Baix Llobregat,Catalunya,41.3889187,2.0029105
43A MARXA POPULAR TRAIL ARENYS DE MAR,MARXA POPULAR TRAIL ARENYS DE MAR,Arenys de Mar,Maresme,Catalunya,41.5797031,2.5491562
1A CURSA DE LA DONA DE LES TRES VILES DE 5 I 10KM,LA DONA DE LES TRES VILES DE 5 I,Lorca,Alto Guadalentín,Región de Murcia,37.5954904,-1.9447153
"CURSA POPULAR DEL PLA DEL BONAIRE, ”MEMORIAL TO...","PLA DEL BONAIRE, ”MEMORIAL TO",Málaga,Málaga-Costa del Sol,Andalucía,36.7346312,-4.4176735
30A CURSA PER COLLSEROLA,PER COLLSEROLA,,,,,
I CURSA DE L'ESCOLA PIA 3X3 - TERRASSA,L'ESCOLA PIA 3X3 - TERRASSA,Terrassa,Vallès Occidental,Catalunya,41.5629623,2.0100492
CURSA NOCTURNA CORNELLÀ RUNNING 1900,CORNELLÀ RUNNING,,,,,
MITJA MARATÓ RELLEUS MATARÓ (EQUIPS I XIPS LLIGA),RELLEUS MATARÓ,,,,,
TRAIL VILA DE CREIXELL - CURSA SEMINOCTURNA,CREIXELL - CURSA SEMINOCTURNA,,,,,
7A CURSA POPULAR DE FESTA MAJOR SANTA PERPÈTUA ...,FESTA MAJOR SANTA PERPÈTUA,Santa Perpètua de Mogoda,Vallès Occidental,Catalunya,41.5230723,2.1891501
32È CROSS CAIXABANK L'AMETLLA DE MEROLA,CROSS CAIXABANK L'AMETLLA DE MEROLA,Puig-reig,Berguedà,Catalunya,41.908427,1.8828011
11A SANSI BELLATERRA,SANSI BELLATERRA,,,,,
V BIMBO GLOBAL RACE BADALONA,BIMBO GLOBAL RACE BADALONA,,,,,
CURSA FANNY SALLÉS – DIARI SPORT 5K TERRASSA,FANNY SALLÉS – DIARI SPORT 5K TERRASSA,Terrassa,Vallès Occidental,Catalunya,41.5629623,2.0100492
11A CURSA DE LA TARDOR-SANT ANDREU DE LA BARCA,LA TARDOR-SANT ANDREU DE LA BARCA,Sant Andreu de la Barca,Baix Llobregat,Catalunya,41.4468421,1.9730931
XV CURSA I CAMINADA LLUIS COMPANYS,I CAMINADA LLUIS COMPANYS,Sant Joan de Vilatorrada,Bages,Catalunya,41.740308,1.8061082
LA CURSA DE RAC1 - SANT CUGAT DEL VALLÈS,RAC1 - SANT CUGAT DEL VALLÈS,Sant Cugat del Vallès,Vallès Occidental,Catalunya,41.4707933,2.0848815
5KM I 10KM URBANS DE MANRESA,5KM I 10KM URBANS DE MANRESA,Manresa,Bages,Catalunya,41.7219144,1.8272007
CURSA DE LA DONA - CORBERA DE LLOBREGAT,LA DONA - CORBERA DE LLOBREGAT,Corbera de Llobregat,Baix Llobregat,Catalunya,41.4164771,1.927753
MARATÓ I MITJA AL PARC DE COLLSEROLA,I MITJA AL PARC DE COLLSEROLA,Sant Cugat del Vallès,Vallès Occidental,Catalunya,41.4347985,2.1164083
TRANSPLANT RUN - PARC DEL FÒRUM,TRANSPLANT RUN - PARC DEL FÒRUM,Sant Adrià de Besòs,Barcelonès,Catalunya,41.4121019,2.2267862
SALIGARDA TRAIL - LA GARRIGA,SALIGARDA TRAIL - LA GARRIGA,la Garriga,Vallès Oriental,Catalunya,41.6849111,2.2865796
VII VINYA-CROSS SOLIDARI OLLER DEL MAS,VINYA-CROSS SOLIDARI OLLER DEL MAS,Ares del Maestrat,l'Alt Maestrat,Comunitat Valenciana,40.4316749,-0.1022338
CORREBLAU 2022,CORREBLAU,,,,,
MILLES NOCTURNES CERDANYOLA,NOCTURNES CERDANYOLA,,,,,
99 JEAN BOUIN OPEN,JEAN BOUIN OPEN,,,,,
36A PUJADA I BAIXADA A GUANTA,I BAIXADA A GUANTA,Sentmenat,Vallès Occidental,Catalunya,41.6397497,2.1145067
LA SANSI 15 VILADECANS,SANSI 15 VILADECANS,Barcelona,Barcelonès,Catalunya,41.3694873,2.1390406
LA NADALENCA- RUNNING VIGIA 2022,NADALENCA- RUNNING VIGIA,,,,,
SANT SILVESTRE RACC BADALONA,SANT SILVESTRE RACC BADALONA,Badalona,Barcelonès,Catalunya,41.441281,2.2349973
43A SAN SILVESTRE DEL MASNOU 5KM,SAN SILVESTRE DEL MASNOU,el Masnou,Maresme,Catalunya,41.4827434,2.3158056
SANT SILVESTRE DE BERGA,SANT SILVESTRE DE BERGA,Berga,Berguedà,Catalunya,42.0952482,1.8260861
11A CURSA DE CAP D’ANY DE SABADELL,CAP D’ANY DE SABADELL,Sabadell,Vallès Occidental,Catalunya,41.5218892,2.1037811
"XXXIX CURSA DEL CAPÓ, CURSA SOLIDÀRIA ICFO-UPC-PMT","CAPÓ, CURSA SOLIDÀRIA ICFO-UPC-PMT",,,,,
8A CURSA SOLIDÀRIA DE REIS - CORNELLÀ DE LLOBREGAT,REIS - CORNELLÀ DE LLOBREGAT,Cornellà de Llobregat,Baix Llobregat,Catalunya,41.355724,2.0706225
1A CURSA CREMATORRONS TORDERA 5K/10K,CREMATORRONS TORDERA 5K/10K,,,,,
SISMICA RACE,SISMICA RACE,,,,,
XI CURSA BENÈFICA MALALTIES MINORITÀRIES,BENÈFICA MALALTIES MINORITÀRIES,Barcelona,Barcelonès,Catalunya,41.4287929,2.1422108
2A CURSA DE LA DONA 3 VILES DE 5 I 10KM,LA DONA 3 VILES DE 5 I,Lorca,Alto Guadalentín,Región de Murcia,37.5954904,-1.9447153
8A CURSA DE LA DONA VILADECANS,LA DONA VILADECANS,,,,,
7A CURSA MILLA SANTA PERPÈTUA PER LA INCLUSIO,SANTA PERPÈTUA PER LA INCLUSIO,Barcelona,Barcelonès,Catalunya,41.3978391,2.2028074
CAMPIONAT CATALUNYA TRAIL RUNNING - SANT JULIÀ ...,CATALUNYA TRAIL RUNNING - SANT JULIÀ,Alins,Pallars Sobirà,Lleida,42.5384754,1.2967756
33ENA CURSA CALDES D'ESTRAC 3 VILES,CALDES D'ESTRAC 3 VILES,Lorca,Alto Guadalentín,Región de Murcia,37.5954904,-1.9447153
XXVIII CURSA DE LA SANITAT CATALANA,LA SANITAT CATALANA,,,,,
12A MARATÓ PER EQUIPS/ ELS 7K DEL RIU,PER EQUIPS/ ELS 7K DEL RIU,Castellar del Riu,Berguedà,Catalunya,42.1266008,1.7609833
1A OLI TRAIL MONTSERRAT,OLI TRAIL MONTSERRAT,,,,,
3A TRAIL SOLIDÀRIA SERRAMARINA ALELLA,SERRAMARINA ALELLA,,,,,
27ENA CURSA DE CARDEDEU I CURSA SOLIDÀRIA,CARDEDEU I CURSA SOLIDÀRIA,,,,,
6ENA CURSA SOLIDÀRIA PER L’ELA SANT ADRIÀ DE BESÒS,PER L’ELA SANT ADRIÀ DE BESÒS,,,,,
10A CURSA DE LA DONA - CACO - SANT VICENÇ DELS ...,LA DONA - CACO - SANT VICENÇ DELS,,,,,
44A MARXA POPULAR TRAIL ARENYS DE MAR,MARXA POPULAR TRAIL ARENYS DE MAR,,,,,
31A CURSA PER COLLSEROLA,PER COLLSEROLA,,,,,
CURSA CCMA,CCMA,,,,,
CURSA NOCTURNA DE CORNELLÀ RCDE RUNNING 1900,CORNELLÀ RCDE RUNNING,,,,,
25 CURSA D’ESTIU DE PREMIÀ DE MAR,ESTIU DE PREMIÀ DE MAR,,,,,
HYUNDAI VALLPARK MOTORS FESTA MAJOR DE RIPOLLET,HYUNDAI VALLPARK MOTORS FESTA MAJOR DE RIPOLLET,,,,,
8A CURSA POPULAR DE FESTA MAJOR SANTA PERPÈTUA ...,FESTA MAJOR SANTA PERPÈTUA,,,,,
XXVI CURSA DE LA VINYA DE SANT LLORENÇ D’HORTON...,LA VINYA DE SANT LLORENÇ D’HORTON,,,,,
33È CROSS CAIXABANK L'AMETLLA DE MEROLA,CROSS CAIXABANK L'AMETLLA DE MEROLA,,,,,
CURSA DE LA MERCÈ BIMBO GLOBAL RACE,LA MERCÈ BIMBO GLOBAL RACE,,,,,
LA RENTRÉE BADALONA,RENTRÉE BADALONA,,,,,
CURSA FANNY SALLÉS – 5K TERRASSA,FANNY SALLÉS – 5K TERRASSA,,,,,
12A CURSA DE LA TARDOR-SANT ANDREU DE LA BARCA,LA TARDOR-SANT ANDREU DE LA BARCA,,,,,
LA CURSA DE RAC1 - SALOU,RAC1 - SALOU,,,,,
CROS DEL BERGUEDÀ,BERGUEDÀ,,,,,
XVI CURSA I CAMINADA LLUIS COMPANYS,I CAMINADA LLUIS COMPANYS,,,,,
24ENA CURSA DE MARTORELL CAMPIONAT DE CATALUNYA...,MARTORELL CAMPIONAT DE CATALUNYA,,,,,
CORREBLAU 2023,CORREBLAU,,,,,
VIII VINYA-CROSS SOLIDARI OLLER DEL MAS,VINYA-CROSS SOLIDARI OLLER DEL MAS,,,,,
100 JEAN BOUIN OPEN,JEAN BOUIN OPEN,,,,,
37A PUJADA I BAIXADA A GUANTA,I BAIXADA A GUANTA,,,,,
LA SANSI 16 VILADECANS,SANSI 16 VILADECANS,,,,,
LA NADALENCA- SANTA COLOMA DE GRAMENET 2023,NADALENCA- SANTA COLOMA DE GRAMENET,,,,,
CARRERA DE LAS CIUDADES CONTRA EL CÁNCER DE PÁN...,LAS CIUDADES CONTRA EL CÁNCER DE PÁN,,,,,
44A SAN SILVESTRE DEL MASNOU 5KM,SAN SILVESTRE DEL MASNOU,,,,,
40ª EDICIÓ EL CAPÓ PUJA AL CASTELL,EL CAPÓ PUJA AL CASTELL,,,,,
12A CURSA DE CAP D’ANY DE SABADELL,CAP D’ANY DE SABADELL,,,,,
9A CURSA SOLIDÀRIA DE REIS - CORNELLÀ DE LLOBREGAT,REIS - CORNELLÀ DE LLOBREGAT,,,,,
CURSA MORITZ SANT ANTONI - CAMPIONAT DE CATALUNYA,MORITZ SANT ANTONI - CAMPIONAT DE CATALUNYA,,,,,
3A MILLA MUNDIAL DELS MIOPS,MUNDIAL DELS MIOPS,,,,,
SENDERS DE CAN COSTA,SENDERS DE CAN COSTA,,,,,
CAMPIONAT DE CATALUNYA TRAIL PROMOCIÓ + OPEN OLESA,CATALUNYA TRAIL PROMOCIÓ + OPEN OLESA,,,,,
2A OLI TRAIL MONTSERRAT,OLI TRAIL MONTSERRAT,,,,,
XII CURSA BENÈFICA MALALTIES MINORITÀRIES,BENÈFICA MALALTIES MINORITÀRIES,,,,,
8A CURSA MILLA SANTA PERPÈTUA PER LA INCLUSIO,SANTA PERPÈTUA PER LA INCLUSIO,,,,,
34A CURSA DE CALDES D’ESTRACH 3 VILES,CALDES D’ESTRACH 3 VILES,,,,,
3A CURSA DE LA DONA 3 VILES DE 5 I 10KM,LA DONA 3 VILES DE 5 I,,,,,
XXIXCURSA DE LA SANITAT CATALANA,XXIXCURSA DE LA SANITAT CATALANA,,,,,
CAMPIONAT CATALUNYA MASTER TRAIL RUNNING - SANT...,CATALUNYA MASTER TRAIL RUNNING - SANT,,,,,
13A MARATÓ PER EQUIPS/ ELS 7K DEL RIU,PER EQUIPS/ ELS 7K DEL RIU,,,,,
4A TRAIL SOLIDÀRIA SERRAMARINA ALELLA,SERRAMARINA ALELLA,,,,,
28ENA CURSA DE CARDEDEU I CURSA SOLIDÀRIA,CARDEDEU I CURSA SOLIDÀRIA,,,,,
PETITA JAB TRAIL 2024,PETITA JAB TRAIL,,,,,
CURSA ENTRECULTURES - CORNELLÀ,ENTRECULTURES - CORNELLÀ,Cornellà de Llobregat,Baix Llobregat,Catalunya,41.355724,2.0706225
13A CURSA POPULAR ILLA CARLEMANY,ILLA CARLEMANY,,,,,
11A CURSA DE LA DONA - CACO - SANT VICENÇ DELS ...,LA DONA - CACO - SANT VICENÇ DELS,Castellar del Riu,Berguedà,Catalunya,42.1188593,1.8079485
7ENA CURSA SOLIDÀRIA PER L’ELA SANT ADRIÀ DE BESÒS,PER L’ELA SANT ADRIÀ DE BESÒS,Sant Adrià de Besòs,Barcelonès,Catalunya,41.4304832,2.2182775
45A MARXA POPULAR TRAIL ARENYS DE MAR,MARXA POPULAR TRAIL ARENYS DE MAR,Arenys de Mar,Maresme,Catalunya,41.5797031,2.5491562
3A EDICIÓ DIRECTA AL TIBIDABO,DIRECTA AL TIBIDABO,Barcelona,Barcelonès,Catalunya,41.4257783,2.1201835
I TRAIL BENÈFICA MALALTIES  MINORITÀRIES,BENÈFICA MALALTIES MINORITÀRIES,Barcelona,Barcelonès,Catalunya,41.4287929,2.1422108
32A CURSA PER COLLSEROLA,PER COLLSEROLA,,,,,
26 CURSA D’ESTIU DE PREMIÀ DE MAR,ESTIU DE PREMIÀ DE MAR,Premià de Mar,Maresme,Catalunya,41.4876688,2.3548637
45A CURSA HYUNDAI VALLPARK FESTA MAJOR DE RIPOLLET,HYUNDAI VALLPARK FESTA MAJOR DE RIPOLLET,Ripollet,Vallès Occidental,Catalunya,41.496506,2.1534198
9A CURSA POPULAR DE FESTA MAJOR SANTA PERPÈTUA ...,FESTA MAJOR SANTA PERPÈTUA,Santa Perpètua de Mogoda,Vallès Occidental,Catalunya,41.5230723,2.1891501
CURSES POPULARS FESTA MAJOR DE SABADELL,CURSES POPULARS FESTA MAJOR DE SABADELL,Sabadell,Vallès Occidental,Catalunya,41.5471222,2.1087161
XXVII CURSA DE LA VINYA DE SANT LLORENÇ D’HORTO...,LA VINYA DE SANT LLORENÇ D’HORTO,,,,,
34È CROSS L'AMETLLA DE MEROLA,CROSS L'AMETLLA DE MEROLA,Puig-reig,Berguedà,Catalunya,41.908427,1.8828011
BADA TRAIL '24,BADA TRAIL '24,,,,,
13A CURSA DE LA TARDOR-SANT ANDREU DE LA BARCA,LA TARDOR-SANT ANDREU DE LA BARCA,Sant Andreu de la Barca,Baix Llobregat,Catalunya,41.4468421,1.9730931
FUN TRAIL BARCELONA 2024,FUN TRAIL BARCELONA,el Papiol,Baix Llobregat,Catalunya,41.4365497,2.0158793
LA MEGALÍTICA ACERKO TOSSA DE MAR,MEGALÍTICA ACERKO TOSSA DE MAR,Tossa de Mar,la Selva,Girona,41.7197773,2.9312155
SWIMRUN EDREAMS CAP DE CREUS BY ZOGGS,SWIMRUN EDREAMS CAP DE CREUS BY ZOGGS,,,,,
LA CURSA DE RAC1 - TERRASSA,RAC1 - TERRASSA,Terrassa,Vallès Occidental,Catalunya,41.5629623,2.0100492
XVII CURSA I CAMINADA LLUIS COMPANYS,I CAMINADA LLUIS COMPANYS,Sant Joan de Vilatorrada,Bages,Catalunya,41.7403683,1.8061482
MILLES NOCTURNES CERDANYOLA - 5K,NOCTURNES CERDANYOLA,,,,,
TRAIL TORRES DEL FOC,TORRES DEL FOC,Alacant / Alicante,l'Alacantí,Comunitat Valenciana,38.3799105,-0.4237046
IX VINYA-CROSS SOLIDARI OLLER DEL MAS,VINYA-CROSS SOLIDARI OLLER DEL MAS,Ares del Maestrat,l'Alt Maestrat,Comunitat Valenciana,40.4316749,-0.1022338
38A PUJADA I BAIXADA A GUANTA,I BAIXADA A GUANTA,Sentmenat,Vallès Occidental,Catalunya,41.6397497,2.1145067
CORREBLAU 2024,CORREBLAU,,,,,
101 JEAN BOUIN OPEN,JEAN BOUIN OPEN,,,,,
LA SANSI 17 VILADECANS,SANSI 17 VILADECANS,Viladecans,Baix Llobregat,Catalunya,41.3211046,2.014849
35A MITJA MARATÓ I 10K CIUTAT DE VILANOVA,I 10K CIUTAT DE VILANOVA,Vilanova i la Geltrú,Garraf,Catalunya,41.228034,1.7380816
LA DE NADAL CURSA DELS ELFS I LES ELFES,NADAL CURSA DELS ELFS I LES ELFES,,,,,
45A SAN SILVESTRE DEL MASNOU 5KM,SAN SILVESTRE DEL MASNOU,el Masnou,Maresme,Catalunya,41.4827434,2.3158056
41ª EDICIÓ EL CAPÓ PUJA AL CASTELL,EL CAPÓ PUJA AL CASTELL,Almería,,Almería,36.8293168,-2.4985223
13A CURSA DE CAP D’ANY DE SABADELL,CAP D’ANY DE SABADELL,Sabadell,Vallès Occidental,Catalunya,41.5218892,2.1037811
CURSA CREMATORRONS LLIÇÀ D’AMUNT,CREMATORRONS LLIÇÀ D’AMUNT,Lliçà d'Amunt,Vallès Oriental,Catalunya,41.6085694,2.239484
10A CURSA SOLIDÀRIA DE REIS - CORNELLÀ DE LLOBR...,REIS - CORNELLÀ DE LLOBR,,,,,
CINC CIMS CORBERA DE LLOBREGAT  CORREM PER L'USHER,CINC CIMS CORBERA DE LLOBREGAT CORREM PER L'USHER,,,,,
XXVI CURSA MOLLET DEL VALLÈS - SANT VICENÇ,MOLLET DEL VALLÈS - SANT VICENÇ,Rellinars,Vallès Occidental,Catalunya,41.6609863,1.9244934
XIII CURSA BENÈFICA MALALTIES MINORITÀRIES,BENÈFICA MALALTIES MINORITÀRIES,Barcelona,Barcelonès,Catalunya,41.4287929,2.1422108
TRAIL PROMOCIÓ + OPEN OLESA,PROMOCIÓ + OPEN OLESA,,,,,
3A OLI TRAIL MONTSERRAT - CAMPIONAT CATALUNYA,OLI TRAIL MONTSERRAT - CAMPIONAT CATALUNYA,,,,,
10A CURSA DE LA DONA VILADECANS,LA DONA VILADECANS,,,,,
CAMPIONAT CATALUNYA TRAIL PROMOCIÓ,CATALUNYA TRAIL PROMOCIÓ,,,,,
9A CURSA MILLA SANTA PERPÈTUA PER LA INCLUSIO,SANTA PERPÈTUA PER LA INCLUSIO,Barcelona,Barcelonès,Catalunya,41.3978391,2.2028074
XXX CURSA DE LA SANITAT CATALANA,LA SANITAT CATALANA,,,,,
XXV EDICIÓ DE LA CURSA DE MARTORELL 5K,LA CURSA DE MARTORELL,Martorell,Baix Llobregat,Catalunya,41.4788142,1.926251
35A CURSA DE CALDES D’ESTRACH 3 VILES,CALDES D’ESTRACH 3 VILES,Lorca,Alto Guadalentín,Región de Murcia,37.5954904,-1.9447153
5È TRAIL SOLIDÀRIA SERRAMARINA ALELLA,SERRAMARINA ALELLA,,,,,
29ENA CURSA DE CARDEDEU I CURSA SOLIDÀRIA,CARDEDEU I CURSA SOLIDÀRIA,,,,,
CURSA IPSI SOLIDÀRIA,IPSI SOLIDÀRIA,,,,,
LA CURSA DE RAC1 PORT DE BARCELONA,RAC1 PORT DE BARCELONA,Barcelona,Barcelonès,Catalunya,41.3604041,2.1723393
33A CURSA PER COLLSEROLA,PER COLLSEROLA,,,,,
33A CURSA PER COLLSEROLA - INFANTILS,PER COLLSEROLA - INFANTILS,Barcelona,Barcelonès,Catalunya,41.4195636,2.178727
14A CURSA POPULAR ILLA CARLEMANY,ILLA CARLEMANY,,,,,
46A MARXA POPULAR TRAIL ARENYS DE MAR,MARXA POPULAR TRAIL ARENYS DE MAR,Arenys de Mar,Maresme,Catalunya,41.5797031,2.5491562
8ENA CURSA SOLIDÀRIA PER L’ELA SANT ADRIÀ DE BESÒS,PER L’ELA SANT ADRIÀ DE BESÒS,Sant Adrià de Besòs,Barcelonès,Catalunya,41.4304832,2.2182775
PRIMERA CURSA ANTIRACISTA DE BARCELONA,PRIMERA CURSA ANTIRACISTA DE BARCELONA,Barcelona,Barcelonès,Catalunya,41.3753594,2.1494898
12A CURSA DE LA DONA - CACO - SANT VICENÇ DELS ...,LA DONA - CACO - SANT VICENÇ DELS,Castellar del Riu,Berguedà,Catalunya,42.1188593,1.8079485
II TRAIL BENÈFICA MALALTIES  MINORITÀRIES,BENÈFICA MALALTIES MINORITÀRIES,Barcelona,Barcelonès,Catalunya,41.4287929,2.1422108
27 CURSA D’ESTIU DE PREMIÀ DE MAR,ESTIU DE PREMIÀ DE MAR,Premià de Mar,Maresme,Catalunya,41.4876688,2.3548637
46A CURSA HYUNDAI VALLPARK MOTORS  CURSA FESTA ...,HYUNDAI VALLPARK MOTORS CURSA FESTA,,,,,
10A CURSA POPULAR DE FESTA MAJOR SANTA PERPÈTUA...,FESTA MAJOR SANTA PERPÈTUA,Santa Perpètua de Mogoda,Vallès Occidental,Catalunya,41.5230723,2.1891501
XXVIII CURSA DE LA VINYA DE SANT LLORENÇ D’HORT...,LA VINYA DE SANT LLORENÇ D’HORT,Marratxí,Raiguer,Illes Balears,39.6242121,2.7278205
CURSES DE FESTA MAJOR SABADELL,CURSES DE FESTA MAJOR SABADELL,Sabadell,Vallès Occidental,Catalunya,41.5471222,2.1087161
35È CROSS L'AMETLLA DE MEROLA,CROSS L'AMETLLA DE MEROLA,Puig-reig,Berguedà,Catalunya,41.908427,1.8828011
14A CURSA DE LA TARDOR-SANT ANDREU DE LA BARCA,LA TARDOR-SANT ANDREU DE LA BARCA,Sant Andreu de la Barca,Baix Llobregat,Catalunya,41.4468421,1.9730931
XVIII CURSA I CAMINADA LLUIS COMPANYS,I CAMINADA LLUIS COMPANYS,Sant Joan de Vilatorrada,Bages,Catalunya,41.7403683,1.8061482
FUN TRAIL BARCELONA 2025,FUN TRAIL BARCELONA,el Papiol,Baix Llobregat,Catalunya,41.4365497,2.0158793
TRAIL LA MEGALÍTICA ACERKO - TOSSA DE MAR,LA MEGALÍTICA ACERKO - TOSSA DE MAR,Tossa de Mar,la Selva,Girona,41.7197773,2.9312155
BUFF MONTJUÏC-TIBIDABO,BUFF MONTJUÏC-TIBIDABO,,,,,
CURSA NOCTURNA DEL CENTENARI DE METRO,CENTENARI DE METRO,Madrid,,Comunidad de Madrid,40.423449,-3.7108809
X VINYA-CROSS SOLIDARI OLLER DEL MAS,VINYA-CROSS SOLIDARI OLLER DEL MAS,Ares del Maestrat,l'Alt Maestrat,Comunitat Valenciana,40.4316749,-0.1022338
5K10K VIC,5K10K VIC,,,,,
39A PUJADA I BAIXADA A GUANTA,I BAIXADA A GUANTA,Sentmenat,Vallès Occidental,Catalunya,41.6397497,2.1145067
CORREBLAU 2025,CORREBLAU,,,,,
102 JEAN BOUIN OPEN,JEAN BOUIN OPEN,,,,,
LA SANSI DE VILADECANS,SANSI DE VILADECANS,Sant Boi de Lluçanès,Osona,Catalunya,42.0471449,2.1802104
36A MITJA MARATÓ I 10K CIUTAT DE VILANOVA,I 10K CIUTAT DE VILANOVA,Vilanova i la Geltrú,Garraf,Catalunya,41.228034,1.7380816
46A SAN SILVESTRE DEL MASNOU,SAN SILVESTRE DEL MASNOU,el Masnou,Maresme,Catalunya,41.4827434,2.3158056
42ENA EDICIÓ EL CAPÓ PUJA AL CASTELL,EL CAPÓ PUJA AL CASTELL,Almería,,Almería,36.8293168,-2.4985223
B100 CURSA DELS NASSOS,B100 CURSA DELS NASSOS,Altea,,Comunitat Valenciana,38.5978172,-0.056318
25A EDICIÓ SANT SILVESTRE DE BERGA,SANT SILVESTRE DE BERGA,Berga,Berguedà,Catalunya,42.0952482,1.8260861
14A CURSA DE CAP D’ANY DE SABADELL,CAP D’ANY DE SABADELL,Sabadell,Vallès Occidental,Catalunya,41.5218892,2.1037811
11A CURSA SOLIDÀRIA DE REIS - CORNELLÀ DE LLOBR...,REIS - CORNELLÀ DE LLOBR,,,,,
LA DE NADAL: SANTA COLOMA DE GRAMENET,NADAL: SANTA COLOMA DE GRAMENET,Santa Coloma de Gramenet,Barcelonès,Catalunya,41.4519395,2.2080809
CUPRA BARCELONA TOWERRUNING CHALLENGE 2026 X MI...,CUPRA BARCELONA TOWERRUNING CHALLENGE,,,,,
33È CROS ESCOLAR I 30È CROS POPULAR DE LES FRAN...,I 30È CROS POPULAR DE LES FRAN,,,,,
XXVII CURSA MOLLET DEL VALLÈS - ST. VICENÇ 2026,MOLLET DEL VALLÈS - ST. VICENÇ,Rellinars,Vallès Occidental,Catalunya,41.6609863,1.9244934
6A ARRELS TRAIL 2026 I CAMPIONAT CATALUNYA TRAI...,ARRELS TRAIL,,,,,
XIV CURSA BENÈFICA MALALTIES MINORITÀRIES,BENÈFICA MALALTIES MINORITÀRIES,Barcelona,Barcelonès,Catalunya,41.4287929,2.1422108
CURSA PER LA IGUALTAT BIGUES I RIELLS,PER LA IGUALTAT BIGUES I RIELLS,Bigues i Riells del Fai,Vallès Oriental,Catalunya,41.6865341,2.2074151
11A CURSA DE LA DONA VILADECANS,LA DONA VILADECANS,,,,,
"""PETITA JAB TRAIL"" COPA CATALANA TRAIL","""PETITA JAB TRAIL"" COPA CATALANA TRAIL",,,,,
37A CURSA CIENTÍFICA SANT PAU,CIENTÍFICA SANT PAU,València,Comarca de València,Comunitat Valenciana,39.4883085,-0.4039796
36A CURSA DE CALDES D’ESTRACH 3 VILES,CALDES D’ESTRACH 3 VILES,Lorca,Alto Guadalentín,Región de Murcia,37.5954904,-1.9447153
MITJA MARATÓ DE RAMS DE VIC,RAMS DE VIC,Vic,Osona,Catalunya,41.9280651,2.2556061
10A CURSA MILLA SANTA PERPÈTUA PER LA INCLUSIO,SANTA PERPÈTUA PER LA INCLUSIO,Barcelona,Barcelonès,Catalunya,41.3978391,2.2028074
XXVI EDICIÓ DE LA CURSA DE MARTORELL 5K,LA CURSA DE MARTORELL,Martorell,Baix Llobregat,Catalunya,41.4788142,1.926251
XXXI CURSA DE LA SANITAT CATALANA,LA SANITAT CATALANA,,,,,
CINC CIMS CORBERA DE LLOBREGAT CORREM PER A LA ...,CINC CIMS CORBERA DE LLOBREGAT CORREM PER A LA,Bilbao,,Bizkaia,43.2502783,-2.9310256
30ENA CURSA DE CARDEDEU I CURSA SOLIDÀRIA,CARDEDEU I CURSA SOLIDÀRIA,,,,,
16A IFP CURSA NOCTURNA DE L'HOSPITALET,IFP CURSA NOCTURNA DE L'HOSPITALET,l'Hospitalet de Llobregat,Barcelonès,Catalunya,41.344632,2.1072217
15A CURSA POPULAR ILLA CARLEMANY,ILLA CARLEMANY,,,,,
47A MARXA POPULAR TRAIL ARENYS DE MAR,MARXA POPULAR TRAIL ARENYS DE MAR,Arenys de Mar,Maresme,Catalunya,41.5797031,2.5491562
46A CURSA POPULAR CIUTAT DE BADALONA. LA CURSA ...,BADALONA. LA CURSA,,,,,
9ENA CURSA SOLIDÀRIA PER L’ELA SANT ADRIÀ DE BESÒS,PER L’ELA SANT ADRIÀ DE BESÒS,Sant Adrià de Besòs,Barcelonès,Catalunya,41.4304832,2.2182775
LA CURSA DELS 150 ANYS,150 ANYS,,,,,
SEGONA CURSA ANTIRACISTA DE BARCELONA,SEGONA CURSA ANTIRACISTA DE BARCELONA,Barcelona,Barcelonès,Catalunya,41.3753594,2.1494898
28 CURSA D’ESTIU DE PREMIÀ DE MAR,ESTIU DE PREMIÀ DE MAR,Premià de Mar,Maresme,Catalunya,41.4876688,2.3548637
1A CURSA SOLIDÀRIA PN I GU DE L’H,PN I GU DE L’H,,,,39.3260685,-4.8379791
