ciutat,provincia
Ador,Valencia
Adsubia,Alicante
Adzaneta de Albaida,Valencia
Adzaneta del Maestrazgo,Castellón
Agost,Alicante
Agres,Alicante
Agullent,Valencia
Ahín,Castellón
Aielo de Malferit,Valencia
Aigües,Alicante
Alacant / Alicante,Alicante
Albacete,
Albaida,Valencia
Albalat de la Ribera,Valencia
Albanchez de Mágina,
Alberic,Valencia
Alberique,Valencia
Albocácer,Castellón
Alcalalí,Alicante
Alcira,Valencia
Alcoi / Alcoy,Alicante
Alcora,Castellón
Alcoy,Alicante
Alcoy/alcoi,Alicante
Alcudia de Veo,Castellón
Alcántara de Júcar,Valencia
Alfafar,Valencia
Alfafara,Alicante
Alfara Del Patriarca,Valencia
Alfara del Patriarca,Valencia
Alfarp,Valencia
Alfaz del Pi,Alicante
Alfondeguilla,Castellón
Algemesí,Valencia
Algimia de Alfara,Valencia
Alginet,Valencia
Algorfa,Alicante
Algámitas,
Alhaurín el Grande,Málaga
Alicante,Alicante
Almansa,
Almazora,Castellón
Almenara,Castellón
Almoradí,Alicante
Almussafes,Valencia
Alpuente,Valencia
Altea,Alicante
Alzira,Valencia
Andilla,Valencia
Anna,Valencia
Aranjuez,
Argelita,Castellón
Atarfe,
Ayelo de Malferit,Valencia
Azuébar,Castellón
Aísa,Huesca
Aýna,
Barcelona,Barcelona
Barcheta,Valencia
Barxeta,Valencia
Bañeres,Alicante
Bejís,Castellón
Benejama,Alicante
Benialí,Alicante
Beniardà,Alicante
Beniatjar,Valencia
Benicasim,Castellón
Benichembla,Alicante
Benidorm,Alicante
Benifairó de la Valldigna,Valencia
Benifairó de los Valles,Valencia
Benifayó,Valencia
Benigembla,Alicante
Benimodo,Valencia
Benisa,Alicante
Benisoda,Valencia
Benissa,Alicante
Biar,Alicante
Bicorp,Valencia
Blanca,Región de Murcia
Bocairent,Valencia
Bocairente,Valencia
Bogarra,
Bolulla,Alicante
Borriol,Castellón
Burgos,Burgos
Burriana,Castellón
Busot,Alicante
Buñol,Valencia
Bárig,Valencia
Béjar,Salamanca
Bélgida,Valencia
Cabezón de la Sal,
Calles,Valencia
Callosa d'en Sarrià,Alicante
Callosa de Ensarriá,Alicante
Callosa de Segura,Alicante
Calp,Alicante
Calpe,Alicante
Campello,Alicante
Campezo,
Canals,Valencia
Canet de Berenguer,Valencia
Canfranc,Huesca
Caravaca de la Cruz,Región de Murcia
Carlet,Valencia
Carrícola,Valencia
Castalla,Alicante
Castelló,Valencia
Castelló De La Plana,Castellón
Castelló de la Plana,Castellón
Castellón de Rugat,Valencia
Castellón de la Plana,Castellón
Castro-Urdiales,
Catadau,Valencia
Caudete,
Chella,Valencia
Chera,Valencia
Cheste,Valencia
Chilches,Castellón
Chiva,Valencia
Chulilla,Valencia
Cocentaina,Alicante
Cofrentes,Valencia
Collbató,Barcelona
Colonia La Marinense,Valencia
Confrides,Alicante
Corbera,Valencia
Crevillent,Alicante
Crevillente,Alicante
Cuatretonda,Valencia
Cullera,Valencia
Denia,Alicante
El Boalo,
El Tiemblo,Ávila
Elche,Alicante
Elche de la Sierra,
Elda,Alicante
Enguera,Valencia
Eslida,Castellón
Espadilla,Castellón
Estubeny,Valencia
Faura,Valencia
Favara,Valencia
Favareta,Valencia
Figueroles,Castellón
Finestrat,Alicante
Forna,Alicante
Fuente Encarroz,Valencia
Férez,
Gabarda,Valencia
Gandía,Valencia
Gata De Gorgos,Alicante
Gata de Gorgos,Alicante
Godella,Valencia
Granada,
Guadarrama,
Guadassuar,Valencia
Guisando,Ávila
Gátova,Valencia
Güéjar Sierra,
Hellín,
Hermandad de Campoo de Suso,
Hondón de las Nieves,Alicante
Huesca,Huesca
Humanes de Madrid,
Ibi,Alicante
Isaba,
Jalance,Valencia
Jalón,Alicante
Jaraco,Valencia
Jaén,
Jeresa,Valencia
Jijona,Alicante
Jijona/xixona,Alicante
Jumilla,Región de Murcia
Játiva,Valencia
Jávea,Alicante
La Alcudia,Valencia
La Encina,Alicante
La Nucía,Alicante
La Vall D'uixó,Castellón
La Vilavella,Castellón
Ladrillar,Cáceres
Lanjarón,
Letur,
Liria,Valencia
Liétor,
Llanera de Ranes,Valencia
Llaurí,Valencia
Llosa de Ranes,Valencia
Llutxent,Valencia
Llíber,Alicante
Luchente,Valencia
Madrid,
Manuel,Valencia
Marines,Valencia
Masanasa,Valencia
Massanassa,Valencia
Mataelpino,
Matallana de Torío,León
Millares,Valencia
Miranda de Ebro,Burgos
Mogente,Valencia
Moixent / Mogente,Valencia
Molinicos,
Monachil,
Moncada,Valencia
Moncófar,Castellón
Monserrat,Valencia
Montaberner,Valencia
Montanejos,Castellón
Montesa,Valencia
Montichelvo,Valencia
Montitxelvo / Montichelvo,Valencia
Montitxelvo/montichelvo,Valencia
Monòver / Monóvar,Alicante
Monóvar,Alicante
Murcia,Región de Murcia
Muro de Alcoy,Alicante
Málaga,Málaga
Navarcles,Barcelona
Navarrés,Valencia
Nerpio,
Novelda,Alicante
Nules,Castellón
Oliva,Valencia
Ollería,Valencia
Onda,Castellón
Ondara,Alicante
Onil,Alicante
Onteniente,Valencia
Ontinyent,Valencia
Orba,Alicante
Orcheta,Alicante
Orihuela,Alicante
Oropesa del Mar,Castellón
Otos,Valencia
Paiporta,Valencia
Palma de Gandía,Valencia
Panticosa,Huesca
Paterna,Valencia
Paterna del Madera,
Pedreguer,Alicante
Pego,Alicante
Petrer,Alicante
Peñíscola,Castellón
Picanya,Valencia
Picaña,Valencia
Pilar de la Horadada,Alicante
Piles,Valencia
Pinoso,Alicante
Polop,Alicante
Polop de la Marina,Alicante
Portillo de Toledo,Toledo
Pradollano,
Puebla de Don Fadrique,
Puebla del Duc,Valencia
Puzol,Valencia
Puçol,Valencia
Quart de Poblet,Valencia
Quatretonda,Valencia
Quesa,Valencia
Quesada,
Redován,Alicante
Relleu,Alicante
Riola,Valencia
Riópar,
Rocafort,Valencia
Roquetes,
Ráfol de Salem,Valencia
Ròtova,Valencia
Rótova,Valencia
Sagunto,Valencia
Salem,Valencia
Salinas,Alicante
San Sebastián de los Reyes,
San Vicente del Raspeig,Alicante
Sant Esteve de Palautordera,Barcelona
Sant Joanet,Valencia
Santa Pola,Alicante
Sax,Alicante
Sellent,Valencia
Senija,Alicante
Senyera,Valencia
Serra,Valencia
Siero,Asturies
Siete Aguas,Valencia
Simat de Valldigna,Valencia
Simat de la Valldigna,Valencia
Socovos,
Sos del Rey Católico,Zaragoza
Sot de Chera,Valencia
Sueca,Valencia
Sueras,Castellón
Sumacárcel,Valencia
Tabernes de Valldigna,Valencia
Taradell,Barcelona
Tarrasa,Barcelona
Tavernes De La Valldigna,Valencia
Tavernes de la Valldigna,Valencia
Teresa de Cofrentes,Valencia
Teror,
Tibi,Alicante
Titaguas,Valencia
Toledo,Toledo
Tollos,Alicante
Torrente,Valencia
Torres,
Torrevieja,Alicante
Torrijos,Toledo
Tous,Valencia
Turís,Valencia
Urbanització Campolivar,Valencia
Valdelinares,Teruel
Valencia,Valencia
Vall d'Alba,Castellón
Vall de Uxó,Castellón
Vallada,Valencia
Vallibona,Castellón
València,Valencia
Vega de Pas,
Vila-seca,
Vilafamés,Castellón
Vilaseca de Solcina,
Villablino,León
Villajoyosa,Alicante
Villamarchante,Valencia
Villanueva de Castellón,Valencia
Villar del Arzobispo,Valencia
Villaverde de Guadalimar,
Villavieja,Castellón
Villena,Alicante
Vinaroz,Castellón
Vinuesa,Soria
Vistabella del Maestrazgo,Castellón
Xaló,Alicante
Xeresa,Valencia
Xixona / Jijona,Alicante
Xàbia / Jávea,Alicante
Xàtiva,Valencia
Yeste,
Zumaya,
el Genovés,Valencia
el Palomar,Valencia
el Pinós / Pinoso,Alicante
l'Alcúdia de Crespins,Valencia
l'Atzúbia,Alicante
la Nucia,Alicante
la Pobla Llarga,Valencia
la Romana,Alicante
la Vall d'Uixó,Castellón
la Vall de Boí,Lleida
la Vall de Gallinera,Alicante
la Vilavella,Castellón
Énova,Valencia
