id,modalidad_raceresult,finisher_h,finisher_d,finisher_total,nombre_carrera,fecha_inicio,fecha_fin,tipo_deporte,distancias,ubicacion,region,pais,codigo_pais,lat,lon,url_evento,municipio,comarca,provincia
101182,Clasificación general,222.0,104.0,326,Trail la Vegueta 2018,2018-07-07,2018-07-07,Running,"5K,10K",Tinajo,,España,ES,29.0667,-13.6771,https://my.raceresult.com/101182/,Tinajo,,Las Palmas
101221,Clasificación general,55.0,26.0,81,Milla Popular la Santa 2018,2018-07-20,2018-07-20,Running,,La Santa,,España,ES,29.0663,-13.6767,https://my.raceresult.com/101221/,Tinajo,,Las Palmas
101238,Clasificación general,,,258,Relevos el Cuchillo 2018,2018-11-10,2018-11-10,Running,,El Cuchillo,,España,ES,29.0814,-13.663,https://my.raceresult.com/101238/,Tinajo,,Las Palmas
101238,Clasificación Relevos|Cls. Modalidad,,,41,Relevos el Cuchillo 2018,2018-11-10,2018-11-10,Running,,El Cuchillo,,España,ES,29.0814,-13.663,https://my.raceresult.com/101238/,Tinajo,,Las Palmas
101238,Clasificación por modalidad,,,9,Relevos el Cuchillo 2018,2018-11-10,2018-11-10,Running,,El Cuchillo,,España,ES,29.0814,-13.663,https://my.raceresult.com/101238/,Tinajo,,Las Palmas
103015,Clasificación general,133.0,49.0,182,Carrera Popular  EL Quíquere 2018,2018-08-04,2018-08-04,Running,"5K,10K",Tias,,España,ES,28.9242,-13.645,https://my.raceresult.com/103015/,Tías,,Las Palmas
103018,Clasificación general,173.0,133.0,306,Travesía Puerto del Carmen 2018,2018-08-04,2018-08-04,Natación,,Tias,,España,ES,28.9242,-13.645,https://my.raceresult.com/103018/,Tías,,Las Palmas
103021,Clasificación general,193.0,141.0,334,Travesía San Gines 2018,2018-08-11,2018-08-11,Natación,,Arrecife,,España,ES,28.9937,-13.6073,https://my.raceresult.com/103021/,San Bartolomé,,Las Palmas
103022,Clasificación general,140.0,112.0,252,Travesía Puerto Calero 2018,2018-08-26,2018-08-26,Natación,,Tias,,España,ES,28.9192,-13.7072,https://my.raceresult.com/103022/,Yaiza,,Las Palmas
103022,Clasificación Club,,,1,Travesía Puerto Calero 2018,2018-08-26,2018-08-26,Natación,,Tias,,España,ES,28.9192,-13.7072,https://my.raceresult.com/103022/,Yaiza,,Las Palmas
103023,Clasificación general,137.0,111.0,248,Travesía Punta Mujeres 2018,2018-09-01,2018-09-01,Natación,,Haria,,España,ES,29.1448,-13.4476,https://my.raceresult.com/103023/,Haría,,Las Palmas
103026,Clasificación general,142.0,116.0,258,Travesía Playa Honda Restaurante Emmax,2018-09-23,2018-09-23,Natación,,San Bartolomé,,España,ES,28.9539,-13.5914,https://my.raceresult.com/103026/,San Bartolomé,,Las Palmas
103028,Clasificación general,,,284,II Tinajo You Trail 2018,2018-09-09,2018-09-09,Running,,Tinajo,,España,ES,29.0377,-13.6862,https://my.raceresult.com/103028/,Tinajo,,Las Palmas
103389,Clasificación general,,,110,Swimrun lanzarote 2018,2018-11-25,2018-11-25,Acuatlón,,Tias,,España,ES,28.9578,-13.6507,https://my.raceresult.com/103389/,Tías,,Las Palmas
103527,Tiempos Manga Final,,,111,DHU VILA DE SARRIA 2018,2018-07-22,2018-07-22,Bicicleta de montaña,,Sarria,,España,ES,42.7772,-7.4113,https://my.raceresult.com/103527/,Sarria,Sarria,Lugo
107367,Clasificación general,,,115,Los Dolores Night Trail 2018,2018-09-15,2018-09-15,Running,,La Oliva,,España,ES,28.5867,-13.8849,https://my.raceresult.com/107367/,La Oliva,,Las Palmas
107985,Clasificación general,159.0,131.0,290,Msrun Lanzarote,2018-09-22,2018-09-22,Running,10K,Arrecife,,España,ES,28.9937,-13.6073,https://my.raceresult.com/107985/,San Bartolomé,,Las Palmas
109655,RESULTADOS|04_Clasificación Final_Completa,34.0,5.0,39,X TRIATLON PONTENAFONSO - MEMORIAL MICHEL 2018,2018-10-06,2018-10-06,Triatlón,,PonteNafonso,15286,España,ES,42.825,-8.8756,https://my.raceresult.com/109655/,Noia,Noia,La Coruña
109662,Clasificación Absoluta,,,171,Depo Desafío - Triatlón de Vigo,2018-10-07,2018-10-07,Triatlón,,Vigo,,España,ES,42.2126,-8.7743,https://my.raceresult.com/109662/,Vigo,Vigo,Pontevedra
114698,Clasificación Final,,,2052,Sin-Son 10K_2018,2018-12-23,2018-12-23,Running,10K,Puerto del Son,,España,ES,42.7261,-9.0043,https://my.raceresult.com/114698/,O Porto do Son,Noia,La Coruña
118096,Clasificación general,,,132,V Carrera De Mascaritas,2019-03-13,2019-03-13,Running,"5K,10K",Tinajo,,España,ES,29.0631,-13.6787,https://my.raceresult.com/118096/,Tinajo,,Las Palmas
119510,Clasificación general copa,23.0,10.0,33,III COPA DE CARRERAS POPULARES MUNICIPIO DE TINAJO,2019-03-17,2019-03-17,Running,5K,Tinajo,,España,ES,29.0655,-13.676,https://my.raceresult.com/119510/,Tinajo,,Las Palmas
119510,"Clasificación general ""Residente en Tinajo""",7.0,2.0,9,III COPA DE CARRERAS POPULARES MUNICIPIO DE TINAJO,2019-03-17,2019-03-17,Running,5K,Tinajo,,España,ES,29.0655,-13.676,https://my.raceresult.com/119510/,Tinajo,,Las Palmas
119510,Premiados General,3.0,3.0,6,III COPA DE CARRERAS POPULARES MUNICIPIO DE TINAJO,2019-03-17,2019-03-17,Running,5K,Tinajo,,España,ES,29.0655,-13.676,https://my.raceresult.com/119510/,Tinajo,,Las Palmas
124038,Clasificación General,,,947,Disco Night Urban Race 2019,2019-05-11,2019-05-11,Running,"5K,10K",Arrecife,,España,ES,28.9577,-13.5499,https://my.raceresult.com/124038/,Arrecife,,Las Palmas
124038,Clasificación por General,,,305,Disco Night Urban Race 2019,2019-05-11,2019-05-11,Running,"5K,10K",Arrecife,,España,ES,28.9577,-13.5499,https://my.raceresult.com/124038/,Arrecife,,Las Palmas
124038,Listados 10Km|Clasificación General 10Km,212.0,88.0,300,Disco Night Urban Race 2019,2019-05-11,2019-05-11,Running,"5K,10K",Arrecife,,España,ES,28.9577,-13.5499,https://my.raceresult.com/124038/,Arrecife,,Las Palmas
124098,Listas de Resultados|Clasificación completa,134.0,15.0,149,IV DÚATLON «ELEUTERIO BALAYO» CONCELLO DE MUROS,2019-04-27,2019-04-27,Duatlón,,,,España,ES,40.4637,-3.74922,https://my.raceresult.com/124098/,Madrid,,Comunidad de Madrid
124098,Listas de Resultados|Clasificación SECTOR 1,,,125,IV DÚATLON «ELEUTERIO BALAYO» CONCELLO DE MUROS,2019-04-27,2019-04-27,Duatlón,,,,España,ES,40.4637,-3.74922,https://my.raceresult.com/124098/,Madrid,,Comunidad de Madrid
124098,Listas de Resultados|Clasificación SECTOR 2,,,121,IV DÚATLON «ELEUTERIO BALAYO» CONCELLO DE MUROS,2019-04-27,2019-04-27,Duatlón,,,,España,ES,40.4637,-3.74922,https://my.raceresult.com/124098/,Madrid,,Comunidad de Madrid
124098,Listas de Resultados|Clasificación SECTOR 3,,,120,IV DÚATLON «ELEUTERIO BALAYO» CONCELLO DE MUROS,2019-04-27,2019-04-27,Duatlón,,,,España,ES,40.4637,-3.74922,https://my.raceresult.com/124098/,Madrid,,Comunidad de Madrid
126088,Clasificación General,,,181,VIII Vértical Montaña Blanca ,2019-05-18,2019-05-18,Running,,Montaña Blanca,,España,ES,28.9871,-13.637,https://my.raceresult.com/126088/,San Bartolomé,,Las Palmas
126408,Clasificación General,138.0,96.0,234,Ironkids Lanzarote 2019,2019-05-24,2019-05-24,Triatlón,,Tias,,España,ES,28.9292,-13.632,https://my.raceresult.com/126408/,Tías,,Las Palmas
127097,Clasificación General,25.0,29.0,54,X COPA DE AGUAS ABIERTAS DE LANZAROTE,2019-06-08,2019-06-08,Natación,,San Bartolomé,,España,ES,29.001,-13.6118,https://my.raceresult.com/127097/,San Bartolomé,,Las Palmas
127097,Clasificación,,,52,X COPA DE AGUAS ABIERTAS DE LANZAROTE,2019-06-08,2019-06-08,Natación,,San Bartolomé,,España,ES,29.001,-13.6118,https://my.raceresult.com/127097/,San Bartolomé,,Las Palmas
128339,CLASIFICACIÓN FINAL,131.0,18.0,149,II MAR DE MUROS TRÍATLON,2019-06-08,2019-06-08,Triatlón,,Muros,,España,ES,42.8074,-9.0461,https://my.raceresult.com/128339/,Muros,Muros,La Coruña
129506,Clasificación General,39.0,27.0,66,XVI Travesía San Juan Rcna - II COPA DE CANARIAS,2019-06-29,2019-06-29,Natación,,Arrecife,,España,ES,28.9581,-13.5609,https://my.raceresult.com/129506/,Arrecife,,Las Palmas
129508,Clasificación General,133.0,89.0,222,XVI Travesía San Juan Rcna,2019-06-29,2019-06-29,Natación,,Arrecife,,España,ES,28.9581,-13.5609,https://my.raceresult.com/129508/,Arrecife,,Las Palmas
129515,Clasificación general,200.0,96.0,296,Trail La Vegueta 2019,2019-06-29,2019-06-29,Running,"5K,10K",La Vegueta,,España,ES,29.0486,-13.6491,https://my.raceresult.com/129515/,Tinajo,,Las Palmas
131126,"Listas de Resultados|Subida al Muro, Ézaro",,,1027,GF Ézaro 2019,2019-07-07,2019-07-07,Ciclismo,,,,España,ES,40.4637,-3.74922,https://my.raceresult.com/131126/,Madrid,,Comunidad de Madrid
131126,Listas de Resultados|Puerto de Paxareiras,,,633,GF Ézaro 2019,2019-07-07,2019-07-07,Ciclismo,,,,España,ES,40.4637,-3.74922,https://my.raceresult.com/131126/,Madrid,,Comunidad de Madrid
131126,Listas de Resultados|Clasificación final Gran Fondo,610.0,14.0,624,GF Ézaro 2019,2019-07-07,2019-07-07,Ciclismo,,,,España,ES,40.4637,-3.74922,https://my.raceresult.com/131126/,Madrid,,Comunidad de Madrid
131126,Listas de Resultados|Clasificación final Medio Fondo,,,403,GF Ézaro 2019,2019-07-07,2019-07-07,Ciclismo,,,,España,ES,40.4637,-3.74922,https://my.raceresult.com/131126/,Madrid,,Comunidad de Madrid
13940,Result Lists|Result List MF+AG,,,184,Sant Silvestre Mataró Night Trail,2012-12-31,2012-12-31,Running,,MATARO,,España,ES,0.0,0.0,https://my.raceresult.com/13940/,,,
141231,Clasificación General,,,353,XI Alltours Half Marathon Dunas Fuerteventura,2019-11-02,2019-11-02,Carreras de montaña,,Corralejo,,España,ES,28.7282,-13.8634,https://my.raceresult.com/141231/,La Oliva,,Las Palmas
1418,Final Results,,,41,UCI Cyclo-cross World Cup Igorre,2008-12-07,2008-12-07,Ciclocross,,Igorre,,España,ES,0.0,0.0,https://my.raceresult.com/1418/,,,
142392,Clasificación General,,,170,Swimrun lanzarote 2019,2019-11-22,2019-11-23,Acuatlón,,Tias,,España,ES,28.9578,-13.6507,https://my.raceresult.com/142392/,Tías,,Las Palmas
144010,Clasificación general,74.0,41.0,115,Carrera Navideña Puerto Del Carmen 2019,2019-12-22,2019-12-22,Running,5K,Puerto Del Carmen,,España,ES,28.9205,-13.6474,https://my.raceresult.com/144010/,Tías,,Las Palmas
147435,Overall results XCE  - men,,,18,City Mountainbike #2 Barcelona (ESP),2020-11-14,2020-11-14,Bicicleta de montaña,,Barcelona,,España,ES,41.4016,2.1571,https://my.raceresult.com/147435/,Barcelona,Barcelonés,Barcelona
147435,Finals - men,,,8,City Mountainbike #2 Barcelona (ESP),2020-11-14,2020-11-14,Bicicleta de montaña,,Barcelona,,España,ES,41.4016,2.1571,https://my.raceresult.com/147435/,Barcelona,Barcelonés,Barcelona
147435,Finals - women,,,7,City Mountainbike #2 Barcelona (ESP),2020-11-14,2020-11-14,Bicicleta de montaña,,Barcelona,,España,ES,41.4016,2.1571,https://my.raceresult.com/147435/,Barcelona,Barcelonés,Barcelona
15053,Result Lists|DUATLO GENERAL,,,139,V DUATLO LLINARS - GINEBRO,2013-03-17,2013-03-17,Running,,LLINARS DEL VALLES,,España,ES,0.0,0.0,https://my.raceresult.com/15053/,,,
152623,Clasificación General,17.0,4.0,21,Apnea Canarias,2021-02-02,2021-02-02,Otros,,,,España,ES,40.4637,-3.7492,https://my.raceresult.com/152623/,Madrid,,Comunidad de Madrid
152623,Clasificación Peso Constante Monoaleta,11.0,4.0,15,Apnea Canarias,2021-02-02,2021-02-02,Otros,,,,España,ES,40.4637,-3.7492,https://my.raceresult.com/152623/,Madrid,,Comunidad de Madrid
152623,Clasificación Peso Constante Bialetas,10.0,3.0,13,Apnea Canarias,2021-02-02,2021-02-02,Otros,,,,España,ES,40.4637,-3.7492,https://my.raceresult.com/152623/,Madrid,,Comunidad de Madrid
152623,Clasificación Inmersión Libre,11.0,1.0,12,Apnea Canarias,2021-02-02,2021-02-02,Otros,,,,España,ES,40.4637,-3.7492,https://my.raceresult.com/152623/,Madrid,,Comunidad de Madrid
152623,Clasificación Inmersión Cabo,3.0,0.0,3,Apnea Canarias,2021-02-02,2021-02-02,Otros,,,,España,ES,40.4637,-3.7492,https://my.raceresult.com/152623/,Madrid,,Comunidad de Madrid
158824,Clasificación Final,101.0,19.0,120,XII TRIATLON PONTENAFONSO,2020-09-19,2020-09-19,Triatlón,,PonteNafonso,,España,ES,42.8248,-8.8738,https://my.raceresult.com/158824/,Noia,Noia,La Coruña
160694,Clasificación Final,198.0,42.0,240,XXXVIII Gran Fondo - XXV Medio Maratón Pontevedra 2020,2020-10-18,2020-10-18,Running,21K,Pontevedra,,España,ES,42.4318,-8.6349,https://my.raceresult.com/160694/,Pontevedra,Pontevedra,Pontevedra
162669,Listas de Resultados MTB|Listado General MTB ,,,95,Yaiza Extremo Sur,2020-12-18,2020-12-20,Otros,,YAIZA,,España,ES,28.9568,-13.7984,https://my.raceresult.com/162669/,Yaiza,,Las Palmas
162669,Listas de resultados 13km Trail|Listado General 13km Trail,,,58,Yaiza Extremo Sur,2020-12-18,2020-12-20,Otros,,YAIZA,,España,ES,28.9568,-13.7984,https://my.raceresult.com/162669/,Yaiza,,Las Palmas
162669,Listas de resultados 21km Trail|Listado General 21km Trail,,,36,Yaiza Extremo Sur,2020-12-18,2020-12-20,Otros,,YAIZA,,España,ES,28.9568,-13.7984,https://my.raceresult.com/162669/,Yaiza,,Las Palmas
163782,Clasificación Individual Canarias,,,16,Virtual Mejora ,2020-12-25,2020-12-25,Otros,,,,España,ES,40.4637,-3.7492,https://my.raceresult.com/163782/,Madrid,,Comunidad de Madrid
163782,Clasificación Individual,,,15,Virtual Mejora ,2020-12-25,2020-12-25,Otros,,,,España,ES,40.4637,-3.7492,https://my.raceresult.com/163782/,Madrid,,Comunidad de Madrid
163782,Clasificación por Individual,,,1,Virtual Mejora ,2020-12-25,2020-12-25,Otros,,,,España,ES,40.4637,-3.7492,https://my.raceresult.com/163782/,Madrid,,Comunidad de Madrid
169247,Overall results - men,,,18,UCI MTB Eliminator World Cup #6 Barcelona (ESP),2021-10-02,2021-10-02,Bicicleta de montaña,,Barcelona,,España,ES,41.4016,2.2026,https://my.raceresult.com/169247/,Barcelona,Barcelonés,Barcelona
169247,Final -men,,,8,UCI MTB Eliminator World Cup #6 Barcelona (ESP),2021-10-02,2021-10-02,Bicicleta de montaña,,Barcelona,,España,ES,41.4016,2.2026,https://my.raceresult.com/169247/,Barcelona,Barcelonés,Barcelona
169247,Final - women,,,6,UCI MTB Eliminator World Cup #6 Barcelona (ESP),2021-10-02,2021-10-02,Bicicleta de montaña,,Barcelona,,España,ES,41.4016,2.2026,https://my.raceresult.com/169247/,Barcelona,Barcelonés,Barcelona
173040,Listas de Resultados|01_Clasificación_4PICOS_1ºPICO-CUSPEDRIÑOS FAMELGA,,,359,PONTEVEDRA 4 PICOS ROAD - CLÁSICA EVARISTO PORTELA,2021-06-20,2021-06-20,Cicloturismo,,Pontevedra,,España,ES,42.4299,-8.6446,https://my.raceresult.com/173040/,Pontevedra,Pontevedra,Pontevedra
173040,Listas de Resultados|03_Clasificación_4PICOS_SUMA_PUERTOS,,,259,PONTEVEDRA 4 PICOS ROAD - CLÁSICA EVARISTO PORTELA,2021-06-20,2021-06-20,Cicloturismo,,Pontevedra,,España,ES,42.4299,-8.6446,https://my.raceresult.com/173040/,Pontevedra,Pontevedra,Pontevedra
173040,Listas de Resultados|01_Clasificación_3PICOS_1ºPICO-CUSPEDRIÑOS FAMELGA,,,33,PONTEVEDRA 4 PICOS ROAD - CLÁSICA EVARISTO PORTELA,2021-06-20,2021-06-20,Cicloturismo,,Pontevedra,,España,ES,42.4299,-8.6446,https://my.raceresult.com/173040/,Pontevedra,Pontevedra,Pontevedra
173040,Listas de Resultados|03_Clasificación_3PICOS_SUMA_PUERTOS,,,4,PONTEVEDRA 4 PICOS ROAD - CLÁSICA EVARISTO PORTELA,2021-06-20,2021-06-20,Cicloturismo,,Pontevedra,,España,ES,42.4299,-8.6446,https://my.raceresult.com/173040/,Pontevedra,Pontevedra,Pontevedra
174566,"Listas de Resultados|Subida al Muro, Ézaro",,,681,GF Ézaro 2021,2021-07-10,2021-07-10,Ciclismo,,Ézaro,,España,ES,42.9216,-9.1048,https://my.raceresult.com/174566/,Dumbría,Fisterra,La Coruña
174566,Listas de Resultados|Puerto de Paxareiras,,,385,GF Ézaro 2021,2021-07-10,2021-07-10,Ciclismo,,Ézaro,,España,ES,42.9216,-9.1048,https://my.raceresult.com/174566/,Dumbría,Fisterra,La Coruña
174566,Listas de Resultados|Clasificación final Gran Fondo,353.0,4.0,357,GF Ézaro 2021,2021-07-10,2021-07-10,Ciclismo,,Ézaro,,España,ES,42.9216,-9.1048,https://my.raceresult.com/174566/,Dumbría,Fisterra,La Coruña
174566,Listas de Resultados|Clasificación final Medio Fondo,307.0,17.0,324,GF Ézaro 2021,2021-07-10,2021-07-10,Ciclismo,,Ézaro,,España,ES,42.9216,-9.1048,https://my.raceresult.com/174566/,Dumbría,Fisterra,La Coruña
177067,Listas de Resultados|Listado General,,,387,Disco Night Urban Race 2021,2021-08-13,2021-08-13,Running,"5K,10K",Tias,,España,ES,28.9297,-13.665,https://my.raceresult.com/177067/,Tías,,Las Palmas
177672,Listas de Resultados|Listado General,,,181,Famara Total2021,2021-08-21,2021-08-21,Running,,Teguise,,España,ES,29.1182,-13.5657,https://my.raceresult.com/177672/,Teguise,,Las Palmas
178840,Clasificación General,,,30,II Campeonato de motos acuáticas (Copa LanzaJet),2021-09-25,2021-09-25,Snowboard,,Costa Teguise,,España,ES,28.9984,-13.4885,https://my.raceresult.com/178840/,Teguise,,Las Palmas
180395,Tiempo final 4 Picos,,,958,PONTEVEDRA 4 PICOS BIKE 2021,2021-09-11,2021-09-11,Bicicleta de montaña,,Pontevedra,,España,ES,42.4364,-8.6384,https://my.raceresult.com/180395/,Pontevedra,Pontevedra,Pontevedra
180395,Tiempo final 2 Picos,,,545,PONTEVEDRA 4 PICOS BIKE 2021,2021-09-11,2021-09-11,Bicicleta de montaña,,Pontevedra,,España,ES,42.4364,-8.6384,https://my.raceresult.com/180395/,Pontevedra,Pontevedra,Pontevedra
182937,Clasificación TC1,,,33,EHL 2021,2021-10-10,2021-10-10,BMX,,Haría,,España,ES,29.1854,-13.4627,https://my.raceresult.com/182937/,Haría,,Las Palmas
182937,Clasificación TC3,,,30,EHL 2021,2021-10-10,2021-10-10,BMX,,Haría,,España,ES,29.1854,-13.4627,https://my.raceresult.com/182937/,Haría,,Las Palmas
182937,Clasificación TC5,,,28,EHL 2021,2021-10-10,2021-10-10,BMX,,Haría,,España,ES,29.1854,-13.4627,https://my.raceresult.com/182937/,Haría,,Las Palmas
182937,Clasificación General Enduro,,,26,EHL 2021,2021-10-10,2021-10-10,BMX,,Haría,,España,ES,29.1854,-13.4627,https://my.raceresult.com/182937/,Haría,,Las Palmas
182937,Clasificación General E-Bike,,,7,EHL 2021,2021-10-10,2021-10-10,BMX,,Haría,,España,ES,29.1854,-13.4627,https://my.raceresult.com/182937/,Haría,,Las Palmas
184010,En línea|Final,37.0,71.0,108,Trirosas Run 4,2021-10-16,2021-10-16,Running,,Tias,,España,ES,28.9292,-13.6324,https://my.raceresult.com/184010/,Tías,,Las Palmas
235712,Clasificación TC1,,,184,Campeonato de España de Enduro 2023,2023-04-22,2023-04-22,Bicicleta de montaña,,Puntallana,,España,ES,28.6964,-17.7683,https://my.raceresult.com/235712/,Santa Cruz de La Palma,,Santa Cruz de Tenerife
235712,Clasificación TC3,,,164,Campeonato de España de Enduro 2023,2023-04-22,2023-04-22,Bicicleta de montaña,,Puntallana,,España,ES,28.6964,-17.7683,https://my.raceresult.com/235712/,Santa Cruz de La Palma,,Santa Cruz de Tenerife
235712,Clasificación TC2,,,163,Campeonato de España de Enduro 2023,2023-04-22,2023-04-22,Bicicleta de montaña,,Puntallana,,España,ES,28.6964,-17.7683,https://my.raceresult.com/235712/,Santa Cruz de La Palma,,Santa Cruz de Tenerife
235712,Clasificación General,142.0,13.0,155,Campeonato de España de Enduro 2023,2023-04-22,2023-04-22,Bicicleta de montaña,,Puntallana,,España,ES,28.6964,-17.7683,https://my.raceresult.com/235712/,Santa Cruz de La Palma,,Santa Cruz de Tenerife
235712,Clasificación E-Bike,,,15,Campeonato de España de Enduro 2023,2023-04-22,2023-04-22,Bicicleta de montaña,,Puntallana,,España,ES,28.6964,-17.7683,https://my.raceresult.com/235712/,Santa Cruz de La Palma,,Santa Cruz de Tenerife
235712,Clasificación Cadete,4.0,3.0,7,Campeonato de España de Enduro 2023,2023-04-22,2023-04-22,Bicicleta de montaña,,Puntallana,,España,ES,28.6964,-17.7683,https://my.raceresult.com/235712/,Santa Cruz de La Palma,,Santa Cruz de Tenerife
235712,Clasificación Open,,,3,Campeonato de España de Enduro 2023,2023-04-22,2023-04-22,Bicicleta de montaña,,Puntallana,,España,ES,28.6964,-17.7683,https://my.raceresult.com/235712/,Santa Cruz de La Palma,,Santa Cruz de Tenerife
24234,{DE:Overall|ES:Total},,,494,El rey de la montaña,2014-01-03,2014-01-03,Ciclismo,,,,España,ES,40.4637,-3.74922,https://my.raceresult.com/24234/,Madrid,,Comunidad de Madrid
24234,{DE:Overall Männer|ES:Total hombres},,,436,El rey de la montaña,2014-01-03,2014-01-03,Ciclismo,,,,España,ES,40.4637,-3.74922,https://my.raceresult.com/24234/,Madrid,,Comunidad de Madrid
24234,{DE:Overall Frauen|ES:Total mujeres},,,58,El rey de la montaña,2014-01-03,2014-01-03,Ciclismo,,,,España,ES,40.4637,-3.74922,https://my.raceresult.com/24234/,Madrid,,Comunidad de Madrid
263235,Resultados 15K,,,79,X-Treme Sierra Sur,2023-10-01,2023-10-01,Carreras de montaña,,Alcalá la Real,Jaén,España,ES,37.4604,-3.924,https://my.raceresult.com/263235/,Alcalá la Real,,Jaén
263235,Resultados 27K,,,62,X-Treme Sierra Sur,2023-10-01,2023-10-01,Carreras de montaña,,Alcalá la Real,Jaén,España,ES,37.4604,-3.924,https://my.raceresult.com/263235/,Alcalá la Real,,Jaén
263835,CLASIFICACIÓN INDIVIDUAL,,,884,21 LEGUAS,2023-09-30,2023-10-01,Otros,,Narón,,España,ES,43.4966,-8.196,https://my.raceresult.com/263835/,Narón,Ferrol,La Coruña
263835,CLASIFICACIÓN PAREJAS BTT,,,62,21 LEGUAS,2023-09-30,2023-10-01,Otros,,Narón,,España,ES,43.4966,-8.196,https://my.raceresult.com/263835/,Narón,Ferrol,La Coruña
263835,CLASIFICACIÓN EQUIPOS BTT,,,36,21 LEGUAS,2023-09-30,2023-10-01,Otros,,Narón,,España,ES,43.4966,-8.196,https://my.raceresult.com/263835/,Narón,Ferrol,La Coruña
263835,CLASIFICACIÓN EQUIPOS,,,20,21 LEGUAS,2023-09-30,2023-10-01,Otros,,Narón,,España,ES,43.4966,-8.196,https://my.raceresult.com/263835/,Narón,Ferrol,La Coruña
265092,Clasificación,,,14,La Iruela Contra el Cáncer,2023-10-21,2023-10-21,Running,,La Iruela,,España,ES,37.9111,-3.0028,https://my.raceresult.com/265092/,Cazorla,,Jaén
265592,GENERAL,,,452,Sierra Cazorla Trails,2023-10-14,2023-10-14,Carreras de montaña,,Quesada,Jaén,España,ES,37.844,-3.0671,https://my.raceresult.com/265592/,Quesada,,Jaén
267881,Resultados Gran Vuelta,,,354,Gran Vuelta Valle del Genal,2023-11-04,2023-11-05,Carreras de montaña,,Gaucín,Málaga,España,ES,36.5193,-5.3168,https://my.raceresult.com/267881/,Gaucín,Serranía de Ronda,Málaga
268450,CLASIFICACIÓN FINAL,,,760,XLII CARREIRA POPULAR DE NEGREIRA,2023-11-05,2023-11-05,Running,"5K,10K",Negreira,,España,ES,42.9113,-8.7367,https://my.raceresult.com/268450/,Negreira,Barcala,La Coruña
268450,CLASIFICACIÓN EQUIPOS,,,30,XLII CARREIRA POPULAR DE NEGREIRA,2023-11-05,2023-11-05,Running,"5K,10K",Negreira,,España,ES,42.9113,-8.7367,https://my.raceresult.com/268450/,Negreira,Barcala,La Coruña
268707,Resultados,,,307,Trail Valle del Genal,2023-11-11,2023-11-11,Carreras de montaña,,Juzcar,Málaga,España,ES,36.6256,-5.1708,https://my.raceresult.com/268707/,Júzcar,Serranía de Ronda,Málaga
291991,03 - RESULTADOS|Resultados 79K,,,76,Zumeta Bike Race 2024,2024-05-25,2024-05-25,Bicicleta de montaña,,Santiago De La Espada,,España,ES,38.1115,-2.5522,https://my.raceresult.com/291991/,Santiago-Pontones,,Jaén
291991,03 - RESULTADOS|Resultados 40K,,,46,Zumeta Bike Race 2024,2024-05-25,2024-05-25,Bicicleta de montaña,,Santiago De La Espada,,España,ES,38.1115,-2.5522,https://my.raceresult.com/291991/,Santiago-Pontones,,Jaén
292491,En línea|En vivo,,,45,Jable Trails,2024-06-15,2024-06-15,Running,5K,Tias,,España,ES,28.9201,-13.6596,https://my.raceresult.com/292491/,Tías,,Las Palmas
292548,S4.Overall,,,333,4 Stage MTB Race Lanzarote 2025,2025-01-30,2025-02-02,Bicicleta de montaña,,Tinajo,,España,ES,29.072,-13.6749,https://my.raceresult.com/292548/,Tinajo,,Las Palmas
292548,S3.Overall,,,325,4 Stage MTB Race Lanzarote 2025,2025-01-30,2025-02-02,Bicicleta de montaña,,Tinajo,,España,ES,29.072,-13.6749,https://my.raceresult.com/292548/,Tinajo,,Las Palmas
292548,S1.Overall,,,259,4 Stage MTB Race Lanzarote 2025,2025-01-30,2025-02-02,Bicicleta de montaña,,Tinajo,,España,ES,29.072,-13.6749,https://my.raceresult.com/292548/,Tinajo,,Las Palmas
292548,{EN:4 Stages - Overall|ES:4 Etapas - General},,,258,4 Stage MTB Race Lanzarote 2025,2025-01-30,2025-02-02,Bicicleta de montaña,,Tinajo,,España,ES,29.072,-13.6749,https://my.raceresult.com/292548/,Tinajo,,Las Palmas
292548,S1+S2+S3.Overall,,,256,4 Stage MTB Race Lanzarote 2025,2025-01-30,2025-02-02,Bicicleta de montaña,,Tinajo,,España,ES,29.072,-13.6749,https://my.raceresult.com/292548/,Tinajo,,Las Palmas
295769,Resultados,,,67,I CIRCUITO CxM LA IRUELA,2024-08-14,2024-08-25,Carreras de montaña,,La Iruela,Jaén,España,ES,37.9199,-2.9966,https://my.raceresult.com/295769/,La Iruela,,Jaén
296023,5K,,,577,Disco Night Urban Race 2024,2024-06-22,2024-06-22,Running,"5K,10K",Tias,,España,ES,28.9587,-13.5478,https://my.raceresult.com/296023/,Arrecife,,Las Palmas
296023,10K,,,184,Disco Night Urban Race 2024,2024-06-22,2024-06-22,Running,"5K,10K",Tias,,España,ES,28.9587,-13.5478,https://my.raceresult.com/296023/,Arrecife,,Las Palmas
317639,Listado de Inscritos,,,366,San Silvestre Alcalá,2024-12-28,2024-12-28,Carreras de montaña,,,,España,ES,40.091,-3.4646,https://my.raceresult.com/317639/,Colmenar de Oreja,,Comunidad de Madrid
320013,Equipos,,,263,Energy Mud Cártama,2025-03-02,2025-03-02,Carrera de Obstáculos,,,,España,ES,40.091,-3.4646,https://my.raceresult.com/320013/,Colmenar de Oreja,,Comunidad de Madrid
320013,Popular,26.0,13.0,39,Energy Mud Cártama,2025-03-02,2025-03-02,Carrera de Obstáculos,,,,España,ES,40.091,-3.4646,https://my.raceresult.com/320013/,Colmenar de Oreja,,Comunidad de Madrid
320224,Results stage 2,,,424,Costa Blanca Bike Race 2025,2025-01-30,2025-02-02,Bicicleta de montaña,,Calpe,,España,ES,38.6541,0.0469,https://my.raceresult.com/320224/,Calpe,La Marina Alta,Alicante
320224,Results stage 1,,,365,Costa Blanca Bike Race 2025,2025-01-30,2025-02-02,Bicicleta de montaña,,Calpe,,España,ES,38.6541,0.0469,https://my.raceresult.com/320224/,Calpe,La Marina Alta,Alicante
320224,Results stage 4,,,311,Costa Blanca Bike Race 2025,2025-01-30,2025-02-02,Bicicleta de montaña,,Calpe,,España,ES,38.6541,0.0469,https://my.raceresult.com/320224/,Calpe,La Marina Alta,Alicante
320224,Startlist stage 2,,,289,Costa Blanca Bike Race 2025,2025-01-30,2025-02-02,Bicicleta de montaña,,Calpe,,España,ES,38.6541,0.0469,https://my.raceresult.com/320224/,Calpe,La Marina Alta,Alicante
320224,Results stage 3,,,48,Costa Blanca Bike Race 2025,2025-01-30,2025-02-02,Bicicleta de montaña,,Calpe,,España,ES,38.6541,0.0469,https://my.raceresult.com/320224/,Calpe,La Marina Alta,Alicante
321332,Open,,,109,AthlonX Fuengirola,2025-02-22,2025-02-22,Carreras de montaña,,,,España,ES,40.091,-3.4646,https://my.raceresult.com/321332/,Colmenar de Oreja,,Comunidad de Madrid
321501,CLASIFICACION FINAL,,,1301,SIN SON 10K 2024,2024-12-22,2024-12-22,Running,10K,Porto do Son,,España,ES,42.7248,-9.0053,https://my.raceresult.com/321501/,O Porto do Son,Noia,La Coruña
321696,Listado,,,964,Adrenaline Race Torrenueva Costa,2025-04-27,2025-04-27,Carrera de Obstáculos,,,,España,ES,40.091,-3.4646,https://my.raceresult.com/321696/,Colmenar de Oreja,,Comunidad de Madrid
321696,Resultados,,,696,Adrenaline Race Torrenueva Costa,2025-04-27,2025-04-27,Carrera de Obstáculos,,,,España,ES,40.091,-3.4646,https://my.raceresult.com/321696/,Colmenar de Oreja,,Comunidad de Madrid
322238,Equipos,,,331,Adrenaline Race Zahara de los Atunes,2025-09-27,2025-09-27,Carrera de Obstáculos,,,,España,ES,40.091,-3.4646,https://my.raceresult.com/322238/,Colmenar de Oreja,,Comunidad de Madrid
322238,Popular,23.0,12.0,35,Adrenaline Race Zahara de los Atunes,2025-09-27,2025-09-27,Carrera de Obstáculos,,,,España,ES,40.091,-3.4646,https://my.raceresult.com/322238/,Colmenar de Oreja,,Comunidad de Madrid
322238,Pro,7.0,0.0,7,Adrenaline Race Zahara de los Atunes,2025-09-27,2025-09-27,Carrera de Obstáculos,,,,España,ES,40.091,-3.4646,https://my.raceresult.com/322238/,Colmenar de Oreja,,Comunidad de Madrid
323127,Individual,,,833,Bosques del Sur - Ultra y Maratón,2025-05-31,2025-05-31,Carreras de montaña,,Cazorla,Jaén,España,ES,37.9141,-3.004,https://my.raceresult.com/323127/,Cazorla,,Jaén
323280,Resultados,,,963,"Bosques Del Sur - Media, Mini y Peque",2025-06-07,2025-06-08,Carreras de montaña,,Cazorla,Jaén,España,ES,37.9141,-3.004,https://my.raceresult.com/323280/,Cazorla,,Jaén
323691,Resultados,,,504,VII CxM TRAIL SOLIDARIO IES FUENTE DE LA PEÑA,2025-03-30,2025-03-30,Carreras de montaña,,Jaén,Jaén,España,ES,37.7578,-3.7937,https://my.raceresult.com/323691/,Jaén,,Jaén
324567,Resultados|Clasificación general,,,16,Toma de Tiempos Club Ajei,2025-08-22,2025-08-22,Ciclismo,,,,España,ES,40.091,-3.4646,https://my.raceresult.com/324567/,Colmenar de Oreja,,Comunidad de Madrid
324567,Resultados|Clasificación general subida,,,15,Toma de Tiempos Club Ajei,2025-08-22,2025-08-22,Ciclismo,,,,España,ES,40.091,-3.4646,https://my.raceresult.com/324567/,Colmenar de Oreja,,Comunidad de Madrid
324567,Resultados|Clasificación Promesa,,,9,Toma de Tiempos Club Ajei,2025-08-22,2025-08-22,Ciclismo,,,,España,ES,40.091,-3.4646,https://my.raceresult.com/324567/,Colmenar de Oreja,,Comunidad de Madrid
324641,Resultados,,,253,Trail Despeñaperros,2025-05-10,2025-05-10,Carreras de montaña,,Santa Elena,Jaén,España,ES,38.3419,-3.5396,https://my.raceresult.com/324641/,Santa Elena,,Jaén
324641,02-Resultados|01.LIVE,,,112,Trail Despeñaperros,2025-05-10,2025-05-10,Carreras de montaña,,Santa Elena,Jaén,España,ES,38.3419,-3.5396,https://my.raceresult.com/324641/,Santa Elena,,Jaén
324951,Clasificación general,,,32,Carrera Mascaritas 2025,2025-03-15,2025-03-15,Running,"5K,10K",Tinajo,,España,ES,29.0666,-13.6765,https://my.raceresult.com/324951/,Tinajo,,Las Palmas
325216,Resultados,,,362,CxM Algeciras Capitán Trail,2025-05-17,2025-05-17,Carreras de montaña,,Algeciras,Cádiz,España,ES,36.1263,-5.4493,https://my.raceresult.com/325216/,Algeciras,Campo de Gibraltar,Cádiz
325355,Resultados,,,51,I CxM Algeciras Cerro del Rayo KIDS,2025-03-30,2025-03-30,Carreras de montaña,,Algeciras,Cádiz,España,ES,36.1312,-5.4474,https://my.raceresult.com/325355/,Algeciras,Campo de Gibraltar,Cádiz
325355,01 - Participantes|Listado Participantes Publico,,,7,I CxM Algeciras Cerro del Rayo KIDS,2025-03-30,2025-03-30,Carreras de montaña,,Algeciras,Cádiz,España,ES,36.1312,-5.4474,https://my.raceresult.com/325355/,Algeciras,Campo de Gibraltar,Cádiz
325389,02-Resultados|02.RESULTADOS + VIDEO,,,237,CxM Silvia Lara,2025-04-06,2025-04-06,Carreras de montaña,,Castillo de Locubín,Jaén,España,ES,37.528,-3.9422,https://my.raceresult.com/325389/,Castillo de Locubín,,Jaén
325751,Resultados,,,330,CxM Rompealbarcas,2025-05-24,2025-05-24,Carreras de montaña,,Cazorla,Jaén,España,ES,37.9141,-3.004,https://my.raceresult.com/325751/,Cazorla,,Jaén
325755,Final,,,7,European Timer Olympics,2025-02-11,2025-02-11,Carrera de Obstáculos,,Mallorca,,España,ES,39.6167,2.9833,https://my.raceresult.com/325755/,Lloret de Vistalegre,Pla de Mallorca,Islas Baleares
325768,R3| Overall Results,,,168,4 Stage MTB Race Lanzarote 2026,2026-09-03,2026-09-06,Bicicleta de montaña,,Tinajo,,España,ES,29.072,-13.6749,https://my.raceresult.com/325768/,Tinajo,,Las Palmas
325768,R1+R2 | Overall Results,,,153,4 Stage MTB Race Lanzarote 2026,2026-09-03,2026-09-06,Bicicleta de montaña,,Tinajo,,España,ES,29.072,-13.6749,https://my.raceresult.com/325768/,Tinajo,,Las Palmas
325768,R2| Overall Results,,,137,4 Stage MTB Race Lanzarote 2026,2026-09-03,2026-09-06,Bicicleta de montaña,,Tinajo,,España,ES,29.072,-13.6749,https://my.raceresult.com/325768/,Tinajo,,Las Palmas
325768,R1 | Overall Results,,,136,4 Stage MTB Race Lanzarote 2026,2026-09-03,2026-09-06,Bicicleta de montaña,,Tinajo,,España,ES,29.072,-13.6749,https://my.raceresult.com/325768/,Tinajo,,Las Palmas
325768,R1+R2+R3 | Overall Results,,,115,4 Stage MTB Race Lanzarote 2026,2026-09-03,2026-09-06,Bicicleta de montaña,,Tinajo,,España,ES,29.072,-13.6749,https://my.raceresult.com/325768/,Tinajo,,Las Palmas
325895,Categorías Best Lap,,,26,G.P. “HAND BIKE INTERNATIONAL - LANZAROTE - PLAYA BLANCA” 2025,2025-03-07,2025-03-08,Cicloturismo,,Yaiza,,España,ES,28.9568,-13.7654,https://my.raceresult.com/325895/,Yaiza,,Las Palmas
327200,Resultados,,,372,Cumbres de Mágina,2025-04-27,2025-04-27,Carreras de montaña,,Bedmar,Jaén,España,ES,37.8241,-3.4109,https://my.raceresult.com/327200/,Bedmar y Garcíez,,Jaén
327200,01 - Participantes|Listado Participantes Publico,,,66,Cumbres de Mágina,2025-04-27,2025-04-27,Carreras de montaña,,Bedmar,Jaén,España,ES,37.8241,-3.4109,https://my.raceresult.com/327200/,Bedmar y Garcíez,,Jaén
328702,Clasificación general,,,62,XIII Vertical Montaña Blanca 2025,2025-05-25,2025-05-25,Carreras de montaña,,San Bartolomé,,España,ES,28.9879,-13.6374,https://my.raceresult.com/328702/,San Bartolomé,,Las Palmas
328876,02-RESULTADOS|02.RESULTADOS OPEN,0.0,25.0,25,Hyrox Trial,2025-05-31,2025-05-31,Carrera de Obstáculos,,Ciudad Real,,España,ES,38.9837,-3.9292,https://my.raceresult.com/328876/,Ciudad Real,,Ciudad Real
329092,1/8 final - men,,,26,UCI MTB Eliminator World Cup #6 Barcelona (ESP),2025-10-11,2025-10-11,Bicicleta de montaña,,Barcelona,,España,ES,41.3872,2.1654,https://my.raceresult.com/329092/,Barcelona,Barcelonés,Barcelona
329092,Overall results - women,,,9,UCI MTB Eliminator World Cup #6 Barcelona (ESP),2025-10-11,2025-10-11,Bicicleta de montaña,,Barcelona,,España,ES,41.3872,2.1654,https://my.raceresult.com/329092/,Barcelona,Barcelonés,Barcelona
329092,Final -men,,,8,UCI MTB Eliminator World Cup #6 Barcelona (ESP),2025-10-11,2025-10-11,Bicicleta de montaña,,Barcelona,,España,ES,41.3872,2.1654,https://my.raceresult.com/329092/,Barcelona,Barcelonés,Barcelona
329639,Clasificación TC1,,,58,Enduro Punta Llana 2025,2025-04-12,2025-04-12,Bicicleta de montaña,,Puntallana,,España,ES,28.6964,-17.7683,https://my.raceresult.com/329639/,Santa Cruz de La Palma,,Santa Cruz de Tenerife
329639,Clasificación TC2,,,57,Enduro Punta Llana 2025,2025-04-12,2025-04-12,Bicicleta de montaña,,Puntallana,,España,ES,28.6964,-17.7683,https://my.raceresult.com/329639/,Santa Cruz de La Palma,,Santa Cruz de Tenerife
329639,Clasificación TC4,,,54,Enduro Punta Llana 2025,2025-04-12,2025-04-12,Bicicleta de montaña,,Puntallana,,España,ES,28.6964,-17.7683,https://my.raceresult.com/329639/,Santa Cruz de La Palma,,Santa Cruz de Tenerife
329639,Clasificación TC3,,,51,Enduro Punta Llana 2025,2025-04-12,2025-04-12,Bicicleta de montaña,,Puntallana,,España,ES,28.6964,-17.7683,https://my.raceresult.com/329639/,Santa Cruz de La Palma,,Santa Cruz de Tenerife
329639,Clas. Open Puntallana,,,9,Enduro Punta Llana 2025,2025-04-12,2025-04-12,Bicicleta de montaña,,Puntallana,,España,ES,28.6964,-17.7683,https://my.raceresult.com/329639/,Santa Cruz de La Palma,,Santa Cruz de Tenerife
330010,Resultados Individual,,,41,Competición Híbrida Andújar,2025-05-18,2025-05-18,Carrera de Obstáculos,,Andujar,,España,ES,38.0354,-4.0519,https://my.raceresult.com/330010/,Andújar,,Jaén
330439,Clasificación PROVISIONAL,,,21,Campeonato de Canarias de Campo a Través,2025-03-22,2025-03-22,Running,5K,,,España,ES,40.091,-3.4646,https://my.raceresult.com/330439/,Colmenar de Oreja,,Comunidad de Madrid
332305,Resultados,,,64,Subida a Fuenmayor,2025-05-04,2025-05-04,Carreras de montaña,,Torres,Jaén,España,ES,37.7847,-3.5082,https://my.raceresult.com/332305/,Torres,,Jaén
333043,RESULTADOS TC1,,,131,CAMPIONATO DE GALICIA ENDURO 2025 - ENDURO FARO DE BUDIÑO,2025-03-30,2025-03-30,Bicicleta de montaña,,PORRIÑO (O),,España,ES,42.1094,-8.5963,https://my.raceresult.com/333043/,O Porriño,Vigo,Pontevedra
333043,RESULTADOS TC2,,,130,CAMPIONATO DE GALICIA ENDURO 2025 - ENDURO FARO DE BUDIÑO,2025-03-30,2025-03-30,Bicicleta de montaña,,PORRIÑO (O),,España,ES,42.1094,-8.5963,https://my.raceresult.com/333043/,O Porriño,Vigo,Pontevedra
333043,RESULTADOS TC3,,,127,CAMPIONATO DE GALICIA ENDURO 2025 - ENDURO FARO DE BUDIÑO,2025-03-30,2025-03-30,Bicicleta de montaña,,PORRIÑO (O),,España,ES,42.1094,-8.5963,https://my.raceresult.com/333043/,O Porriño,Vigo,Pontevedra
333043,RESULTADOS TC4,,,97,CAMPIONATO DE GALICIA ENDURO 2025 - ENDURO FARO DE BUDIÑO,2025-03-30,2025-03-30,Bicicleta de montaña,,PORRIÑO (O),,España,ES,42.1094,-8.5963,https://my.raceresult.com/333043/,O Porriño,Vigo,Pontevedra
333043,CLASIFICACION  ABSOLUTA,70.0,2.0,72,CAMPIONATO DE GALICIA ENDURO 2025 - ENDURO FARO DE BUDIÑO,2025-03-30,2025-03-30,Bicicleta de montaña,,PORRIÑO (O),,España,ES,42.1094,-8.5963,https://my.raceresult.com/333043/,O Porriño,Vigo,Pontevedra
333043,CLASIFICACION  EBIKE,,,31,CAMPIONATO DE GALICIA ENDURO 2025 - ENDURO FARO DE BUDIÑO,2025-03-30,2025-03-30,Bicicleta de montaña,,PORRIÑO (O),,España,ES,42.1094,-8.5963,https://my.raceresult.com/333043/,O Porriño,Vigo,Pontevedra
343133,Final,,,99,30° Descenso MTB El Pino,2025-06-01,2025-06-01,Bicicleta de montaña,,,,España,ES,40.091,-3.4646,https://my.raceresult.com/343133/,Colmenar de Oreja,,Comunidad de Madrid
343367,CLT. PROVISIONALES M. FINAL,,,104,DH MOLINOS O PARAMO,2025-06-01,2025-06-01,Bicicleta de montaña,,PARAMO (O),,España,ES,42.3959,-8.0417,https://my.raceresult.com/343367/,Maside,O Carballiño,Ourense
343568,En línea|En vivo,,,50,Masdache Run,2025-07-19,2025-07-19,Running,5K,Tias,,España,ES,28.9201,-13.6596,https://my.raceresult.com/343568/,Tías,,Las Palmas
344072,45K Individual,,,155,Caras Nortes Skyrace,2025-11-29,2025-11-29,Carreras de montaña,,Güejar Sierra,Granada,España,ES,37.1598,-3.4386,https://my.raceresult.com/344072/,Güéjar Sierra,Comarca de la Vega de Granada,Granada
344187,Clasificaciones  - Absolutas,,,208,CAMPIONATO DE GALICIA CONTRA O RELOXO INDIVIDUAL 2025 CASTRO DE REI,2025-05-31,2025-05-31,Ciclismo,,CASTRO DE REI,,España,ES,43.2088,-7.4014,https://my.raceresult.com/344187/,Castro de Rei,Terra Chá,Lugo
344187,Clasificaciones - Campeonato de Galicia,,,194,CAMPIONATO DE GALICIA CONTRA O RELOXO INDIVIDUAL 2025 CASTRO DE REI,2025-05-31,2025-05-31,Ciclismo,,CASTRO DE REI,,España,ES,43.2088,-7.4014,https://my.raceresult.com/344187/,Castro de Rei,Terra Chá,Lugo
345403,Online|Final,,,33,Registro de voluntarios - VCAL 2025,2025-10-04,2025-10-05,Cicloturismo,,,,España,ES,40.091,-3.4646,https://my.raceresult.com/345403/,Colmenar de Oreja,,Comunidad de Madrid
347670,Resultados,,,375,AthlonX Aftershock Fuengirola,2025-11-22,2025-11-22,Carrera de Obstáculos,,FUENGIROLA,,España,ES,36.5408,-4.6231,https://my.raceresult.com/347670/,Fuengirola,Costa del Sol Occidental,Málaga
348311,TIEMPOS FINALES,,,424,GRAN FONDO EZARO - FIN DO CAMIÑO,2025-07-06,2025-07-06,Cicloturismo,,Ézaro,,España,ES,42.9114,-9.1285,https://my.raceresult.com/348311/,Dumbría,Fisterra,La Coruña
348872,CLASIFICACION SCRATCH,69.0,25.0,94,COPA DE ESPAÑA PUMPTRACK MONDARIZ- IV PUMPTRACK NOCTURNO MONDARIZ,2025-06-28,2025-06-28,Ciclismo,,MONDARIZ,,España,ES,42.233,-8.4558,https://my.raceresult.com/348872/,Mondariz,O Condado,Pontevedra
349109,1/8 final - women,,,8,City Mountainbike Eliminator Series #2 Girona (ESP),2025-09-19,2025-09-19,Bicicleta de montaña,,Girona,,España,ES,41.9857,2.8212,https://my.raceresult.com/349109/,Gerona,Gironés,Gerona
349402,Resultados Individual,,,24,Competición Híbrida,2025-11-08,2025-11-08,Carrera de Obstáculos,,Marmolejo,Jaén,España,ES,38.0435,-4.1655,https://my.raceresult.com/349402/,Marmolejo,,Jaén
350519,DEKA FIT Teams,,,701,DEKA Madrid 2025,2025-07-19,2025-07-20,Otros,,Madrid,,España,ES,40.4128,-3.7337,https://my.raceresult.com/350519/,Madrid,,Comunidad de Madrid
350519,DEKA MILE Teams,,,76,DEKA Madrid 2025,2025-07-19,2025-07-20,Otros,,Madrid,,España,ES,40.4128,-3.7337,https://my.raceresult.com/350519/,Madrid,,Comunidad de Madrid
350519,DEKA FIT Cup Individuals,,,19,DEKA Madrid 2025,2025-07-19,2025-07-20,Otros,,Madrid,,España,ES,40.4128,-3.7337,https://my.raceresult.com/350519/,Madrid,,Comunidad de Madrid
350519,DEKA FIT Cup Teams,,,10,DEKA Madrid 2025,2025-07-19,2025-07-20,Otros,,Madrid,,España,ES,40.4128,-3.7337,https://my.raceresult.com/350519/,Madrid,,Comunidad de Madrid
350594,Resultados,,,65,Carrera Popular Valdepeñas de Jaén,2025-08-30,2025-08-30,Carreras de montaña,,Valdepeñas de Jaén,Jaén,España,ES,37.59,-3.8153,https://my.raceresult.com/350594/,Valdepeñas de Jaén,,Jaén
350758,FINAL MARISQUIÑO,64.0,4.0,68,MTB DOWNTOWN MARISQUIÑO,2025-08-09,2025-08-09,Bicicleta de montaña,,Vigo,Pontevedra,España,ES,42.2167,-8.7169,https://my.raceresult.com/350758/,Vigo,Vigo,Pontevedra
350758,FINAL MINI MARISQUIÑO,,,34,MTB DOWNTOWN MARISQUIÑO,2025-08-09,2025-08-09,Bicicleta de montaña,,Vigo,Pontevedra,España,ES,42.2167,-8.7169,https://my.raceresult.com/350758/,Vigo,Vigo,Pontevedra
350778,Resultados,,,182,XIX Carrera Popular Ciudad de Quesada,2025-08-23,2025-08-23,Running,5K,Quesada,Jaén,España,ES,37.844,-3.0671,https://my.raceresult.com/350778/,Quesada,,Jaén
351661,CLT. PROVISIONALES M. FINAL,,,124,II MINIDH ENDURRAZO 2025,2025-07-20,2025-07-20,Bicicleta de montaña,,MOAÑA,,España,ES,42.2849,-8.7822,https://my.raceresult.com/351661/,Cangas de Morrazo,Morrazo,Pontevedra
352078,Clasificación General,,,204,Fisiosan 5K,2025-10-04,2025-10-04,Running,5K,Playa Honda,,España,ES,28.9508,-13.5904,https://my.raceresult.com/352078/,San Bartolomé,,Las Palmas
352743,CLT. PROVISIONALES M. FINAL,,,144,XII DHU VILLA DE SARRIA 2025,2025-07-26,2025-07-26,Bicicleta de montaña,,SARRIA,,España,ES,42.7813,-7.4139,https://my.raceresult.com/352743/,Sarria,Sarria,Lugo
352743,CLT. PROVISIONALES M. FINAL- UCI,76.0,4.0,80,XII DHU VILLA DE SARRIA 2025,2025-07-26,2025-07-26,Bicicleta de montaña,,SARRIA,,España,ES,42.7813,-7.4139,https://my.raceresult.com/352743/,Sarria,Sarria,Lugo
354574,Clasificación General,,,39,"
Vertical Famara Total By European Sports Destination 2025",2025-08-14,2025-08-14,Running,,,,España,ES,40.091,-3.4646,https://my.raceresult.com/354574/,Colmenar de Oreja,,Comunidad de Madrid
354940,CLASIFICACION FINAL,70.0,3.0,73,3ª CRONOESCALADA SANROCKEIRA 2025,2025-08-08,2025-08-08,Ciclismo,,San Sadurniño,,España,ES,43.532,-8.0712,https://my.raceresult.com/354940/,San Sadurniño,Ferrol,La Coruña
356901,Resultados,,,803,Gran Fondo Sierra de Cazorla,2025-09-27,2025-09-27,Ciclismo,,Cazorla,Jaén,España,ES,37.9141,-3.004,https://my.raceresult.com/356901/,Cazorla,,Jaén
358201,CLASIFICACION JUNIOR 1º,,,54,VII CHALLENGE JUNIOR CARBALLO - Etapa 1 CRI,2025-08-29,2025-08-29,Ciclismo,,Carballo,,España,ES,43.2127,-8.6911,https://my.raceresult.com/358201/,Carballo,Bergantiños,La Coruña
358201,CLASIFICACION EQUIPOS,,,48,VII CHALLENGE JUNIOR CARBALLO - Etapa 1 CRI,2025-08-29,2025-08-29,Ciclismo,,Carballo,,España,ES,43.2127,-8.6911,https://my.raceresult.com/358201/,Carballo,Bergantiños,La Coruña
359586,Popular,26.0,12.0,38,Adrenaline Race Mike's Gym,2025-11-09,2025-11-09,Carrera de Obstáculos,,La Cala de Mijas,,España,ES,36.509,-4.6811,https://my.raceresult.com/359586/,Mijas,Costa del Sol Occidental,Málaga
359586,Parejas,,,18,Adrenaline Race Mike's Gym,2025-11-09,2025-11-09,Carrera de Obstáculos,,La Cala de Mijas,,España,ES,36.509,-4.6811,https://my.raceresult.com/359586/,Mijas,Costa del Sol Occidental,Málaga
359586,Pro,5.0,0.0,5,Adrenaline Race Mike's Gym,2025-11-09,2025-11-09,Carrera de Obstáculos,,La Cala de Mijas,,España,ES,36.509,-4.6811,https://my.raceresult.com/359586/,Mijas,Costa del Sol Occidental,Málaga
359696,Clasificación general,,,64,III Carrera Popular San Rafael 2025,2025-10-25,2025-10-25,Running,5K,Teguise,,España,ES,29.0597,-13.5596,https://my.raceresult.com/359696/,Teguise,,Las Palmas
361404,Clasificación General,,,676,Fuertebike Electrón Fuerteventura 2025,2025-09-27,2025-09-27,Bicicleta de montaña,,,,España,ES,28.7308,-13.8675,https://my.raceresult.com/361404/,La Oliva,,Las Palmas
362250,Online|DEKA FIT Teams,,,548,DEKA Barcelona 2025,2025-09-27,2025-09-28,Otros,,Barcelona,,España,ES,41.386,2.1944,https://my.raceresult.com/362250/,Barcelona,Barcelonés,Barcelona
362250,Online|DEKA MILE Teams,,,62,DEKA Barcelona 2025,2025-09-27,2025-09-28,Otros,,Barcelona,,España,ES,41.386,2.1944,https://my.raceresult.com/362250/,Barcelona,Barcelonés,Barcelona
370624,Online - Spain|DEKA FIT Teams,,,437,DEKA Tenerife 2025,2025-11-15,2025-11-16,Otros,,Los Realejos,,España,ES,28.3933,-16.5754,https://my.raceresult.com/370624/,Los Realejos,,Santa Cruz de Tenerife
377397,Resultados,,,70,The Hybrid Run,2026-05-09,2026-05-09,Carrera de fitness,,Torremolinos,Málaga,España,ES,36.6238,-4.5002,https://my.raceresult.com/377397/,Torremolinos,Costa del Sol Occidental,Málaga
380186,Clasificación General,102.0,55.0,157,Tinajo You Trail 2026,2026-09-05,2026-09-05,Running,,Tinajo,,España,ES,29.0666,-13.6765,https://my.raceresult.com/380186/,Tinajo,,Las Palmas
384091,Online - Spain|DEKA FIT Teams,,,559,2026 DEKA Torremolinos (Málaga),2026-02-28,2026-03-01,Otros,,Torremolinos,,España,ES,36.6208,-4.5125,https://my.raceresult.com/384091/,Torremolinos,Costa del Sol Occidental,Málaga
384091,Online - Spain|DEKA MILE Teams,,,83,2026 DEKA Torremolinos (Málaga),2026-02-28,2026-03-01,Otros,,Torremolinos,,España,ES,36.6208,-4.5125,https://my.raceresult.com/384091/,Torremolinos,Costa del Sol Occidental,Málaga
386422,GENERAL,,,47,XI Enduro Puntallana Flow Trails 2026 - Campeonato de Canarias,2026-09-12,2026-09-12,Bicicleta de montaña,,Puntallana,,España,ES,28.6964,-17.7683,https://my.raceresult.com/386422/,Santa Cruz de La Palma,,Santa Cruz de Tenerife
386422,Clasificación TC1,,,40,XI Enduro Puntallana Flow Trails 2026 - Campeonato de Canarias,2026-09-12,2026-09-12,Bicicleta de montaña,,Puntallana,,España,ES,28.6964,-17.7683,https://my.raceresult.com/386422/,Santa Cruz de La Palma,,Santa Cruz de Tenerife
386422,Clasificación TC4,,,39,XI Enduro Puntallana Flow Trails 2026 - Campeonato de Canarias,2026-09-12,2026-09-12,Bicicleta de montaña,,Puntallana,,España,ES,28.6964,-17.7683,https://my.raceresult.com/386422/,Santa Cruz de La Palma,,Santa Cruz de Tenerife
386422,Clasificación TC3,,,36,XI Enduro Puntallana Flow Trails 2026 - Campeonato de Canarias,2026-09-12,2026-09-12,Bicicleta de montaña,,Puntallana,,España,ES,28.6964,-17.7683,https://my.raceresult.com/386422/,Santa Cruz de La Palma,,Santa Cruz de Tenerife
386422,Cto. Canarias - General,,,35,XI Enduro Puntallana Flow Trails 2026 - Campeonato de Canarias,2026-09-12,2026-09-12,Bicicleta de montaña,,Puntallana,,España,ES,28.6964,-17.7683,https://my.raceresult.com/386422/,Santa Cruz de La Palma,,Santa Cruz de Tenerife
391029,Team Adults,,,56,DEKA MILE: Heaven Crossfit,2026-04-11,2026-04-11,Otros,,Arganda del Rey,,España,ES,40.3056,-3.4584,https://my.raceresult.com/391029/,Arganda del Rey,,Comunidad de Madrid
391032,Online - Spain|DEKA FIT Teams,,,783,DEKA TOLEDO - UNIVERSIDAD DE CASTILLA-LA MANCHA 2026,2026-04-10,2026-04-12,Otros,,Toledo,,España,ES,39.8654,-4.0402,https://my.raceresult.com/391032/,Toledo,,Toledo
391032,Online - Spain|DEKA FIT Teams Viernes,,,104,DEKA TOLEDO - UNIVERSIDAD DE CASTILLA-LA MANCHA 2026,2026-04-10,2026-04-12,Otros,,Toledo,,España,ES,39.8654,-4.0402,https://my.raceresult.com/391032/,Toledo,,Toledo
391450,1/8 final - men,,,30,"UCI MTB Eliminator World Championships, Barcelona (ESP)",2026-04-18,2026-04-18,Bicicleta de montaña,,Barcelona,,España,ES,41.3709,2.1529,https://my.raceresult.com/391450/,Barcelona,Barcelonés,Barcelona
391450,Overall results - women,,,21,"UCI MTB Eliminator World Championships, Barcelona (ESP)",2026-04-18,2026-04-18,Bicicleta de montaña,,Barcelona,,España,ES,41.3709,2.1529,https://my.raceresult.com/391450/,Barcelona,Barcelonés,Barcelona
391450,Final - women,,,8,"UCI MTB Eliminator World Championships, Barcelona (ESP)",2026-04-18,2026-04-18,Bicicleta de montaña,,Barcelona,,España,ES,41.3709,2.1529,https://my.raceresult.com/391450/,Barcelona,Barcelonés,Barcelona
391450,Final -men,,,7,"UCI MTB Eliminator World Championships, Barcelona (ESP)",2026-04-18,2026-04-18,Bicicleta de montaña,,Barcelona,,España,ES,41.3709,2.1529,https://my.raceresult.com/391450/,Barcelona,Barcelonés,Barcelona
393492,Team Adults,,,46,DEKA MILE: Eleven hybrid club,2026-04-25,2026-04-25,Otros,,Sant Joan Despí,,España,ES,41.3744,2.0487,https://my.raceresult.com/393492/,Sant Joan Despí,Bajo Llobregat,Barcelona
393499,Team Adults,,,39,DEKA MILE: Elesta Box,2026-04-25,2026-04-25,Otros,,illescas,,España,ES,40.1465,-3.8294,https://my.raceresult.com/393499/,Illescas,,Toledo
393504,Team Adults,,,19,DEKA MILE: Infit Puerto Real,2026-04-25,2026-04-25,Otros,,Puerto Real,,España,ES,36.5224,-6.2101,https://my.raceresult.com/393504/,Puerto Real,Bahía de Cádiz,Cádiz
393542,Team Adults,,,54,DEKA MILE: Box El Rancho,2026-04-25,2026-04-25,Otros,,Mutxamel ,,España,ES,38.3588,-0.4904,https://my.raceresult.com/393542/,Alicante,L'Alacantí,Alicante
394397,Resultados,,,169,Carrera de la Cereza,2026-06-14,2026-06-14,Carreras de montaña,,Castillo de Locubín,,España,ES,37.528,-3.9422,https://my.raceresult.com/394397/,Castillo de Locubín,,Jaén
394884,Online|Live resultados,,,161,FEIRA CABALAR MOECHE,2026-04-23,2026-04-23,Otros,,Moeche,,España,ES,43.5793,-7.9977,https://my.raceresult.com/394884/,San Ramón,Ferrol,La Coruña
395340,CLT. PROVISIONALES M. FINAL- SCRATCH,142.0,13.0,155,DH MOLINOS O PARAMO,2026-04-26,2026-04-26,Bicicleta de montaña,,SARRIA,,España,ES,42.7799,-7.4171,https://my.raceresult.com/395340/,Sarria,Sarria,Lugo
395340,CLT. PROVISIONALES M. FINAL,,,153,DH MOLINOS O PARAMO,2026-04-26,2026-04-26,Bicicleta de montaña,,SARRIA,,España,ES,42.7799,-7.4171,https://my.raceresult.com/395340/,Sarria,Sarria,Lugo
396126,Categorías,,,37,XIV Milla Barceló Caleta de Fuste 2026,2026-05-22,2026-05-22,Running,,Caleta de Fuste,,España,ES,28.3972,-13.8643,https://my.raceresult.com/396126/,Antigua,,Las Palmas
396213,RESULTADOS TC1,,,62,CAMPIONATO DE GALICIA BTT ENDURO EBIKE 2026 - IBEROEBIKE 2026,2026-05-02,2026-05-02,Bicicleta de montaña,,MOAÑA,,España,ES,42.2819,-8.736,https://my.raceresult.com/396213/,Moaña,Morrazo,Pontevedra
396213,RESULTADOS TC2,,,61,CAMPIONATO DE GALICIA BTT ENDURO EBIKE 2026 - IBEROEBIKE 2026,2026-05-02,2026-05-02,Bicicleta de montaña,,MOAÑA,,España,ES,42.2819,-8.736,https://my.raceresult.com/396213/,Moaña,Morrazo,Pontevedra
396213,RESULTADOS TC3,,,59,CAMPIONATO DE GALICIA BTT ENDURO EBIKE 2026 - IBEROEBIKE 2026,2026-05-02,2026-05-02,Bicicleta de montaña,,MOAÑA,,España,ES,42.2819,-8.736,https://my.raceresult.com/396213/,Moaña,Morrazo,Pontevedra
396367,RESULTADOS TC5,,,102,CAMPIONATO DE GALICIA BTT ENDURO 2026 - ENDURRAZO 2026,2026-05-03,2026-05-03,Bicicleta de montaña,,MOAÑA,,España,ES,42.2819,-8.736,https://my.raceresult.com/396367/,Moaña,Morrazo,Pontevedra
396367,RESULTADOS TC1,,,70,CAMPIONATO DE GALICIA BTT ENDURO 2026 - ENDURRAZO 2026,2026-05-03,2026-05-03,Bicicleta de montaña,,MOAÑA,,España,ES,42.2819,-8.736,https://my.raceresult.com/396367/,Moaña,Morrazo,Pontevedra
396501,Team Adults,,,20,DEKA STRONG & MILE: Box Akyles,2026-05-09,2026-05-09,Otros,,Torre del Mar,,España,ES,39.716,-96.9997,https://my.raceresult.com/396501/,,Washington County,Kansas
396515,Team Adults,,,48,DEKA MILE: Entrena Per Tu,2026-05-09,2026-05-09,Otros,,Felanitx,,España,ES,39.716,-96.9997,https://my.raceresult.com/396515/,,Washington County,Kansas
396560,Parejas Mixtas,,,23,Hybiza Race 2026,2026-05-09,2026-05-09,Carrera de fitness,,Ibiza,,España,ES,38.909,1.4336,https://my.raceresult.com/396560/,Ibiza,Eivissa,Islas Baleares
396608,12k - General,,,33,LPGC Marcha Nórdica,2026-06-13,2026-06-13,Carreras de montaña,,Las Palmas de Gran Canaria,,España,ES,28.1361,-15.4374,https://my.raceresult.com/396608/,Las Palmas de Gran Canaria,,Las Palmas
397901,Online - Spain|DEKA FIT Teams,,,497,DEKA SEVILLA 2026,2026-05-16,2026-05-17,Otros,,Sevilla,,España,ES,37.4033,-5.9352,https://my.raceresult.com/397901/,Sevilla,,Sevilla
397906,Team Adults,,,21,DEKA MILE: Neo Cross Box,2026-05-16,2026-05-16,Otros,,Villena,,España,ES,39.716,-96.9997,https://my.raceresult.com/397906/,,Washington County,Kansas
397915,Team Adults,,,8,DEKA MILE: Gimnasio Losan,2026-05-16,2026-05-16,Otros,,PLASENCIA ,,España,ES,39.716,-96.9997,https://my.raceresult.com/397915/,,Washington County,Kansas
397925,Team Adults,,,4,DEKA MILE: Fitness Center RH,2026-05-16,2026-05-16,Otros,,,,España,ES,39.716,-96.9997,https://my.raceresult.com/397925/,,Washington County,Kansas
398871,Live,,,319,Cobra Race Mallorca Mayo 2026,2026-05-30,2026-05-30,Carrera de fitness,,Marratxí,,España,ES,39.5984,2.6939,https://my.raceresult.com/398871/,Marratxí,Raiguer,Islas Baleares
399411,Team Adults,,,36,DEKA MILE: AGÓN ENTRENAMIENTO,2026-05-17,2026-05-17,Otros,,Ibi,,España,ES,39.716,-96.9997,https://my.raceresult.com/399411/,,Washington County,Kansas
399626,Resultados,,,321,"Carrera Popular ""Noche de San Juan""",2026-06-19,2026-06-20,Running,5K,Coria del Rio,Sevilla,España,ES,37.2849,-6.0519,https://my.raceresult.com/399626/,Coria del Río,,Sevilla
399628,Live,,,14,Liga Híbrida Andalucía - Málaga,2026-05-16,2026-05-16,Carrera de Obstáculos,,Málaga,Sevilla,España,ES,36.7205,-4.4125,https://my.raceresult.com/399628/,Málaga,Málaga-Costa del Sol,Málaga
399860,CLASIFICACIONES UCI,,,277,G.P INTERNACIONAL XCO PENAS DE RODAS,2026-05-16,2026-05-17,Bicicleta de montaña,,LUGO,,España,ES,43.0231,-7.5533,https://my.raceresult.com/399860/,Lugo,Lugo,Lugo
399860,CLASIFICACIONES PROVISIONALES,,,274,G.P INTERNACIONAL XCO PENAS DE RODAS,2026-05-16,2026-05-17,Bicicleta de montaña,,LUGO,,España,ES,43.0231,-7.5533,https://my.raceresult.com/399860/,Lugo,Lugo,Lugo
400635,RESULTADOS TC1,,,269,MONTEFARO ENDURO RACE,2026-05-24,2026-05-24,Bicicleta de montaña,,MUGARDOS,,España,ES,43.4606,-8.2546,https://my.raceresult.com/400635/,Mugardos,Ferrol,La Coruña
400635,RESULTADOS TC5,,,222,MONTEFARO ENDURO RACE,2026-05-24,2026-05-24,Bicicleta de montaña,,MUGARDOS,,España,ES,43.4606,-8.2546,https://my.raceresult.com/400635/,Mugardos,Ferrol,La Coruña
400851,Team Adults,,,62,DEKA MILE: Cross Saiyan,2026-05-30,2026-05-30,Otros,,Villanueva del Pardillo,,España,ES,39.716,-96.9997,https://my.raceresult.com/400851/,,Washington County,Kansas
400890,Team Adults,,,17,DEKA MILE: Crosstraining Box Castellon,2026-05-30,2026-05-30,Otros,,,,España,ES,39.716,-96.9997,https://my.raceresult.com/400890/,,Washington County,Kansas
401273,Listas de Resultados|Listado General,,,108,XIII Carrera Popular Barranco Del Quíquere 2026,2026-08-01,2026-08-01,Running,"5K,10K",Tias,,España,ES,28.952,-13.6546,https://my.raceresult.com/401273/,Tías,,Las Palmas
402252,CLASIFICACIÓN FINAL,,,1687,X Carreira Nocturna SantYaGo10K,2026-05-30,2026-05-30,Running,10K,Santiago de Compostela,,España,ES,42.8835,-8.5403,https://my.raceresult.com/402252/,Santiago de Compostela,Santiago,La Coruña
402252,RESULTADOS EQUIPOS FEDERADOS,,,40,X Carreira Nocturna SantYaGo10K,2026-05-30,2026-05-30,Running,10K,Santiago de Compostela,,España,ES,42.8835,-8.5403,https://my.raceresult.com/402252/,Santiago de Compostela,Santiago,La Coruña
402384,Team Adults,,,8,DEKA STRONG & MILE: Box Olimpo,2026-06-06,2026-06-06,Otros,,,,España,ES,39.716,-96.9997,https://my.raceresult.com/402384/,,Washington County,Kansas
402384,Team Adult/Youth,,,1,DEKA STRONG & MILE: Box Olimpo,2026-06-06,2026-06-06,Otros,,,,España,ES,39.716,-96.9997,https://my.raceresult.com/402384/,,Washington County,Kansas
402389,Team Adults,,,40,DEKA MILE: 666 BOX OCAÑA MULTIFUNCIONAL,2026-06-06,2026-06-06,Otros,,Ocaña,,España,ES,39.716,-96.9997,https://my.raceresult.com/402389/,,Washington County,Kansas
402398,Team Adults,,,38,DEKA MILE: Bootcamp Valladolid,2026-06-06,2026-06-06,Otros,,,,España,ES,39.716,-96.9997,https://my.raceresult.com/402398/,,Washington County,Kansas
402417,Team Adults,,,21,DEKA MILE: Nalonbox,2026-06-06,2026-06-06,Otros,,,,España,ES,39.716,-96.9997,https://my.raceresult.com/402417/,,Washington County,Kansas
402421,Team Adults,,,20,DEKA MILE: CrossFit Tándem 55,2026-06-06,2026-06-06,Otros,,Vilafranca del Penedés,,España,ES,39.716,-96.9997,https://my.raceresult.com/402421/,,Washington County,Kansas
402424,Vivo,,,53,Zumeta Bike Race 2026,2026-05-30,2026-05-30,Bicicleta de montaña,,Santiago De La Espada,,España,ES,38.1115,-2.5522,https://my.raceresult.com/402424/,Santiago-Pontones,,Jaén
402424,43 Km,,,36,Zumeta Bike Race 2026,2026-05-30,2026-05-30,Bicicleta de montaña,,Santiago De La Espada,,España,ES,38.1115,-2.5522,https://my.raceresult.com/402424/,Santiago-Pontones,,Jaén
402461,Team Adults,,,31,DEKA MILE: La Carpa Sports,2026-06-06,2026-06-06,Otros,,Nave Sueca,,España,ES,39.716,-96.9997,https://my.raceresult.com/402461/,,Washington County,Kansas
402563,Live,0.0,16.0,16,AthlonX Moonfall,2026-07-25,2026-07-26,Carrera de Obstáculos,,Alicante,Alicante,España,ES,38.3456,-0.4855,https://my.raceresult.com/402563/,Alicante,L'Alacantí,Alicante
402818,Resultados,,,795,"Bosques Del Sur - Media, Mini y Peque",2026-06-06,2026-06-06,Carreras de montaña,,Cazorla,Jaén,España,ES,37.9141,-3.004,https://my.raceresult.com/402818/,Cazorla,,Jaén
403432,Resultados,,,87,The Hybrid Run Fuengirola,2026-09-12,2026-09-12,Carrera de fitness,,Fuengirola,Málaga,España,ES,36.5408,-4.6231,https://my.raceresult.com/403432/,Fuengirola,Costa del Sol Occidental,Málaga
403612,Live,,,21,SAC Series Junio 2026,2026-06-05,2026-06-06,Carrera de fitness,,Pollença,,España,ES,39.8777,3.0162,https://my.raceresult.com/403612/,Pollença,Sierra de Tramontana,Islas Baleares
403714,La Iruela,,,130,III Circuito CxM La Iruela,2026-08-09,2026-08-09,Carreras de montaña,,La Iruela,Jaén,España,ES,37.9199,-2.9966,https://my.raceresult.com/403714/,La Iruela,,Jaén
403714,Arroyo Frío,,,115,III Circuito CxM La Iruela,2026-08-09,2026-08-09,Carreras de montaña,,La Iruela,Jaén,España,ES,37.9199,-2.9966,https://my.raceresult.com/403714/,La Iruela,,Jaén
403714,Circuito,,,63,III Circuito CxM La Iruela,2026-08-09,2026-08-09,Carreras de montaña,,La Iruela,Jaén,España,ES,37.9199,-2.9966,https://my.raceresult.com/403714/,La Iruela,,Jaén
404045,Clasificación General,,,37,Supercampeonato de Canarias de MTB,2026-06-20,2026-06-21,Ciclismo,,,,España,ES,40.091,-3.4646,https://my.raceresult.com/404045/,Colmenar de Oreja,,Comunidad de Madrid
404074,Trail General,,,133,Tias bike Race 2026,2026-06-14,2026-06-14,Bicicleta de montaña,,Tias,,España,ES,28.9543,-13.6516,https://my.raceresult.com/404074/,Tías,,Las Palmas
404074,MTB General,,,127,Tias bike Race 2026,2026-06-14,2026-06-14,Bicicleta de montaña,,Tias,,España,ES,28.9543,-13.6516,https://my.raceresult.com/404074/,Tías,,Las Palmas
405500,Team Adults,,,9,DEKA STRONG & MILE: RED RIBBON ACADEMY,2026-06-20,2026-06-21,Otros,,Reus,,España,ES,39.716,-96.9997,https://my.raceresult.com/405500/,,Washington County,Kansas
406727,Clasificación General,,,101,XCO AJEI 2026 [MTB Escuelas],2026-06-20,2026-06-21,Ciclismo,,,,España,ES,40.091,-3.4646,https://my.raceresult.com/406727/,Colmenar de Oreja,,Comunidad de Madrid
406729,Clasificación General,,,32,XCO AJEI 2026 [Short Track],2026-06-20,2026-06-21,Ciclismo,,,,España,ES,40.091,-3.4646,https://my.raceresult.com/406729/,Colmenar de Oreja,,Comunidad de Madrid
406730,Clasificación General,,,79,XCO AJEI 2026 [XCO-MTB Ajei],2026-06-20,2026-06-21,Ciclismo,,,,España,ES,40.091,-3.4646,https://my.raceresult.com/406730/,Colmenar de Oreja,,Comunidad de Madrid
406910,Team Adults,,,36,DEKA MILE: Hiberus training box,2026-06-27,2026-06-27,Otros,,nave,,España,ES,39.716,-96.9997,https://my.raceresult.com/406910/,,Washington County,Kansas
406913,Team Adults,,,22,DEKA MILE: NSTOP,2026-06-27,2026-06-27,Otros,,Bajo,,España,ES,39.716,-96.9997,https://my.raceresult.com/406913/,,Washington County,Kansas
407182,Team Adults,,,17,DEKA MILE: Nilfit Box Valdemoro,2026-06-28,2026-06-28,Otros,,Valdemoro,,España,ES,39.716,-96.9997,https://my.raceresult.com/407182/,,Washington County,Kansas
407666,Listas de Resultados|Lista de Resulados vueltas2,0.0,11.0,11,Fungo Stadium Toyota Gamo Bahia,2026-06-20,2026-06-21,Carrera de fitness,,Cádiz,,España,ES,36.531,-6.2956,https://my.raceresult.com/407666/,Cádiz,Bahía de Cádiz,Cádiz
408145,Team Adults,,,31,DEKA MILE: KGM TRAINING,2026-07-04,2026-07-04,Otros,,Elda,,España,ES,39.716,-96.9997,https://my.raceresult.com/408145/,,Washington County,Kansas
408165,Team Adults,,,19,DEKA STRONG & MILE: TOLETVM CROSSFIT,2026-07-04,2026-07-05,Otros,,Castilla-La Mancha,,España,ES,39.716,-96.9997,https://my.raceresult.com/408165/,,Washington County,Kansas
408284,Team Adults,,,43,DEKA STRONG & MILE: Happy Gym Magaluf,2026-07-04,2026-07-05,Otros,,Calvià,,España,ES,39.716,-96.9997,https://my.raceresult.com/408284/,,Washington County,Kansas
409310,Live,,,100,DEKA Happy Gym Calvià 2026,2026-07-04,2026-07-05,Carrera de fitness,,Calvià,,España,ES,39.5667,2.508,https://my.raceresult.com/409310/,Calvià,Sierra de Tramontana,Islas Baleares
409570,02-RESULTADOS|01.Live,,,74,II Carrera Popular Valdepeñas,2026-08-29,2026-08-29,Carreras de montaña,,Valdepeñas de Jaén,Jaén,España,ES,37.59,-3.8153,https://my.raceresult.com/409570/,Valdepeñas de Jaén,,Jaén
409630,Premiados general,11.0,12.0,23,XXII Travesía San Juan,2026-07-04,2026-07-04,Natación,,Arrecife,,España,ES,28.962,-13.5519,https://my.raceresult.com/409630/,Arrecife,,Las Palmas
409630,Clasificación General,9.0,10.0,19,XXII Travesía San Juan,2026-07-04,2026-07-04,Natación,,Arrecife,,España,ES,28.962,-13.5519,https://my.raceresult.com/409630/,Arrecife,,Las Palmas
409643,Clasificación Individual,,,12,Sylex 2026,2026-07-04,2026-07-04,Carrera de fitness,,,,España,ES,40.091,-3.4646,https://my.raceresult.com/409643/,Colmenar de Oreja,,Comunidad de Madrid
409643,Clasificación Coach,,,11,Sylex 2026,2026-07-04,2026-07-04,Carrera de fitness,,,,España,ES,40.091,-3.4646,https://my.raceresult.com/409643/,Colmenar de Oreja,,Comunidad de Madrid
410280,Resultados,,,165,XX Carrera Popular Ciudad de Quesada,2026-08-23,2026-08-23,Running,5K,Quesada,,España,ES,37.8468,-3.068,https://my.raceresult.com/410280/,Quesada,,Jaén
410443,Online - Spain|DEKA FIT Teams,,,1014,DEKA MADRID 2026,2026-07-18,2026-07-19,Otros,,Madrid,,España,ES,40.4128,-3.7337,https://my.raceresult.com/410443/,Madrid,,Comunidad de Madrid
410443,Online - Spain|DEKA MILE Teams,,,149,DEKA MADRID 2026,2026-07-18,2026-07-19,Otros,,Madrid,,España,ES,40.4128,-3.7337,https://my.raceresult.com/410443/,Madrid,,Comunidad de Madrid
410682,CLASIFICACION SCRATCH,,,76,COPA DE ESPAÑA PUMPTRACK XOVE- IV GRAN PREMIO CONCELLO DE XOVE,2026-07-11,2026-07-11,Ciclismo,,XOVE,,España,ES,43.6852,-7.5115,https://my.raceresult.com/410682/,Xove,Mariña Occidental,Lugo
410757,CLT. PROVISIONALES M. FINAL,,,136,XIII DHU VILLA DE SARRIA 2026,2026-07-12,2026-07-12,Bicicleta de montaña,,SARRIA,,España,ES,42.7813,-7.4139,https://my.raceresult.com/410757/,Sarria,Sarria,Lugo
410757,CLT. PROVISIONALES M. FINAL- UCI,76.0,3.0,79,XIII DHU VILLA DE SARRIA 2026,2026-07-12,2026-07-12,Bicicleta de montaña,,SARRIA,,España,ES,42.7813,-7.4139,https://my.raceresult.com/410757/,Sarria,Sarria,Lugo
411556,En línea|En vivo,,,79,Masdache Run 2026,2026-07-19,2026-07-19,Running,5K,Tias,,España,ES,28.9201,-13.6596,https://my.raceresult.com/411556/,Tías,,Las Palmas
411799,CLT. PROVISIONALES M. FINAL,,,97,III MINIDH ENDURRAZO 2026,2026-07-19,2026-07-19,Bicicleta de montaña,,MOAÑA,,España,ES,42.2849,-8.7822,https://my.raceresult.com/411799/,Cangas de Morrazo,Morrazo,Pontevedra
411928,Resultados Relevos,,,24,XVI TRAVESÍA A NADO COSTA SERENA-GRAN PREMIO CONCELLO DE NIGRÁN,2026-07-19,2026-07-19,Natación,,Vigo,,España,ES,42.1279,-8.8177,https://my.raceresult.com/411928/,Nigrán,Vigo,Pontevedra
412070,Online|Live resultados,,,50,CARRILANAS ESTEIRO 2026,2026-07-18,2026-07-18,Otros,,Esteiro (Muros),,España,ES,42.7746,-9.0576,https://my.raceresult.com/412070/,Muros,Muros,La Coruña
412682,Team Adults,,,30,DEKA MILE: Xclusive FIT,2026-08-01,2026-08-02,Otros,,El Campello,,España,ES,39.716,-96.9997,https://my.raceresult.com/412682/,,Washington County,Kansas
412977,CLT. PROVISIONALES M. FINAL,,,73,CAMPIONATO DE GALICIA DE DHI 2026 - XUNQUEIRA DE ESPADANEDO,2026-07-26,2026-07-26,Bicicleta de montaña,,XUNQUEIRA DE ESPADANEDO,,España,ES,42.3186,-7.6292,https://my.raceresult.com/412977/,Xunqueira de Espadanedo,Allariz-Maceda,Ourense
415278,Downtown Marisquiño 2026,50.0,3.0,53,MTB DOWNTOWN MARISQUIÑO,2026-08-09,2026-08-09,Bicicleta de montaña,,Vigo,Pontevedra,España,ES,42.2167,-8.7169,https://my.raceresult.com/415278/,Vigo,Vigo,Pontevedra
415523,Clasificación General,,,48,Vertical Famara Total By European Sports Destination 2026,2026-08-13,2026-08-13,Running,,,,España,ES,40.091,-3.4646,https://my.raceresult.com/415523/,Colmenar de Oreja,,Comunidad de Madrid
416776,01-PARTICIPANTES|Listado Completo,,,339,Sierra Nevada Skyrunning,2026-08-22,2026-08-23,Carreras de montaña,,Pradollano,Granada,España,ES,37.52,-5.8365,https://my.raceresult.com/416776/,Carmona,,Sevilla
417859,CLASIFICACION SCRATCH,146.0,36.0,182,CAMPEONATO ESPAÑA PUMPTRACK 2026 - V PUMPTRACK NOCTURNO MONDARIZ,2026-08-22,2026-08-23,Bicicleta de montaña,,PONTEAREAS,,España,ES,42.2107,-8.4993,https://my.raceresult.com/417859/,Ponteareas,O Condado,Pontevedra
418677,Team Adults,,,14,DEKA MILE: SIRONBOX,2026-09-05,2026-09-05,Otros,,FIGUERES ,,España,ES,39.716,-96.9997,https://my.raceresult.com/418677/,,Washington County,Kansas
418766,CLASIFICACION JUNIOR 1º,,,60,VIII CHALLENGE JUNIOR CARBALLO - Etapa 1 CRI,2026-08-28,2026-08-28,Ciclismo,,Carballo,,España,ES,43.2127,-8.6911,https://my.raceresult.com/418766/,Carballo,Bergantiños,La Coruña
418766,CLASIFICACION EQUIPOS,,,42,VIII CHALLENGE JUNIOR CARBALLO - Etapa 1 CRI,2026-08-28,2026-08-28,Ciclismo,,Carballo,,España,ES,43.2127,-8.6911,https://my.raceresult.com/418766/,Carballo,Bergantiños,La Coruña
418770,GENERAL ETAPA 1,,,99,VIII CHALLENGER JUNIOR CARBALLO,2026-08-28,2026-08-30,Ciclismo,,CARBALLO,,España,ES,43.2127,-8.6911,https://my.raceresult.com/418770/,Carballo,Bergantiños,La Coruña
418770,GENERAL ETAPA 1-2,,,80,VIII CHALLENGER JUNIOR CARBALLO,2026-08-28,2026-08-30,Ciclismo,,CARBALLO,,España,ES,43.2127,-8.6911,https://my.raceresult.com/418770/,Carballo,Bergantiños,La Coruña
418770,GENERAL CHALLENGE,,,72,VIII CHALLENGER JUNIOR CARBALLO,2026-08-28,2026-08-30,Ciclismo,,CARBALLO,,España,ES,43.2127,-8.6911,https://my.raceresult.com/418770/,Carballo,Bergantiños,La Coruña
418770,GENERAL ETAPA  1 - JUNIOR 1º,,,59,VIII CHALLENGER JUNIOR CARBALLO,2026-08-28,2026-08-30,Ciclismo,,CARBALLO,,España,ES,43.2127,-8.6911,https://my.raceresult.com/418770/,Carballo,Bergantiños,La Coruña
418770,GENERAL ETAPA  1-2 - JUNIOR 1º,,,46,VIII CHALLENGER JUNIOR CARBALLO,2026-08-28,2026-08-30,Ciclismo,,CARBALLO,,España,ES,43.2127,-8.6911,https://my.raceresult.com/418770/,Carballo,Bergantiños,La Coruña
418770,GENERAL ETAPA  1 - EQUIPOS,,,42,VIII CHALLENGER JUNIOR CARBALLO,2026-08-28,2026-08-30,Ciclismo,,CARBALLO,,España,ES,43.2127,-8.6911,https://my.raceresult.com/418770/,Carballo,Bergantiños,La Coruña
418770,GENERAL ETAPA  1 - GALICIA,,,33,VIII CHALLENGER JUNIOR CARBALLO,2026-08-28,2026-08-30,Ciclismo,,CARBALLO,,España,ES,43.2127,-8.6911,https://my.raceresult.com/418770/,Carballo,Bergantiños,La Coruña
418770,GENERAL CHALLENGE - GALICIA,,,20,VIII CHALLENGER JUNIOR CARBALLO,2026-08-28,2026-08-30,Ciclismo,,CARBALLO,,España,ES,43.2127,-8.6911,https://my.raceresult.com/418770/,Carballo,Bergantiños,La Coruña
418770,GENERAL ETAPA 1-2 - EQUIPOS,,,13,VIII CHALLENGER JUNIOR CARBALLO,2026-08-28,2026-08-30,Ciclismo,,CARBALLO,,España,ES,43.2127,-8.6911,https://my.raceresult.com/418770/,Carballo,Bergantiños,La Coruña
418770,GENERAL CHALLENGE - EQUIPOS,,,12,VIII CHALLENGER JUNIOR CARBALLO,2026-08-28,2026-08-30,Ciclismo,,CARBALLO,,España,ES,43.2127,-8.6911,https://my.raceresult.com/418770/,Carballo,Bergantiños,La Coruña
418770,GENERAL CHALLENGE - MV,,,11,VIII CHALLENGER JUNIOR CARBALLO,2026-08-28,2026-08-30,Ciclismo,,CARBALLO,,España,ES,43.2127,-8.6911,https://my.raceresult.com/418770/,Carballo,Bergantiños,La Coruña
418770,GENERAL CHALLENGE-PM,,,8,VIII CHALLENGER JUNIOR CARBALLO,2026-08-28,2026-08-30,Ciclismo,,CARBALLO,,España,ES,43.2127,-8.6911,https://my.raceresult.com/418770/,Carballo,Bergantiños,La Coruña
418770,GENERAL ETAPA 1-2 -PM,,,4,VIII CHALLENGER JUNIOR CARBALLO,2026-08-28,2026-08-30,Ciclismo,,CARBALLO,,España,ES,43.2127,-8.6911,https://my.raceresult.com/418770/,Carballo,Bergantiños,La Coruña
418933,Team Adults,,,7,DEKA STRONG & MILE: Box Akyles,2026-09-06,2026-09-06,Otros,,Torre del Mar,,España,ES,39.716,-96.9997,https://my.raceresult.com/418933/,,Washington County,Kansas
419334,CLASIFICACION CATEGORIAS,,,184,COPA ESPAÑA PUMPTRACK MAESE OURENSE,2026-08-30,2026-08-30,Bicicleta de montaña,,OURENSE,,España,ES,42.1388,-8.1583,https://my.raceresult.com/419334/,Padrenda,Tierra de Celanova,Ourense
420299,Etapa 1 CICLISTAS VOLTA,93.0,7.0,100,VOLTA GALICIA BTT 2026,2026-09-03,2026-09-06,Bicicleta de montaña,,Lalín,,España,ES,42.6615,-8.1122,https://my.raceresult.com/420299/,Lalín,Deza,Pontevedra
421576,Team Adults,,,11,DEKA STRONG: Hybiza Athletes,2026-09-12,2026-09-12,Otros,,"ibiza, ",,España,ES,39.716,-96.9997,https://my.raceresult.com/421576/,,Washington County,Kansas
7123,Ergebnislisten|Ergebnisliste Overall,,,12,Tristar Zeitfahren Cambrils 2011,2011-04-29,2011-04-29,Ciclismo,,Cambrils,,España,ES,0.0,0.0,https://my.raceresult.com/7123/,,,
97872,Clasificación general,141.0,84.0,225,Ironkids Lanzarote 2018,2018-05-25,2018-05-25,Triatlón,,Puerto del Carmen,,España,ES,28.9197,-13.6507,https://my.raceresult.com/97872/,Tías,,Las Palmas
